player_name,position,origin_season,origin_week,target_season,target_week,horizon_step,y_true,y_pred,target_played,forecast_age_days,prediction_ci_low,prediction_ci_high,forecast_start_week
A.J. Brown,WR,2026,3,2026,4,1,0.0,11.419983863830566,False,0,0.3213684082031243,26.13574380874632,4
A.J. Brown,WR,2026,3,2026,5,2,0.0,11.854659080505371,False,7,0.0,26.015971565246574,4
A.J. Brown,WR,2026,3,2026,6,3,0.0,12.424854278564453,False,14,0.0,25.95408353805541,4
A.J. Brown,WR,2026,3,2026,7,4,0.0,12.744135856628418,False,21,0.0,26.295688343048084,4
A.J. Brown,WR,2026,3,2026,8,5,0.0,12.944079399108887,False,28,0.0,25.887072014808652,4
A.J. Brown,WR,2026,3,2026,9,6,0.0,13.126802444458008,False,35,0.0,25.3434944152832,4
A.J. Brown,WR,2026,3,2026,10,7,0.0,13.309176445007324,False,42,0.0,24.92273254394531,4
A.J. Brown,WR,2026,3,2026,11,8,0.0,13.456869125366211,False,49,0.0,24.473796653747552,4
A.J. Brown,WR,2026,3,2026,12,9,0.0,13.508057594299316,False,56,0.0,23.413936042785615,4
A.J. Brown,WR,2026,3,2026,13,10,0.0,13.53209400177002,False,63,0.0,22.8030663728714,4
A.J. Brown,WR,2026,3,2026,14,11,0.0,13.493680000305176,False,70,0.0,22.496324396133414,4
A.J. Brown,WR,2026,3,2026,15,12,0.0,13.4293851852417,False,77,0.0,21.876220035552972,4
A.J. Brown,WR,2026,3,2026,16,13,0.0,13.375967979431152,False,84,0.0,21.022956466674795,4
A.J. Brown,WR,2026,3,2026,17,14,0.0,13.318754196166992,False,91,0.0,18.93193352222442,4
AJ Dillon,RB,2026,3,2026,4,1,0.0,1.0860686302185059,False,0,0.0,15.801828575134259,4
AJ Dillon,RB,2026,3,2026,5,2,0.0,1.0962257385253906,False,7,0.0,15.257538223266595,4
AJ Dillon,RB,2026,3,2026,6,3,0.0,1.2012338638305664,False,14,0.0,14.730463123321524,4
AJ Dillon,RB,2026,3,2026,7,4,0.0,1.1951082944869995,False,21,0.0,14.746660780906664,4
AJ Dillon,RB,2026,3,2026,8,5,0.0,1.2227267026901245,False,28,0.0,14.16571931838989,4
AJ Dillon,RB,2026,3,2026,9,6,0.0,1.298641562461853,False,35,0.0,13.515333533287045,4
AJ Dillon,RB,2026,3,2026,10,7,0.0,1.4290666580200195,False,42,0.0,13.042622756958004,4
AJ Dillon,RB,2026,3,2026,11,8,0.0,1.597901701927185,False,49,0.0,12.614829230308526,4
AJ Dillon,RB,2026,3,2026,12,9,0.0,1.7711825370788574,False,56,0.0,11.677060985565157,4
AJ Dillon,RB,2026,3,2026,13,10,0.0,1.9048864841461182,False,63,0.0,11.175858855247498,4
AJ Dillon,RB,2026,3,2026,14,11,0.0,1.9806028604507446,False,70,0.0,10.983247256278982,4
AJ Dillon,RB,2026,3,2026,15,12,0.0,2.0670175552368164,False,77,0.0,10.51385240554809,4
AJ Dillon,RB,2026,3,2026,16,13,0.0,2.134937286376953,False,84,0.0,9.781925773620596,4
AJ Dillon,RB,2026,3,2026,17,14,0.0,2.183530569076538,False,91,0.0,7.796709895133966,4
Aaron Jones,RB,2026,3,2026,4,1,0.0,12.080148696899414,False,0,0.981533241271972,26.795908641815167,4
Aaron Jones,RB,2026,3,2026,5,2,0.0,12.325562477111816,False,7,0.0,26.48687496185302,4
Aaron Jones,RB,2026,3,2026,6,3,0.0,12.87463665008545,False,14,0.0,26.403865909576407,4
Aaron Jones,RB,2026,3,2026,7,4,0.0,13.210576057434082,False,21,0.0,26.76212854385375,4
Aaron Jones,RB,2026,3,2026,8,5,0.0,13.392570495605469,False,28,0.0,26.335563111305234,4
Aaron Jones,RB,2026,3,2026,9,6,0.0,13.56385326385498,False,35,0.0,25.780545234680172,4
Aaron Jones,RB,2026,3,2026,10,7,0.0,13.78332805633545,False,42,0.0,25.396884155273433,4
Aaron Jones,RB,2026,3,2026,11,8,0.0,14.027569770812988,False,49,0.0,25.04449729919433,4
Aaron Jones,RB,2026,3,2026,12,9,0.0,14.207560539245605,False,56,0.0,24.113438987731904,4
Aaron Jones,RB,2026,3,2026,13,10,0.0,14.359947204589844,False,63,0.0,23.630919575691223,4
Aaron Jones,RB,2026,3,2026,14,11,0.0,14.393160820007324,False,70,0.0,23.395805215835562,4
Aaron Jones,RB,2026,3,2026,15,12,0.0,14.36523151397705,False,77,0.0,22.812066364288324,4
Aaron Jones,RB,2026,3,2026,16,13,0.0,14.334925651550293,False,84,0.0,21.981914138793936,4
Aaron Jones,RB,2026,3,2026,17,14,0.0,14.286299705505371,False,91,0.0,19.899479031562798,4
Adam Prentice,RB,2026,3,2026,4,1,0.0,1.103266954421997,False,0,0.0,15.81902689933775,4
Adam Prentice,RB,2026,3,2026,5,2,0.0,1.1992862224578857,False,7,0.0,15.36059870719909,4
Adam Prentice,RB,2026,3,2026,6,3,0.0,1.320690631866455,False,14,0.0,14.849919891357413,4
Adam Prentice,RB,2026,3,2026,7,4,0.0,1.3214324712753296,False,21,0.0,14.872984957694994,4
Adam Prentice,RB,2026,3,2026,8,5,0.0,1.336954951286316,False,28,0.0,14.279947566986081,4
Adam Prentice,RB,2026,3,2026,9,6,0.0,1.3511813879013062,False,35,0.0,13.567873358726498,4
Adam Prentice,RB,2026,3,2026,10,7,0.0,1.398173213005066,False,42,0.0,13.01172931194305,4
Adam Prentice,RB,2026,3,2026,11,8,0.0,1.465085506439209,False,49,0.0,12.48201303482055,4
Adam Prentice,RB,2026,3,2026,12,9,0.0,1.524272084236145,False,56,0.0,11.430150532722445,4
Adam Prentice,RB,2026,3,2026,13,10,0.0,1.570328712463379,False,63,0.0,10.841301083564758,4
Adam Prentice,RB,2026,3,2026,14,11,0.0,1.5909570455551147,False,70,0.0,10.593601441383353,4
Adam Prentice,RB,2026,3,2026,15,12,0.0,1.6360899209976196,False,77,0.0,10.082924771308893,4
Adam Prentice,RB,2026,3,2026,16,13,0.0,1.6790302991867065,False,84,0.0,9.32601878643035,4
Adam Prentice,RB,2026,3,2026,17,14,0.0,1.7165788412094116,False,91,0.0,7.3297581672668395,4
Adonai Mitchell,WR,2026,3,2026,4,1,0.0,10.06560230255127,False,0,0.0,24.781362247467023,4
Adonai Mitchell,WR,2026,3,2026,5,2,0.0,10.49547290802002,False,7,0.0,24.656785392761222,4
Adonai Mitchell,WR,2026,3,2026,6,3,0.0,10.689974784851074,False,14,0.0,24.219204044342032,4
Adonai Mitchell,WR,2026,3,2026,7,4,0.0,10.696476936340332,False,21,0.0,24.24802942276,4
Adonai Mitchell,WR,2026,3,2026,8,5,0.0,10.481871604919434,False,28,0.0,23.4248642206192,4
Adonai Mitchell,WR,2026,3,2026,9,6,0.0,10.1211576461792,False,35,0.0,22.33784961700439,4
Adonai Mitchell,WR,2026,3,2026,10,7,0.0,9.703608512878418,False,42,0.0,21.317164611816402,4
Adonai Mitchell,WR,2026,3,2026,11,8,0.0,9.232695579528809,False,49,0.0,20.24962310791015,4
Adonai Mitchell,WR,2026,3,2026,12,9,0.0,8.706330299377441,False,56,0.0,18.61220874786374,4
Adonai Mitchell,WR,2026,3,2026,13,10,0.0,8.256717681884766,False,63,0.0,17.527690052986145,4
Adonai Mitchell,WR,2026,3,2026,14,11,0.0,7.956294059753418,False,70,0.0,16.958938455581656,4
Adonai Mitchell,WR,2026,3,2026,15,12,0.0,7.747841835021973,False,77,0.0,16.194676685333246,4
Adonai Mitchell,WR,2026,3,2026,16,13,0.0,7.59778356552124,False,84,0.0,15.244772052764883,4
Adonai Mitchell,WR,2026,3,2026,17,14,0.0,7.510872840881348,False,91,0.0,13.124052166938775,4
Alec Ingold,RB,2026,3,2026,4,1,0.0,0.8813451528549194,False,0,0.0,15.597105097770672,4
Alec Ingold,RB,2026,3,2026,5,2,0.0,0.961518406867981,False,7,0.0,15.122830891609185,4
Alec Ingold,RB,2026,3,2026,6,3,0.0,1.0447430610656738,False,14,0.0,14.573972320556631,4
Alec Ingold,RB,2026,3,2026,7,4,0.0,1.014015793800354,False,21,0.0,14.565568280220019,4
Alec Ingold,RB,2026,3,2026,8,5,0.0,1.0137666463851929,False,28,0.0,13.956759262084958,4
Alec Ingold,RB,2026,3,2026,9,6,0.0,1.0371973514556885,False,35,0.0,13.25388932228088,4
Alec Ingold,RB,2026,3,2026,10,7,0.0,1.1041902303695679,False,42,0.0,12.717746329307552,4
Alec Ingold,RB,2026,3,2026,11,8,0.0,1.1965686082839966,False,49,0.0,12.213496136665338,4
Alec Ingold,RB,2026,3,2026,12,9,0.0,1.2883094549179077,False,56,0.0,11.194187903404208,4
Alec Ingold,RB,2026,3,2026,13,10,0.0,1.3536301851272583,False,63,0.0,10.624602556228638,4
Alec Ingold,RB,2026,3,2026,14,11,0.0,1.3859628438949585,False,70,0.0,10.388607239723196,4
Alec Ingold,RB,2026,3,2026,15,12,0.0,1.441967487335205,False,77,0.0,9.888802337646478,4
Alec Ingold,RB,2026,3,2026,16,13,0.0,1.4894609451293945,False,84,0.0,9.136449432373038,4
Alec Ingold,RB,2026,3,2026,17,14,0.0,1.528175950050354,False,91,0.0,7.141355276107782,4
Alec Pierce,WR,2026,3,2026,4,1,0.0,8.312996864318848,False,0,0.0,23.0287568092346,4
Alec Pierce,WR,2026,3,2026,5,2,0.0,8.237399101257324,False,7,0.0,22.398711585998527,4
Alec Pierce,WR,2026,3,2026,6,3,0.0,8.689360618591309,False,14,0.0,22.218589878082266,4
Alec Pierce,WR,2026,3,2026,7,4,0.0,9.236283302307129,False,21,0.0,22.787835788726795,4
Alec Pierce,WR,2026,3,2026,8,5,0.0,10.06094741821289,False,28,0.0,23.003940033912656,4
Alec Pierce,WR,2026,3,2026,9,6,0.0,11.141051292419434,False,35,0.0,23.357743263244625,4
Alec Pierce,WR,2026,3,2026,10,7,0.0,12.12519645690918,False,42,0.0,23.738752555847164,4
Alec Pierce,WR,2026,3,2026,11,8,0.0,12.879826545715332,False,49,0.0,23.896754074096673,4
Alec Pierce,WR,2026,3,2026,12,9,0.0,13.354461669921875,False,56,0.0,23.260340118408173,4
Alec Pierce,WR,2026,3,2026,13,10,0.0,13.724464416503906,False,63,0.0,22.995436787605286,4
Alec Pierce,WR,2026,3,2026,14,11,0.0,13.893044471740723,False,70,0.0,22.89568886756896,4
Alec Pierce,WR,2026,3,2026,15,12,0.0,13.933367729187012,False,77,0.0,22.380202579498285,4
Alec Pierce,WR,2026,3,2026,16,13,0.0,13.939467430114746,False,84,0.0,21.58645591735839,4
Alec Pierce,WR,2026,3,2026,17,14,0.0,13.912001609802246,False,91,0.0,19.525180935859673,4
Alvin Kamara,RB,2026,3,2026,4,1,0.0,8.904675483703613,False,0,0.0,23.620435428619366,4
Alvin Kamara,RB,2026,3,2026,5,2,0.0,8.7922945022583,False,7,0.0,22.953606986999503,4
Alvin Kamara,RB,2026,3,2026,6,3,0.0,8.667326927185059,False,14,0.0,22.196556186676016,4
Alvin Kamara,RB,2026,3,2026,7,4,0.0,8.492234230041504,False,21,0.0,22.04378671646117,4
Alvin Kamara,RB,2026,3,2026,8,5,0.0,8.159405708312988,False,28,0.0,21.102398324012754,4
Alvin Kamara,RB,2026,3,2026,9,6,0.0,7.715975284576416,False,35,0.0,19.932667255401608,4
Alvin Kamara,RB,2026,3,2026,10,7,0.0,7.234303951263428,False,42,0.0,18.84786005020141,4
Alvin Kamara,RB,2026,3,2026,11,8,0.0,6.724268436431885,False,49,0.0,17.741195964813226,4
Alvin Kamara,RB,2026,3,2026,12,9,0.0,6.160425662994385,False,56,0.0,16.066304111480683,4
Alvin Kamara,RB,2026,3,2026,13,10,0.0,5.689789295196533,False,63,0.0,14.960761666297913,4
Alvin Kamara,RB,2026,3,2026,14,11,0.0,5.405628204345703,False,70,0.0,14.408272600173941,4
Alvin Kamara,RB,2026,3,2026,15,12,0.0,5.221277713775635,False,77,0.0,13.668112564086908,4
Alvin Kamara,RB,2026,3,2026,16,13,0.0,5.090358734130859,False,84,0.0,12.737347221374502,4
Alvin Kamara,RB,2026,3,2026,17,14,0.0,5.019428253173828,False,91,0.0,10.632607579231255,4
Ameer Abdullah,RB,2026,3,2026,4,1,0.0,1.8201966285705566,False,0,0.0,16.53595657348631,4
Ameer Abdullah,RB,2026,3,2026,5,2,0.0,1.872714638710022,False,7,0.0,16.034027123451224,4
Ameer Abdullah,RB,2026,3,2026,6,3,0.0,1.8938002586364746,False,14,0.0,15.423029518127432,4
Ameer Abdullah,RB,2026,3,2026,7,4,0.0,1.808188796043396,False,21,0.0,15.35974128246306,4
Ameer Abdullah,RB,2026,3,2026,8,5,0.0,1.6996358633041382,False,28,0.0,14.642628479003903,4
Ameer Abdullah,RB,2026,3,2026,9,6,0.0,1.5660144090652466,False,35,0.0,13.782706379890438,4
Ameer Abdullah,RB,2026,3,2026,10,7,0.0,1.449346661567688,False,42,0.0,13.062902760505672,4
Ameer Abdullah,RB,2026,3,2026,11,8,0.0,1.3838480710983276,False,49,0.0,12.400775599479669,4
Ameer Abdullah,RB,2026,3,2026,12,9,0.0,1.3542109727859497,False,56,0.0,11.26008942127225,4
Ameer Abdullah,RB,2026,3,2026,13,10,0.0,1.3536096811294556,False,63,0.0,10.624582052230835,4
Ameer Abdullah,RB,2026,3,2026,14,11,0.0,1.3448888063430786,False,70,0.0,10.347533202171316,4
Ameer Abdullah,RB,2026,3,2026,15,12,0.0,1.3687849044799805,False,77,0.0,9.815619754791253,4
Ameer Abdullah,RB,2026,3,2026,16,13,0.0,1.3925403356552124,False,84,0.0,9.039528822898856,4
Ameer Abdullah,RB,2026,3,2026,17,14,0.0,1.4198521375656128,False,91,0.0,7.033031463623041,4
Amon-Ra St. Brown,WR,2026,3,2026,4,1,0.0,18.562305450439453,False,0,7.463689994812011,33.278065395355206,4
Amon-Ra St. Brown,WR,2026,3,2026,5,2,0.0,21.82954978942871,False,7,8.162255573272704,35.99086227416991,4
Amon-Ra St. Brown,WR,2026,3,2026,6,3,0.0,22.179460525512695,False,14,8.05187520980835,35.708689785003656,4
Amon-Ra St. Brown,WR,2026,3,2026,7,4,0.0,22.394268035888672,False,21,8.106513786315919,35.94582052230834,4
Amon-Ra St. Brown,WR,2026,3,2026,8,5,0.0,22.60752296447754,False,28,8.169072723388672,35.550515580177304,4
Amon-Ra St. Brown,WR,2026,3,2026,9,6,0.0,22.76338005065918,False,35,8.229978847503661,34.980072021484375,4
Amon-Ra St. Brown,WR,2026,3,2026,10,7,0.0,22.868125915527344,False,42,8.262473201751709,34.48168201446533,4
Amon-Ra St. Brown,WR,2026,3,2026,11,8,0.0,22.954444885253906,False,49,8.298996639251708,33.97137241363525,4
Amon-Ra St. Brown,WR,2026,3,2026,12,9,0.0,22.964454650878906,False,56,8.26263761520386,32.870333099365205,4
Amon-Ra St. Brown,WR,2026,3,2026,13,10,0.0,22.96578598022461,False,63,8.20105905532837,32.23675835132599,4
Amon-Ra St. Brown,WR,2026,3,2026,14,11,0.0,22.919281005859375,False,70,8.108007335662842,31.921925401687613,4
Amon-Ra St. Brown,WR,2026,3,2026,15,12,0.0,22.80687141418457,False,77,7.964066410064698,31.253706264495843,4
Amon-Ra St. Brown,WR,2026,3,2026,16,13,0.0,22.618009567260742,False,84,7.765412044525146,30.264998054504385,4
Amon-Ra St. Brown,WR,2026,3,2026,17,14,0.0,22.400527954101562,False,91,7.517235088348389,28.01370728015899,4
Andrei Iosivas,WR,2026,3,2026,4,1,0.0,2.5630571842193604,False,0,0.0,17.278817129135113,4
Andrei Iosivas,WR,2026,3,2026,5,2,0.0,2.2580974102020264,False,7,0.0,16.41940989494323,4
Andrei Iosivas,WR,2026,3,2026,6,3,0.0,2.176687240600586,False,14,0.0,15.705916500091543,4
Andrei Iosivas,WR,2026,3,2026,7,4,0.0,2.076824903488159,False,21,0.0,15.628377389907824,4
Andrei Iosivas,WR,2026,3,2026,8,5,0.0,1.9971050024032593,False,28,0.0,14.940097618103025,4
Andrei Iosivas,WR,2026,3,2026,9,6,0.0,1.9013965129852295,False,35,0.0,14.118088483810421,4
Andrei Iosivas,WR,2026,3,2026,10,7,0.0,1.8450082540512085,False,42,0.0,13.458564352989193,4
Andrei Iosivas,WR,2026,3,2026,11,8,0.0,1.850793719291687,False,49,0.0,12.867721247673028,4
Andrei Iosivas,WR,2026,3,2026,12,9,0.0,1.865554690361023,False,56,0.0,11.771433138847323,4
Andrei Iosivas,WR,2026,3,2026,13,10,0.0,1.8932353258132935,False,63,0.0,11.164207696914673,4
Andrei Iosivas,WR,2026,3,2026,14,11,0.0,1.9043397903442383,False,70,0.0,10.906984186172476,4
Andrei Iosivas,WR,2026,3,2026,15,12,0.0,1.942155361175537,False,77,0.0,10.38899021148681,4
Andrei Iosivas,WR,2026,3,2026,16,13,0.0,1.9719914197921753,False,84,0.0,9.618979907035818,4
Andrei Iosivas,WR,2026,3,2026,17,14,0.0,1.999894142150879,False,91,0.0,7.613073468208307,4
Andrew Beck,RB,2026,3,2026,4,1,0.0,1.5172755718231201,False,0,0.0,16.233035516738873,4
Andrew Beck,RB,2026,3,2026,5,2,0.0,1.475693941116333,False,7,0.0,15.637006425857537,4
Andrew Beck,RB,2026,3,2026,6,3,0.0,1.5223149061203003,False,14,0.0,15.051544165611258,4
Andrew Beck,RB,2026,3,2026,7,4,0.0,1.4862651824951172,False,21,0.0,15.037817668914782,4
Andrew Beck,RB,2026,3,2026,8,5,0.0,1.4654301404953003,False,28,0.0,14.408422756195066,4
Andrew Beck,RB,2026,3,2026,9,6,0.0,1.436604380607605,False,35,0.0,13.653296351432797,4
Andrew Beck,RB,2026,3,2026,10,7,0.0,1.4619969129562378,False,42,0.0,13.075553011894222,4
Andrew Beck,RB,2026,3,2026,11,8,0.0,1.5386508703231812,False,49,0.0,12.555578398704522,4
Andrew Beck,RB,2026,3,2026,12,9,0.0,1.6159430742263794,False,56,0.0,11.52182152271268,4
Andrew Beck,RB,2026,3,2026,13,10,0.0,1.6763992309570312,False,63,0.0,10.94737160205841,4
Andrew Beck,RB,2026,3,2026,14,11,0.0,1.7031046152114868,False,70,0.0,10.705749011039725,4
Andrew Beck,RB,2026,3,2026,15,12,0.0,1.7518614530563354,False,77,0.0,10.198696303367608,4
Andrew Beck,RB,2026,3,2026,16,13,0.0,1.79047429561615,False,84,0.0,9.437462782859793,4
Andrew Beck,RB,2026,3,2026,17,14,0.0,1.823346495628357,False,91,0.0,7.436525821685785,4
Anthony Gould,WR,2026,3,2026,4,1,0.0,0.9686931371688843,False,0,0.0,15.684453082084637,4
Anthony Gould,WR,2026,3,2026,5,2,0.0,1.1006107330322266,False,7,0.0,15.26192321777343,4
Anthony Gould,WR,2026,3,2026,6,3,0.0,1.1529176235198975,False,14,0.0,14.682146883010855,4
Anthony Gould,WR,2026,3,2026,7,4,0.0,1.0967419147491455,False,21,0.0,14.64829440116881,4
Anthony Gould,WR,2026,3,2026,8,5,0.0,1.0557063817977905,False,28,0.0,13.998698997497556,4
Anthony Gould,WR,2026,3,2026,9,6,0.0,1.0159271955490112,False,35,0.0,13.232619166374203,4
Anthony Gould,WR,2026,3,2026,10,7,0.0,1.010516881942749,False,42,0.0,12.624072980880733,4
Anthony Gould,WR,2026,3,2026,11,8,0.0,1.022580862045288,False,49,0.0,12.03950839042663,4
Anthony Gould,WR,2026,3,2026,12,9,0.0,1.0471490621566772,False,56,0.0,10.953027510642977,4
Anthony Gould,WR,2026,3,2026,13,10,0.0,1.069122552871704,False,63,0.0,10.340094923973083,4
Anthony Gould,WR,2026,3,2026,14,11,0.0,1.0729366540908813,False,70,0.0,10.07558104991912,4
Anthony Gould,WR,2026,3,2026,15,12,0.0,1.1075752973556519,False,77,0.0,9.554410147666925,4
Anthony Gould,WR,2026,3,2026,16,13,0.0,1.1409096717834473,False,84,0.0,8.78789815902709,4
Anthony Gould,WR,2026,3,2026,17,14,0.0,1.1736844778060913,False,91,0.0,6.786863803863519,4
Anthony Tyus III,RB,2026,3,2026,4,1,0.0,0.7682960033416748,False,0,0.0,15.484055948257428,4
Anthony Tyus III,RB,2026,3,2026,5,2,0.0,0.8853278160095215,False,7,0.0,15.046640300750726,4
Anthony Tyus III,RB,2026,3,2026,6,3,0.0,0.9623355865478516,False,14,0.0,14.49156484603881,4
Anthony Tyus III,RB,2026,3,2026,7,4,0.0,0.9206292629241943,False,21,0.0,14.472181749343859,4
Anthony Tyus III,RB,2026,3,2026,8,5,0.0,0.9207981824874878,False,28,0.0,13.863790798187253,4
Anthony Tyus III,RB,2026,3,2026,9,6,0.0,0.9408841133117676,False,35,0.0,13.15757608413696,4
Anthony Tyus III,RB,2026,3,2026,10,7,0.0,0.9882364273071289,False,42,0.0,12.601792526245113,4
Anthony Tyus III,RB,2026,3,2026,11,8,0.0,1.0487754344940186,False,49,0.0,12.06570296287536,4
Anthony Tyus III,RB,2026,3,2026,12,9,0.0,1.1131168603897095,False,56,0.0,11.01899530887601,4
Anthony Tyus III,RB,2026,3,2026,13,10,0.0,1.1589076519012451,False,63,0.0,10.429880023002625,4
Anthony Tyus III,RB,2026,3,2026,14,11,0.0,1.179316520690918,False,70,0.0,10.181960916519156,4
Anthony Tyus III,RB,2026,3,2026,15,12,0.0,1.226844072341919,False,77,0.0,9.673678922653192,4
Anthony Tyus III,RB,2026,3,2026,16,13,0.0,1.2710524797439575,False,84,0.0,8.9180409669876,4
Anthony Tyus III,RB,2026,3,2026,17,14,0.0,1.308963418006897,False,91,0.0,6.922142744064325,4
Antonio Williams,WR,2026,3,2026,4,1,0.0,1.7136894464492798,False,0,0.0,16.429449391365033,4
Antonio Williams,WR,2026,3,2026,5,2,0.0,1.6678582429885864,False,7,0.0,15.82917072772979,4
Antonio Williams,WR,2026,3,2026,6,3,0.0,1.7923730611801147,False,14,0.0,15.321602320671072,4
Antonio Williams,WR,2026,3,2026,7,4,0.0,1.8104283809661865,False,21,0.0,15.361980867385851,4
Antonio Williams,WR,2026,3,2026,8,5,0.0,1.8178507089614868,False,28,0.0,14.760843324661252,4
Antonio Williams,WR,2026,3,2026,9,6,0.0,1.8431941270828247,False,35,0.0,14.059886097908016,4
Antonio Williams,WR,2026,3,2026,10,7,0.0,1.9514422416687012,False,42,0.0,13.564998340606685,4
Antonio Williams,WR,2026,3,2026,11,8,0.0,2.132472276687622,False,49,0.0,13.149399805068963,4
Antonio Williams,WR,2026,3,2026,12,9,0.0,2.3289051055908203,False,56,0.0,12.23478355407712,4
Antonio Williams,WR,2026,3,2026,13,10,0.0,2.5170698165893555,False,63,0.0,11.788042187690735,4
Antonio Williams,WR,2026,3,2026,14,11,0.0,2.6246562004089355,False,70,0.0,11.627300596237173,4
Antonio Williams,WR,2026,3,2026,15,12,0.0,2.7203474044799805,False,77,0.0,11.167182254791253,4
Antonio Williams,WR,2026,3,2026,16,13,0.0,2.782031536102295,False,84,0.0,10.429020023345938,4
Antonio Williams,WR,2026,3,2026,17,14,0.0,2.822190999984741,False,91,0.0,8.435370326042168,4
Arian Smith,WR,2026,3,2026,4,1,0.0,2.6521387100219727,False,0,0.0,17.367898654937726,4
Arian Smith,WR,2026,3,2026,5,2,0.0,2.514690399169922,False,7,0.0,16.676002883911124,4
Arian Smith,WR,2026,3,2026,6,3,0.0,2.526545524597168,False,14,0.0,16.055774784088126,4
Arian Smith,WR,2026,3,2026,7,4,0.0,2.502676486968994,False,21,0.0,16.05422897338866,4
Arian Smith,WR,2026,3,2026,8,5,0.0,2.505711078643799,False,28,0.0,15.448703694343564,4
Arian Smith,WR,2026,3,2026,9,6,0.0,2.4864819049835205,False,35,0.0,14.703173875808712,4
Arian Smith,WR,2026,3,2026,10,7,0.0,2.4945359230041504,False,42,0.0,14.108092021942134,4
Arian Smith,WR,2026,3,2026,11,8,0.0,2.560051679611206,False,49,0.0,13.576979207992547,4
Arian Smith,WR,2026,3,2026,12,9,0.0,2.6052401065826416,False,56,0.0,12.511118555068942,4
Arian Smith,WR,2026,3,2026,13,10,0.0,2.6519415378570557,False,63,0.0,11.922913908958435,4
Arian Smith,WR,2026,3,2026,14,11,0.0,2.6717214584350586,False,70,0.0,11.674365854263296,4
Arian Smith,WR,2026,3,2026,15,12,0.0,2.71042537689209,False,77,0.0,11.157260227203363,4
Arian Smith,WR,2026,3,2026,16,13,0.0,2.7396199703216553,False,84,0.0,10.386608457565298,4
Arian Smith,WR,2026,3,2026,17,14,0.0,2.764570713043213,False,91,0.0,8.37775003910064,4
Ashton Dulin,WR,2026,3,2026,4,1,0.0,1.0345635414123535,False,0,0.0,15.750323486328107,4
Ashton Dulin,WR,2026,3,2026,5,2,0.0,1.157544732093811,False,7,0.0,15.318857216835015,4
Ashton Dulin,WR,2026,3,2026,6,3,0.0,1.20233952999115,False,14,0.0,14.731568789482107,4
Ashton Dulin,WR,2026,3,2026,7,4,0.0,1.1419347524642944,False,21,0.0,14.693487238883959,4
Ashton Dulin,WR,2026,3,2026,8,5,0.0,1.0958592891693115,False,28,0.0,14.038851904869077,4
Ashton Dulin,WR,2026,3,2026,9,6,0.0,1.0509225130081177,False,35,0.0,13.26761448383331,4
Ashton Dulin,WR,2026,3,2026,10,7,0.0,1.040763020515442,False,42,0.0,12.654319119453426,4
Ashton Dulin,WR,2026,3,2026,11,8,0.0,1.0486980676651,False,49,0.0,12.065625596046441,4
Ashton Dulin,WR,2026,3,2026,12,9,0.0,1.0693151950836182,False,56,0.0,10.975193643569918,4
Ashton Dulin,WR,2026,3,2026,13,10,0.0,1.088780164718628,False,63,0.0,10.359752535820007,4
Ashton Dulin,WR,2026,3,2026,14,11,0.0,1.090911865234375,False,70,0.0,10.093556261062613,4
Ashton Dulin,WR,2026,3,2026,15,12,0.0,1.1234902143478394,False,77,0.0,9.570325064659112,4
Ashton Dulin,WR,2026,3,2026,16,13,0.0,1.155855417251587,False,84,0.0,8.80284390449523,4
Ashton Dulin,WR,2026,3,2026,17,14,0.0,1.1880204677581787,False,91,0.0,6.801199793815607,4
Ashton Jeanty,RB,2026,3,2026,4,1,0.0,14.053387641906738,False,0,2.954772186279296,28.76914758682249,4
Ashton Jeanty,RB,2026,3,2026,5,2,0.0,14.330526351928711,False,7,0.663232135772704,28.491838836669913,4
Ashton Jeanty,RB,2026,3,2026,6,3,0.0,14.661234855651855,False,14,0.5336495399475094,28.190464115142813,4
Ashton Jeanty,RB,2026,3,2026,7,4,0.0,14.948108673095703,False,21,0.6603544235229499,28.49966115951537,4
Ashton Jeanty,RB,2026,3,2026,8,5,0.0,15.134188652038574,False,28,0.6957384109497067,28.07718126773834,4
Ashton Jeanty,RB,2026,3,2026,9,6,0.0,15.303155899047852,False,35,0.7697546958923329,27.519847869873043,4
Ashton Jeanty,RB,2026,3,2026,10,7,0.0,15.46081829071045,False,42,0.8551655769348141,27.074374389648433,4
Ashton Jeanty,RB,2026,3,2026,11,8,0.0,15.598962783813477,False,49,0.9435145378112786,26.615890312194818,4
Ashton Jeanty,RB,2026,3,2026,12,9,0.0,15.686394691467285,False,56,0.9845776557922381,25.592273139953583,4
Ashton Jeanty,RB,2026,3,2026,13,10,0.0,15.836621284484863,False,63,1.0718943595886241,25.107593655586243,4
Ashton Jeanty,RB,2026,3,2026,14,11,0.0,15.90310001373291,False,70,1.0918263435363773,24.905744409561148,4
Ashton Jeanty,RB,2026,3,2026,15,12,0.0,15.885810852050781,False,77,1.0430058479309086,24.332645702362054,4
Ashton Jeanty,RB,2026,3,2026,16,13,0.0,15.856351852416992,False,84,1.0037543296813958,23.503340339660635,4
Ashton Jeanty,RB,2026,3,2026,17,14,0.0,15.801629066467285,False,91,0.918336200714112,21.414808392524712,4
Austin Ekeler,RB,2026,3,2026,4,1,0.0,0.8186228275299072,False,0,0.0,15.53438277244566,4
Austin Ekeler,RB,2026,3,2026,5,2,0.0,0.921184778213501,False,7,0.0,15.082497262954705,4
Austin Ekeler,RB,2026,3,2026,6,3,0.0,1.0071040391921997,False,14,0.0,14.536333298683157,4
Austin Ekeler,RB,2026,3,2026,7,4,0.0,0.970880389213562,False,21,0.0,14.522432875633227,4
Austin Ekeler,RB,2026,3,2026,8,5,0.0,0.9519338607788086,False,28,0.0,13.894926476478574,4
Austin Ekeler,RB,2026,3,2026,9,6,0.0,0.9436185359954834,False,35,0.0,13.160310506820675,4
Austin Ekeler,RB,2026,3,2026,10,7,0.0,0.9841192960739136,False,42,0.0,12.597675395011898,4
Austin Ekeler,RB,2026,3,2026,11,8,0.0,1.0525894165039062,False,49,0.0,12.069516944885248,4
Austin Ekeler,RB,2026,3,2026,12,9,0.0,1.1358522176742554,False,56,0.0,11.041730666160555,4
Austin Ekeler,RB,2026,3,2026,13,10,0.0,1.1966667175292969,False,63,0.0,10.467639088630676,4
Austin Ekeler,RB,2026,3,2026,14,11,0.0,1.223181128501892,False,70,0.0,10.22582552433013,4
Austin Ekeler,RB,2026,3,2026,15,12,0.0,1.275046706199646,False,77,0.0,9.721881556510919,4
Austin Ekeler,RB,2026,3,2026,16,13,0.0,1.3212257623672485,False,84,0.0,8.968214249610892,4
Austin Ekeler,RB,2026,3,2026,17,14,0.0,1.359289288520813,False,91,0.0,6.972468614578241,4
Bam Knight,RB,2026,3,2026,4,1,0.0,3.581124782562256,False,0,0.0,18.29688472747801,4
Bam Knight,RB,2026,3,2026,5,2,0.0,3.270717144012451,False,7,0.0,17.432029628753654,4
Bam Knight,RB,2026,3,2026,6,3,0.0,3.2208995819091797,False,14,0.0,16.750128841400137,4
Bam Knight,RB,2026,3,2026,7,4,0.0,3.193431854248047,False,21,0.0,16.744984340667713,4
Bam Knight,RB,2026,3,2026,8,5,0.0,3.1975278854370117,False,28,0.0,16.140520501136777,4
Bam Knight,RB,2026,3,2026,9,6,0.0,3.196195602416992,False,35,0.0,15.412887573242184,4
Bam Knight,RB,2026,3,2026,10,7,0.0,3.2303194999694824,False,42,0.0,14.843875598907466,4
Bam Knight,RB,2026,3,2026,11,8,0.0,3.3368005752563477,False,49,0.0,14.353728103637689,4
Bam Knight,RB,2026,3,2026,12,9,0.0,3.409735918045044,False,56,0.0,13.315614366531344,4
Bam Knight,RB,2026,3,2026,13,10,0.0,3.4598305225372314,False,63,0.0,12.73080289363861,4
Bam Knight,RB,2026,3,2026,14,11,0.0,3.482064962387085,False,70,0.0,12.484709358215323,4
Bam Knight,RB,2026,3,2026,15,12,0.0,3.518375873565674,False,77,0.0,11.965210723876947,4
Bam Knight,RB,2026,3,2026,16,13,0.0,3.547642707824707,False,84,0.0,11.19463119506835,4
Bam Knight,RB,2026,3,2026,17,14,0.0,3.5705957412719727,False,91,0.0,9.1837750673294,4
Barion Brown,WR,2026,3,2026,4,1,0.0,1.609100580215454,False,0,0.0,16.324860525131207,4
Barion Brown,WR,2026,3,2026,5,2,0.0,1.601791501045227,False,7,0.0,15.763103985786431,4
Barion Brown,WR,2026,3,2026,6,3,0.0,1.7773441076278687,False,14,0.0,15.306573367118826,4
Barion Brown,WR,2026,3,2026,7,4,0.0,1.8397854566574097,False,21,0.0,15.391337943077074,4
Barion Brown,WR,2026,3,2026,8,5,0.0,1.8992682695388794,False,28,0.0,14.842260885238645,4
Barion Brown,WR,2026,3,2026,9,6,0.0,1.9719394445419312,False,35,0.0,14.188631415367123,4
Barion Brown,WR,2026,3,2026,10,7,0.0,2.1086325645446777,False,42,0.0,13.722188663482662,4
Barion Brown,WR,2026,3,2026,11,8,0.0,2.3002376556396484,False,49,0.0,13.31716518402099,4
Barion Brown,WR,2026,3,2026,12,9,0.0,2.490757942199707,False,56,0.0,12.396636390686007,4
Barion Brown,WR,2026,3,2026,13,10,0.0,2.6525001525878906,False,63,0.0,11.92347252368927,4
Barion Brown,WR,2026,3,2026,14,11,0.0,2.737785816192627,False,70,0.0,11.740430212020865,4
Barion Brown,WR,2026,3,2026,15,12,0.0,2.820338487625122,False,77,0.0,11.267173337936395,4
Barion Brown,WR,2026,3,2026,16,13,0.0,2.8789258003234863,False,84,0.0,10.52591428756713,4
Barion Brown,WR,2026,3,2026,17,14,0.0,2.919309616088867,False,91,0.0,8.532488942146294,4
Ben Skowronek,WR,2026,3,2026,4,1,0.0,1.1659382581710815,False,0,0.0,15.881698203086835,4
Ben Skowronek,WR,2026,3,2026,5,2,0.0,1.2015531063079834,False,7,0.0,15.362865591049188,4
Ben Skowronek,WR,2026,3,2026,6,3,0.0,1.2484900951385498,False,14,0.0,14.777719354629507,4
Ben Skowronek,WR,2026,3,2026,7,4,0.0,1.1961188316345215,False,21,0.0,14.747671318054186,4
Ben Skowronek,WR,2026,3,2026,8,5,0.0,1.1731401681900024,False,28,0.0,14.116132783889768,4
Ben Skowronek,WR,2026,3,2026,9,6,0.0,1.163753867149353,False,35,0.0,13.380445837974545,4
Ben Skowronek,WR,2026,3,2026,10,7,0.0,1.1896833181381226,False,42,0.0,12.803239417076107,4
Ben Skowronek,WR,2026,3,2026,11,8,0.0,1.2349704504013062,False,49,0.0,12.251897978782647,4
Ben Skowronek,WR,2026,3,2026,12,9,0.0,1.2781096696853638,False,56,0.0,11.183988118171664,4
Ben Skowronek,WR,2026,3,2026,13,10,0.0,1.3128148317337036,False,63,0.0,10.583787202835083,4
Ben Skowronek,WR,2026,3,2026,14,11,0.0,1.3268979787826538,False,70,0.0,10.329542374610892,4
Ben Skowronek,WR,2026,3,2026,15,12,0.0,1.3678255081176758,False,77,0.0,9.814660358428949,4
Ben Skowronek,WR,2026,3,2026,16,13,0.0,1.4062188863754272,False,84,0.0,9.05320737361907,4
Ben Skowronek,WR,2026,3,2026,17,14,0.0,1.4407752752304077,False,91,0.0,7.053954601287836,4
Ben VanSumeren,RB,2026,3,2026,4,1,0.0,1.3690561056137085,False,0,0.0,16.08481605052946,4
Ben VanSumeren,RB,2026,3,2026,5,2,0.0,1.3861478567123413,False,7,0.0,15.547460341453545,4
Ben VanSumeren,RB,2026,3,2026,6,3,0.0,1.4562678337097168,False,14,0.0,14.985497093200674,4
Ben VanSumeren,RB,2026,3,2026,7,4,0.0,1.4265156984329224,False,21,0.0,14.978068184852587,4
Ben VanSumeren,RB,2026,3,2026,8,5,0.0,1.4135632514953613,False,28,0.0,14.356555867195127,4
Ben VanSumeren,RB,2026,3,2026,9,6,0.0,1.4030333757400513,False,35,0.0,13.619725346565243,4
Ben VanSumeren,RB,2026,3,2026,10,7,0.0,1.4336202144622803,False,42,0.0,13.047176313400264,4
Ben VanSumeren,RB,2026,3,2026,11,8,0.0,1.4927287101745605,False,49,0.0,12.509656238555902,4
Ben VanSumeren,RB,2026,3,2026,12,9,0.0,1.5442914962768555,False,56,0.0,11.450169944763156,4
Ben VanSumeren,RB,2026,3,2026,13,10,0.0,1.584027647972107,False,63,0.0,10.855000019073486,4
Ben VanSumeren,RB,2026,3,2026,14,11,0.0,1.599464774131775,False,70,0.0,10.602109169960013,4
Ben VanSumeren,RB,2026,3,2026,15,12,0.0,1.6396063566207886,False,77,0.0,10.086441206932061,4
Ben VanSumeren,RB,2026,3,2026,16,13,0.0,1.6768070459365845,False,84,0.0,9.323795533180228,4
Ben VanSumeren,RB,2026,3,2026,17,14,0.0,1.7104867696762085,False,91,0.0,7.323666095733636,4
Bhayshul Tuten,RB,2026,3,2026,4,1,0.0,6.607034206390381,False,0,0.0,21.322794151306134,4
Bhayshul Tuten,RB,2026,3,2026,5,2,0.0,6.268862724304199,False,7,0.0,20.4301752090454,4
Bhayshul Tuten,RB,2026,3,2026,6,3,0.0,6.077819347381592,False,14,0.0,19.60704860687255,4
Bhayshul Tuten,RB,2026,3,2026,7,4,0.0,5.9914631843566895,False,21,0.0,19.543015670776356,4
Bhayshul Tuten,RB,2026,3,2026,8,5,0.0,5.979252815246582,False,28,0.0,18.922245430946347,4
Bhayshul Tuten,RB,2026,3,2026,9,6,0.0,6.005972862243652,False,35,0.0,18.222664833068844,4
Bhayshul Tuten,RB,2026,3,2026,10,7,0.0,6.059099197387695,False,42,0.0,17.67265529632568,4
Bhayshul Tuten,RB,2026,3,2026,11,8,0.0,6.12028169631958,False,49,0.0,17.13720922470092,4
Bhayshul Tuten,RB,2026,3,2026,12,9,0.0,6.045677661895752,False,56,0.0,15.951556110382052,4
Bhayshul Tuten,RB,2026,3,2026,13,10,0.0,5.927172660827637,False,63,0.0,15.198145031929016,4
Bhayshul Tuten,RB,2026,3,2026,14,11,0.0,5.8257036209106445,False,70,0.0,14.828348016738882,4
Bhayshul Tuten,RB,2026,3,2026,15,12,0.0,5.758919715881348,False,77,0.0,14.20575456619262,4
Bhayshul Tuten,RB,2026,3,2026,16,13,0.0,5.709517955780029,False,84,0.0,13.356506443023672,4
Bhayshul Tuten,RB,2026,3,2026,17,14,0.0,5.675414085388184,False,91,0.0,11.28859341144561,4
Bijan Robinson,RB,2026,3,2026,4,1,0.0,18.453998565673828,False,0,7.355383110046386,33.16975851058958,4
Bijan Robinson,RB,2026,3,2026,5,2,0.0,22.019977569580078,False,7,8.352683353424071,36.18129005432128,4
Bijan Robinson,RB,2026,3,2026,6,3,0.0,22.545778274536133,False,14,8.418192958831787,36.075007534027094,4
Bijan Robinson,RB,2026,3,2026,7,4,0.0,22.836580276489258,False,21,8.548826026916505,36.388132762908924,4
Bijan Robinson,RB,2026,3,2026,8,5,0.0,23.07428741455078,False,28,8.635837173461914,36.01728003025055,4
Bijan Robinson,RB,2026,3,2026,9,6,0.0,23.232967376708984,False,35,8.699566173553466,35.44965934753418,4
Bijan Robinson,RB,2026,3,2026,10,7,0.0,23.335519790649414,False,42,8.729867076873779,34.9490758895874,4
Bijan Robinson,RB,2026,3,2026,11,8,0.0,23.413105010986328,False,49,8.75765676498413,34.43003253936767,4
Bijan Robinson,RB,2026,3,2026,12,9,0.0,23.441051483154297,False,56,8.73923444747925,33.346929931640595,4
Bijan Robinson,RB,2026,3,2026,13,10,0.0,23.463254928588867,False,63,8.698528003692628,32.73422729969025,4
Bijan Robinson,RB,2026,3,2026,14,11,0.0,23.480623245239258,False,70,8.669349575042725,32.4832676410675,4
Bijan Robinson,RB,2026,3,2026,15,12,0.0,23.490453720092773,False,77,8.6476487159729,31.937288570404046,4
Bijan Robinson,RB,2026,3,2026,16,13,0.0,23.501052856445312,False,84,8.648455333709716,31.148041343688956,4
Bijan Robinson,RB,2026,3,2026,17,14,0.0,23.51698875427246,False,91,8.633695888519288,29.130168080329888,4
Blake Corum,RB,2026,3,2026,4,1,0.0,9.10622787475586,False,0,0.0,23.821987819671612,4
Blake Corum,RB,2026,3,2026,5,2,0.0,8.851996421813965,False,7,0.0,23.013308906555167,4
Blake Corum,RB,2026,3,2026,6,3,0.0,8.616125106811523,False,14,0.0,22.14535436630248,4
Blake Corum,RB,2026,3,2026,7,4,0.0,8.341414451599121,False,21,0.0,21.892966938018787,4
Blake Corum,RB,2026,3,2026,8,5,0.0,7.926182270050049,False,28,0.0,20.869174885749814,4
Blake Corum,RB,2026,3,2026,9,6,0.0,7.417408466339111,False,35,0.0,19.634100437164303,4
Blake Corum,RB,2026,3,2026,10,7,0.0,6.892995357513428,False,42,0.0,18.50655145645141,4
Blake Corum,RB,2026,3,2026,11,8,0.0,6.354344844818115,False,49,0.0,17.371272373199456,4
Blake Corum,RB,2026,3,2026,12,9,0.0,5.784042835235596,False,56,0.0,15.689921283721896,4
Blake Corum,RB,2026,3,2026,13,10,0.0,5.319746017456055,False,63,0.0,14.590718388557434,4
Blake Corum,RB,2026,3,2026,14,11,0.0,5.038032531738281,False,70,0.0,14.040676927566519,4
Blake Corum,RB,2026,3,2026,15,12,0.0,4.854118824005127,False,77,0.0,13.3009536743164,4
Blake Corum,RB,2026,3,2026,16,13,0.0,4.724276065826416,False,84,0.0,12.37126455307006,4
Blake Corum,RB,2026,3,2026,17,14,0.0,4.654114246368408,False,91,0.0,10.267293572425835,4
Bo Melton,WR,2026,3,2026,4,1,0.0,4.2316107749938965,False,0,0.0,18.94737071990965,4
Bo Melton,WR,2026,3,2026,5,2,0.0,4.291018009185791,False,7,0.0,18.452330493926993,4
Bo Melton,WR,2026,3,2026,6,3,0.0,4.6221089363098145,False,14,0.0,18.151338195800772,4
Bo Melton,WR,2026,3,2026,7,4,0.0,4.908233642578125,False,21,0.0,18.45978612899779,4
Bo Melton,WR,2026,3,2026,8,5,0.0,5.163104057312012,False,28,0.0,18.106096673011777,4
Bo Melton,WR,2026,3,2026,9,6,0.0,5.4316935539245605,False,35,0.0,17.648385524749752,4
Bo Melton,WR,2026,3,2026,10,7,0.0,5.791227340698242,False,42,0.0,17.404783439636226,4
Bo Melton,WR,2026,3,2026,11,8,0.0,6.262113094329834,False,49,0.0,17.279040622711175,4
Bo Melton,WR,2026,3,2026,12,9,0.0,6.656552314758301,False,56,0.0,16.5624307632446,4
Bo Melton,WR,2026,3,2026,13,10,0.0,6.967177867889404,False,63,0.0,16.238150238990784,4
Bo Melton,WR,2026,3,2026,14,11,0.0,7.111977577209473,False,70,0.0,16.11462197303771,4
Bo Melton,WR,2026,3,2026,15,12,0.0,7.146761417388916,False,77,0.0,15.593596267700189,4
Bo Melton,WR,2026,3,2026,16,13,0.0,7.131749629974365,False,84,0.0,14.778738117218008,4
Bo Melton,WR,2026,3,2026,17,14,0.0,7.10246467590332,False,91,0.0,12.715644001960747,4
Brady Russell,RB,2026,3,2026,4,1,0.0,1.5943471193313599,False,0,0.0,16.310107064247113,4
Brady Russell,RB,2026,3,2026,5,2,0.0,1.507790207862854,False,7,0.0,15.669102692604058,4
Brady Russell,RB,2026,3,2026,6,3,0.0,1.50950026512146,False,14,0.0,15.038729524612418,4
Brady Russell,RB,2026,3,2026,7,4,0.0,1.4423362016677856,False,21,0.0,14.99388868808745,4
Brady Russell,RB,2026,3,2026,8,5,0.0,1.3988782167434692,False,28,0.0,14.341870832443234,4
Brady Russell,RB,2026,3,2026,9,6,0.0,1.354804515838623,False,35,0.0,13.571496486663815,4
Brady Russell,RB,2026,3,2026,10,7,0.0,1.3467961549758911,False,42,0.0,12.960352253913875,4
Brady Russell,RB,2026,3,2026,11,8,0.0,1.3671642541885376,False,49,0.0,12.384091782569879,4
Brady Russell,RB,2026,3,2026,12,9,0.0,1.3895189762115479,False,56,0.0,11.295397424697848,4
Brady Russell,RB,2026,3,2026,13,10,0.0,1.4127790927886963,False,63,0.0,10.683751463890076,4
Brady Russell,RB,2026,3,2026,14,11,0.0,1.4197312593460083,False,70,0.0,10.422375655174246,4
Brady Russell,RB,2026,3,2026,15,12,0.0,1.4540890455245972,False,77,0.0,9.90092389583587,4
Brady Russell,RB,2026,3,2026,16,13,0.0,1.4870785474777222,False,84,0.0,9.134067034721365,4
Brady Russell,RB,2026,3,2026,17,14,0.0,1.5194393396377563,False,91,0.0,7.132618665695184,4
Braelon Allen,RB,2026,3,2026,4,1,0.0,4.850253582000732,False,0,0.0,19.566013526916485,4
Braelon Allen,RB,2026,3,2026,5,2,0.0,4.848748683929443,False,7,0.0,19.010061168670646,4
Braelon Allen,RB,2026,3,2026,6,3,0.0,5.241984844207764,False,14,0.0,18.77121410369872,4
Braelon Allen,RB,2026,3,2026,7,4,0.0,5.664625644683838,False,21,0.0,19.216178131103504,4
Braelon Allen,RB,2026,3,2026,8,5,0.0,6.01890754699707,False,28,0.0,18.961900162696836,4
Braelon Allen,RB,2026,3,2026,9,6,0.0,6.377011775970459,False,35,0.0,18.59370374679565,4
Braelon Allen,RB,2026,3,2026,10,7,0.0,6.887542724609375,False,42,0.0,18.50109882354736,4
Braelon Allen,RB,2026,3,2026,11,8,0.0,7.5939507484436035,False,49,0.0,18.610878276824945,4
Braelon Allen,RB,2026,3,2026,12,9,0.0,8.297564506530762,False,56,0.0,18.20344295501706,4
Braelon Allen,RB,2026,3,2026,13,10,0.0,8.900595664978027,False,63,0.0,18.171568036079407,4
Braelon Allen,RB,2026,3,2026,14,11,0.0,9.21806812286377,False,70,0.0,18.220712518692007,4
Braelon Allen,RB,2026,3,2026,15,12,0.0,9.310833930969238,False,77,0.0,17.75766878128051,4
Braelon Allen,RB,2026,3,2026,16,13,0.0,9.294814109802246,False,84,0.0,16.94180259704589,4
Braelon Allen,RB,2026,3,2026,17,14,0.0,9.237116813659668,False,91,0.0,14.850296139717095,4
Brandin Cooks,WR,2026,3,2026,4,1,0.0,6.091012477874756,False,0,0.0,20.80677242279051,4
Brandin Cooks,WR,2026,3,2026,5,2,0.0,6.052028179168701,False,7,0.0,20.213340663909904,4
Brandin Cooks,WR,2026,3,2026,6,3,0.0,6.471379280090332,False,14,0.0,20.00060853958129,4
Brandin Cooks,WR,2026,3,2026,7,4,0.0,6.882612705230713,False,21,0.0,20.43416519165038,4
Brandin Cooks,WR,2026,3,2026,8,5,0.0,7.272855758666992,False,28,0.0,20.215848374366757,4
Brandin Cooks,WR,2026,3,2026,9,6,0.0,7.700843334197998,False,35,0.0,19.91753530502319,4
Brandin Cooks,WR,2026,3,2026,10,7,0.0,8.239583015441895,False,42,0.0,19.85313911437988,4
Brandin Cooks,WR,2026,3,2026,11,8,0.0,8.832352638244629,False,49,0.0,19.84928016662597,4
Brandin Cooks,WR,2026,3,2026,12,9,0.0,9.236115455627441,False,56,0.0,19.14199390411374,4
Brandin Cooks,WR,2026,3,2026,13,10,0.0,9.47689437866211,False,63,0.0,18.74786674976349,4
Brandin Cooks,WR,2026,3,2026,14,11,0.0,9.514307022094727,False,70,0.0,18.516951417922964,4
Brandin Cooks,WR,2026,3,2026,15,12,0.0,9.432390213012695,False,77,0.0,17.879225063323968,4
Brandin Cooks,WR,2026,3,2026,16,13,0.0,9.33080005645752,False,84,0.0,16.977788543701163,4
Brandin Cooks,WR,2026,3,2026,17,14,0.0,9.23895263671875,False,91,0.0,14.852131962776177,4
Brashard Smith,RB,2026,3,2026,4,1,0.0,3.3074488639831543,False,0,0.0,18.023208808898907,4
Brashard Smith,RB,2026,3,2026,5,2,0.0,3.105825901031494,False,7,0.0,17.267138385772697,4
Brashard Smith,RB,2026,3,2026,6,3,0.0,3.094947338104248,False,14,0.0,16.624176597595206,4
Brashard Smith,RB,2026,3,2026,7,4,0.0,3.0677707195281982,False,21,0.0,16.619323205947865,4
Brashard Smith,RB,2026,3,2026,8,5,0.0,3.058581829071045,False,28,0.0,16.00157444477081,4
Brashard Smith,RB,2026,3,2026,9,6,0.0,3.0345065593719482,False,35,0.0,15.25119853019714,4
Brashard Smith,RB,2026,3,2026,10,7,0.0,3.040290594100952,False,42,0.0,14.653846693038936,4
Brashard Smith,RB,2026,3,2026,11,8,0.0,3.1104674339294434,False,49,0.0,14.127394962310785,4
Brashard Smith,RB,2026,3,2026,12,9,0.0,3.1653828620910645,False,56,0.0,13.071261310577365,4
Brashard Smith,RB,2026,3,2026,13,10,0.0,3.2052111625671387,False,63,0.0,12.476183533668518,4
Brashard Smith,RB,2026,3,2026,14,11,0.0,3.217461585998535,False,70,0.0,12.220105981826773,4
Brashard Smith,RB,2026,3,2026,15,12,0.0,3.249117374420166,False,77,0.0,11.695952224731439,4
Brashard Smith,RB,2026,3,2026,16,13,0.0,3.27693510055542,False,84,0.0,10.923923587799063,4
Brashard Smith,RB,2026,3,2026,17,14,0.0,3.304187297821045,False,91,0.0,8.917366623878472,4
Braxton Berrios,WR,2026,3,2026,4,1,0.0,1.3310552835464478,False,0,0.0,16.0468152284622,4
Braxton Berrios,WR,2026,3,2026,5,2,0.0,1.4061424732208252,False,7,0.0,15.56745495796203,4
Braxton Berrios,WR,2026,3,2026,6,3,0.0,1.524807333946228,False,14,0.0,15.054036593437186,4
Braxton Berrios,WR,2026,3,2026,7,4,0.0,1.5241172313690186,False,21,0.0,15.075669717788683,4
Braxton Berrios,WR,2026,3,2026,8,5,0.0,1.5324980020523071,False,28,0.0,14.475490617752072,4
Braxton Berrios,WR,2026,3,2026,9,6,0.0,1.5381335020065308,False,35,0.0,13.754825472831723,4
Braxton Berrios,WR,2026,3,2026,10,7,0.0,1.580039620399475,False,42,0.0,13.19359571933746,4
Braxton Berrios,WR,2026,3,2026,11,8,0.0,1.6447144746780396,False,49,0.0,12.66164200305938,4
Braxton Berrios,WR,2026,3,2026,12,9,0.0,1.6987303495407104,False,56,0.0,11.60460879802701,4
Braxton Berrios,WR,2026,3,2026,13,10,0.0,1.7433377504348755,False,63,0.0,11.014310121536255,4
Braxton Berrios,WR,2026,3,2026,14,11,0.0,1.7616597414016724,False,70,0.0,10.76430413722991,4
Braxton Berrios,WR,2026,3,2026,15,12,0.0,1.803765892982483,False,77,0.0,10.250600743293756,4
Braxton Berrios,WR,2026,3,2026,16,13,0.0,1.8437225818634033,False,84,0.0,9.490711069107046,4
Braxton Berrios,WR,2026,3,2026,17,14,0.0,1.879162073135376,False,91,0.0,7.492341399192804,4
Breece Hall,RB,2026,3,2026,4,1,0.0,15.270655632019043,False,0,4.172040176391601,29.986415576934796,4
Breece Hall,RB,2026,3,2026,5,2,0.0,15.679410934448242,False,7,2.0121167182922353,29.840723419189445,4
Breece Hall,RB,2026,3,2026,6,3,0.0,16.081966400146484,False,14,1.9543810844421383,29.611195659637442,4
Breece Hall,RB,2026,3,2026,7,4,0.0,16.186250686645508,False,21,1.8984964370727546,29.737803173065174,4
Breece Hall,RB,2026,3,2026,8,5,0.0,16.080413818359375,False,28,1.6419635772705075,29.02340643405914,4
Breece Hall,RB,2026,3,2026,9,6,0.0,15.866511344909668,False,35,1.3331101417541493,28.08320331573486,4
Breece Hall,RB,2026,3,2026,10,7,0.0,15.657031059265137,False,42,1.0513783454895016,27.27058715820312,4
Breece Hall,RB,2026,3,2026,11,8,0.0,15.497820854187012,False,49,0.8423726081848137,26.514748382568353,4
Breece Hall,RB,2026,3,2026,12,9,0.0,15.321223258972168,False,56,0.6194062232971209,25.227101707458466,4
Breece Hall,RB,2026,3,2026,13,10,0.0,15.206729888916016,False,63,0.44200296401977646,24.477702260017395,4
Breece Hall,RB,2026,3,2026,14,11,0.0,15.117846488952637,False,70,0.30657281875610387,24.120490884780875,4
Breece Hall,RB,2026,3,2026,15,12,0.0,15.017409324645996,False,77,0.1746043205261234,23.46424417495727,4
Breece Hall,RB,2026,3,2026,16,13,0.0,14.931286811828613,False,84,0.07868928909301687,22.578275299072256,4
Breece Hall,RB,2026,3,2026,17,14,0.0,14.840083122253418,False,91,0.0,20.453262448310845,4
Brenen Thompson,WR,2026,3,2026,4,1,0.0,2.2553153038024902,False,0,0.0,16.971075248718243,4
Brenen Thompson,WR,2026,3,2026,5,2,0.0,2.192126512527466,False,7,0.0,16.35343899726867,4
Brenen Thompson,WR,2026,3,2026,6,3,0.0,2.3439407348632812,False,14,0.0,15.873169994354239,4
Brenen Thompson,WR,2026,3,2026,7,4,0.0,2.431903123855591,False,21,0.0,15.983455610275255,4
Brenen Thompson,WR,2026,3,2026,8,5,0.0,2.51066255569458,False,28,0.0,15.453655171394345,4
Brenen Thompson,WR,2026,3,2026,9,6,0.0,2.5827317237854004,False,35,0.0,14.799423694610592,4
Brenen Thompson,WR,2026,3,2026,10,7,0.0,2.7327585220336914,False,42,0.0,14.346314620971675,4
Brenen Thompson,WR,2026,3,2026,11,8,0.0,2.975635528564453,False,49,0.0,13.992563056945794,4
Brenen Thompson,WR,2026,3,2026,12,9,0.0,3.2329461574554443,False,56,0.0,13.138824605941744,4
Brenen Thompson,WR,2026,3,2026,13,10,0.0,3.4750823974609375,False,63,0.0,12.746054768562317,4
Brenen Thompson,WR,2026,3,2026,14,11,0.0,3.6185646057128906,False,70,0.0,12.621209001541128,4
Brenen Thompson,WR,2026,3,2026,15,12,0.0,3.729074716567993,False,77,0.0,12.175909566879266,4
Brenen Thompson,WR,2026,3,2026,16,13,0.0,3.794027328491211,False,84,0.0,11.441015815734854,4
Brenen Thompson,WR,2026,3,2026,17,14,0.0,3.8328769207000732,False,91,0.0,9.4460562467575,4
Brian Robinson,RB,2026,3,2026,4,1,0.0,7.353697776794434,False,0,0.0,22.069457721710187,4
Brian Robinson,RB,2026,3,2026,5,2,0.0,7.482786655426025,False,7,0.0,21.644099140167228,4
Brian Robinson,RB,2026,3,2026,6,3,0.0,7.6847615242004395,False,14,0.0,21.213990783691397,4
Brian Robinson,RB,2026,3,2026,7,4,0.0,7.942667007446289,False,21,0.0,21.494219493865955,4
Brian Robinson,RB,2026,3,2026,8,5,0.0,8.192408561706543,False,28,0.0,21.135401177406308,4
Brian Robinson,RB,2026,3,2026,9,6,0.0,8.335734367370605,False,35,0.0,20.552426338195797,4
Brian Robinson,RB,2026,3,2026,10,7,0.0,8.364120483398438,False,42,0.0,19.97767658233642,4
Brian Robinson,RB,2026,3,2026,11,8,0.0,8.280231475830078,False,49,0.0,19.29715900421142,4
Brian Robinson,RB,2026,3,2026,12,9,0.0,8.033053398132324,False,56,0.0,17.938931846618623,4
Brian Robinson,RB,2026,3,2026,13,10,0.0,7.755459308624268,False,63,0.0,17.026431679725647,4
Brian Robinson,RB,2026,3,2026,14,11,0.0,7.532650470733643,False,70,0.0,16.53529486656188,4
Brian Robinson,RB,2026,3,2026,15,12,0.0,7.368044376373291,False,77,0.0,15.814879226684564,4
Brian Robinson,RB,2026,3,2026,16,13,0.0,7.24309778213501,False,84,0.0,14.890086269378653,4
Brian Robinson,RB,2026,3,2026,17,14,0.0,7.171771049499512,False,91,0.0,12.784950375556939,4
Brian Thomas Jr.,WR,2026,3,2026,4,1,0.0,10.942803382873535,False,0,0.0,25.658563327789288,4
Brian Thomas Jr.,WR,2026,3,2026,5,2,0.0,10.842633247375488,False,7,0.0,25.00394573211669,4
Brian Thomas Jr.,WR,2026,3,2026,6,3,0.0,10.749188423156738,False,14,0.0,24.278417682647696,4
Brian Thomas Jr.,WR,2026,3,2026,7,4,0.0,10.571606636047363,False,21,0.0,24.12315912246703,4
Brian Thomas Jr.,WR,2026,3,2026,8,5,0.0,10.242194175720215,False,28,0.0,23.18518679141998,4
Brian Thomas Jr.,WR,2026,3,2026,9,6,0.0,9.797593116760254,False,35,0.0,22.014285087585446,4
Brian Thomas Jr.,WR,2026,3,2026,10,7,0.0,9.299637794494629,False,42,0.0,20.913193893432613,4
Brian Thomas Jr.,WR,2026,3,2026,11,8,0.0,8.725068092346191,False,49,0.0,19.741995620727533,4
Brian Thomas Jr.,WR,2026,3,2026,12,9,0.0,8.05466079711914,False,56,0.0,17.96053924560544,4
Brian Thomas Jr.,WR,2026,3,2026,13,10,0.0,7.45934534072876,False,63,0.0,16.73031771183014,4
Brian Thomas Jr.,WR,2026,3,2026,14,11,0.0,7.087480068206787,False,70,0.0,16.090124464035025,4
Brian Thomas Jr.,WR,2026,3,2026,15,12,0.0,6.843968868255615,False,77,0.0,15.290803718566888,4
Brian Thomas Jr.,WR,2026,3,2026,16,13,0.0,6.672428607940674,False,84,0.0,14.319417095184317,4
Brian Thomas Jr.,WR,2026,3,2026,17,14,0.0,6.570659637451172,False,91,0.0,12.183838963508599,4
Britain Covey,WR,2026,3,2026,4,1,0.0,1.064815640449524,False,0,0.0,15.780575585365277,4
Britain Covey,WR,2026,3,2026,5,2,0.0,1.1546801328659058,False,7,0.0,15.31599261760711,4
Britain Covey,WR,2026,3,2026,6,3,0.0,1.2311197519302368,False,14,0.0,14.760349011421194,4
Britain Covey,WR,2026,3,2026,7,4,0.0,1.200588345527649,False,21,0.0,14.752140831947314,4
Britain Covey,WR,2026,3,2026,8,5,0.0,1.1956255435943604,False,28,0.0,14.138618159294126,4
Britain Covey,WR,2026,3,2026,9,6,0.0,1.1960482597351074,False,35,0.0,13.4127402305603,4
Britain Covey,WR,2026,3,2026,10,7,0.0,1.2234790325164795,False,42,0.0,12.837035131454464,4
Britain Covey,WR,2026,3,2026,11,8,0.0,1.2647663354873657,False,49,0.0,12.281693863868707,4
Britain Covey,WR,2026,3,2026,12,9,0.0,1.3045786619186401,False,56,0.0,11.21045711040494,4
Britain Covey,WR,2026,3,2026,13,10,0.0,1.3361977338790894,False,63,0.0,10.607170104980469,4
Britain Covey,WR,2026,3,2026,14,11,0.0,1.3483736515045166,False,70,0.0,10.351018047332754,4
Britain Covey,WR,2026,3,2026,15,12,0.0,1.387374997138977,False,77,0.0,9.83420984745025,4
Britain Covey,WR,2026,3,2026,16,13,0.0,1.426021933555603,False,84,0.0,9.073010420799246,4
Britain Covey,WR,2026,3,2026,17,14,0.0,1.4611620903015137,False,91,0.0,7.0743414163589415,4
British Brooks,RB,2026,3,2026,4,1,0.0,1.4069539308547974,False,0,0.0,16.12271387577055,4
British Brooks,RB,2026,3,2026,5,2,0.0,1.4602488279342651,False,7,0.0,15.62156131267547,4
British Brooks,RB,2026,3,2026,6,3,0.0,1.5517512559890747,False,14,0.0,15.080980515480032,4
British Brooks,RB,2026,3,2026,7,4,0.0,1.5352330207824707,False,21,0.0,15.086785507202135,4
British Brooks,RB,2026,3,2026,8,5,0.0,1.528067708015442,False,28,0.0,14.471060323715207,4
British Brooks,RB,2026,3,2026,9,6,0.0,1.5130165815353394,False,35,0.0,13.729708552360531,4
British Brooks,RB,2026,3,2026,10,7,0.0,1.5310832262039185,False,42,0.0,13.144639325141902,4
British Brooks,RB,2026,3,2026,11,8,0.0,1.5719314813613892,False,49,0.0,12.58885900974273,4
British Brooks,RB,2026,3,2026,12,9,0.0,1.6073428392410278,False,56,0.0,11.513221287727328,4
British Brooks,RB,2026,3,2026,13,10,0.0,1.639966368675232,False,63,0.0,10.910938739776611,4
British Brooks,RB,2026,3,2026,14,11,0.0,1.6505614519119263,False,70,0.0,10.653205847740164,4
British Brooks,RB,2026,3,2026,15,12,0.0,1.6872385740280151,False,77,0.0,10.134073424339288,4
British Brooks,RB,2026,3,2026,16,13,0.0,1.7230010032653809,False,84,0.0,9.369989490509024,4
British Brooks,RB,2026,3,2026,17,14,0.0,1.7564043998718262,False,91,0.0,7.369583725929254,4
Bryce Lance,WR,2026,3,2026,4,1,0.0,2.8604955673217773,False,0,0.0,17.57625551223753,4
Bryce Lance,WR,2026,3,2026,5,2,0.0,2.853464126586914,False,7,0.0,17.014776611328116,4
Bryce Lance,WR,2026,3,2026,6,3,0.0,3.1227095127105713,False,14,0.0,16.65193877220153,4
Bryce Lance,WR,2026,3,2026,7,4,0.0,3.3248000144958496,False,21,0.0,16.876352500915516,4
Bryce Lance,WR,2026,3,2026,8,5,0.0,3.5265591144561768,False,28,0.0,16.469551730155942,4
Bryce Lance,WR,2026,3,2026,9,6,0.0,3.7563118934631348,False,35,0.0,15.973003864288327,4
Bryce Lance,WR,2026,3,2026,10,7,0.0,4.054786682128906,False,42,0.0,15.66834278106689,4
Bryce Lance,WR,2026,3,2026,11,8,0.0,4.454461574554443,False,49,0.0,15.471389102935785,4
Bryce Lance,WR,2026,3,2026,12,9,0.0,4.855059623718262,False,56,0.0,14.760938072204562,4
Bryce Lance,WR,2026,3,2026,13,10,0.0,5.2484917640686035,False,63,0.0,14.519464135169983,4
Bryce Lance,WR,2026,3,2026,14,11,0.0,5.513466835021973,False,70,0.0,14.51611123085021,4
Bryce Lance,WR,2026,3,2026,15,12,0.0,5.691477298736572,False,77,0.0,14.138312149047845,4
Bryce Lance,WR,2026,3,2026,16,13,0.0,5.788773536682129,False,84,0.0,13.435762023925772,4
Bryce Lance,WR,2026,3,2026,17,14,0.0,5.832095623016357,False,91,0.0,11.445274949073784,4
Brycen Tremayne,WR,2026,3,2026,4,1,0.0,1.1526376008987427,False,0,0.0,15.868397545814496,4
Brycen Tremayne,WR,2026,3,2026,5,2,0.0,1.096422553062439,False,7,0.0,15.257735037803643,4
Brycen Tremayne,WR,2026,3,2026,6,3,0.0,1.155505657196045,False,14,0.0,14.684734916687002,4
Brycen Tremayne,WR,2026,3,2026,7,4,0.0,1.1160889863967896,False,21,0.0,14.667641472816454,4
Brycen Tremayne,WR,2026,3,2026,8,5,0.0,1.1079888343811035,False,28,0.0,14.050981450080869,4
Brycen Tremayne,WR,2026,3,2026,9,6,0.0,1.1307103633880615,False,35,0.0,13.347402334213253,4
Brycen Tremayne,WR,2026,3,2026,10,7,0.0,1.207876205444336,False,42,0.0,12.82143230438232,4
Brycen Tremayne,WR,2026,3,2026,11,8,0.0,1.328765630722046,False,49,0.0,12.345693159103387,4
Brycen Tremayne,WR,2026,3,2026,12,9,0.0,1.4581204652786255,False,56,0.0,11.363998913764926,4
Brycen Tremayne,WR,2026,3,2026,13,10,0.0,1.5552586317062378,False,63,0.0,10.826231002807617,4
Brycen Tremayne,WR,2026,3,2026,14,11,0.0,1.6081537008285522,False,70,0.0,10.61079809665679,4
Brycen Tremayne,WR,2026,3,2026,15,12,0.0,1.677703857421875,False,77,0.0,10.124538707733148,4
Brycen Tremayne,WR,2026,3,2026,16,13,0.0,1.7331316471099854,False,84,0.0,9.380120134353628,4
Brycen Tremayne,WR,2026,3,2026,17,14,0.0,1.7759462594985962,False,91,0.0,7.389125585556024,4
Bucky Irving,RB,2026,3,2026,4,1,0.0,11.430863380432129,False,0,0.3322479248046868,26.146623325347882,4
Bucky Irving,RB,2026,3,2026,5,2,0.0,11.640037536621094,False,7,0.0,25.801350021362296,4
Bucky Irving,RB,2026,3,2026,6,3,0.0,11.912971496582031,False,14,0.0,25.44220075607299,4
Bucky Irving,RB,2026,3,2026,7,4,0.0,12.00499153137207,False,21,0.0,25.556544017791737,4
Bucky Irving,RB,2026,3,2026,8,5,0.0,11.999410629272461,False,28,0.0,24.942403244972226,4
Bucky Irving,RB,2026,3,2026,9,6,0.0,11.930266380310059,False,35,0.0,24.14695835113525,4
Bucky Irving,RB,2026,3,2026,10,7,0.0,11.8517427444458,False,42,0.0,23.465298843383785,4
Bucky Irving,RB,2026,3,2026,11,8,0.0,11.748373031616211,False,49,0.0,22.765300559997552,4
Bucky Irving,RB,2026,3,2026,12,9,0.0,11.565213203430176,False,56,0.0,21.471091651916474,4
Bucky Irving,RB,2026,3,2026,13,10,0.0,11.36959457397461,False,63,0.0,20.64056694507599,4
Bucky Irving,RB,2026,3,2026,14,11,0.0,11.173423767089844,False,70,0.0,20.17606816291808,4
Bucky Irving,RB,2026,3,2026,15,12,0.0,10.983983993530273,False,77,0.0,19.430818843841546,4
Bucky Irving,RB,2026,3,2026,16,13,0.0,10.833474159240723,False,84,0.0,18.480462646484366,4
Bucky Irving,RB,2026,3,2026,17,14,0.0,10.71895694732666,False,91,0.0,16.332136273384087,4
C.J. Williams,WR,2026,3,2026,4,1,0.0,1.5703914165496826,False,0,0.0,16.286151361465436,4
C.J. Williams,WR,2026,3,2026,5,2,0.0,1.5767419338226318,False,7,0.0,15.738054418563836,4
C.J. Williams,WR,2026,3,2026,6,3,0.0,1.7377221584320068,False,14,0.0,15.266951417922964,4
C.J. Williams,WR,2026,3,2026,7,4,0.0,1.777044653892517,False,21,0.0,15.328597140312182,4
C.J. Williams,WR,2026,3,2026,8,5,0.0,1.8057867288589478,False,28,0.0,14.748779344558713,4
C.J. Williams,WR,2026,3,2026,9,6,0.0,1.8426095247268677,False,35,0.0,14.05930149555206,4
C.J. Williams,WR,2026,3,2026,10,7,0.0,1.9461671113967896,False,42,0.0,13.559723210334774,4
C.J. Williams,WR,2026,3,2026,11,8,0.0,2.1089701652526855,False,49,0.0,13.125897693634027,4
C.J. Williams,WR,2026,3,2026,12,9,0.0,2.2789463996887207,False,56,0.0,12.18482484817502,4
C.J. Williams,WR,2026,3,2026,13,10,0.0,2.4296016693115234,False,63,0.0,11.700574040412903,4
C.J. Williams,WR,2026,3,2026,14,11,0.0,2.508958578109741,False,70,0.0,11.511602973937979,4
C.J. Williams,WR,2026,3,2026,15,12,0.0,2.587877035140991,False,77,0.0,11.034711885452264,4
C.J. Williams,WR,2026,3,2026,16,13,0.0,2.6437597274780273,False,84,0.0,10.29074821472167,4
C.J. Williams,WR,2026,3,2026,17,14,0.0,2.6827468872070312,False,91,0.0,8.295926213264458,4
CJ Daniels,WR,2026,3,2026,4,1,0.0,1.386826515197754,False,0,0.0,16.102586460113507,4
CJ Daniels,WR,2026,3,2026,5,2,0.0,1.4065157175064087,False,7,0.0,15.567828202247613,4
CJ Daniels,WR,2026,3,2026,6,3,0.0,1.541954755783081,False,14,0.0,15.071184015274039,4
CJ Daniels,WR,2026,3,2026,7,4,0.0,1.5655533075332642,False,21,0.0,15.117105793952929,4
CJ Daniels,WR,2026,3,2026,8,5,0.0,1.5841435194015503,False,28,0.0,14.527136135101316,4
CJ Daniels,WR,2026,3,2026,9,6,0.0,1.6025739908218384,False,35,0.0,13.81926596164703,4
CJ Daniels,WR,2026,3,2026,10,7,0.0,1.6859554052352905,False,42,0.0,13.299511504173275,4
CJ Daniels,WR,2026,3,2026,11,8,0.0,1.8276938199996948,False,49,0.0,12.844621348381036,4
CJ Daniels,WR,2026,3,2026,12,9,0.0,1.9754295349121094,False,56,0.0,11.88130798339841,4
CJ Daniels,WR,2026,3,2026,13,10,0.0,2.095276355743408,False,63,0.0,11.366248726844788,4
CJ Daniels,WR,2026,3,2026,14,11,0.0,2.1565608978271484,False,70,0.0,11.159205293655386,4
CJ Daniels,WR,2026,3,2026,15,12,0.0,2.226839542388916,False,77,0.0,10.673674392700189,4
CJ Daniels,WR,2026,3,2026,16,13,0.0,2.2805237770080566,False,84,0.0,9.9275122642517,4
CJ Daniels,WR,2026,3,2026,17,14,0.0,2.3210935592651367,False,91,0.0,7.934272885322565,4
CJ Donaldson,RB,2026,3,2026,4,1,0.0,2.0316529273986816,False,0,0.0,16.747412872314435,4
CJ Donaldson,RB,2026,3,2026,5,2,0.0,1.997509479522705,False,7,0.0,16.158821964263907,4
CJ Donaldson,RB,2026,3,2026,6,3,0.0,2.1771843433380127,False,14,0.0,15.70641360282897,4
CJ Donaldson,RB,2026,3,2026,7,4,0.0,2.2719552516937256,False,21,0.0,15.82350773811339,4
CJ Donaldson,RB,2026,3,2026,8,5,0.0,2.358419895172119,False,28,0.0,15.301412510871884,4
CJ Donaldson,RB,2026,3,2026,9,6,0.0,2.4533863067626953,False,35,0.0,14.670078277587887,4
CJ Donaldson,RB,2026,3,2026,10,7,0.0,2.620851993560791,False,42,0.0,14.234408092498775,4
CJ Donaldson,RB,2026,3,2026,11,8,0.0,2.8650729656219482,False,49,0.0,13.88200049400329,4
CJ Donaldson,RB,2026,3,2026,12,9,0.0,3.1036205291748047,False,56,0.0,13.009498977661105,4
CJ Donaldson,RB,2026,3,2026,13,10,0.0,3.315305233001709,False,63,0.0,12.586277604103088,4
CJ Donaldson,RB,2026,3,2026,14,11,0.0,3.4338178634643555,False,70,0.0,12.436462259292593,4
CJ Donaldson,RB,2026,3,2026,15,12,0.0,3.531487464904785,False,77,0.0,11.978322315216058,4
CJ Donaldson,RB,2026,3,2026,16,13,0.0,3.593350887298584,False,84,0.0,11.240339374542227,4
CJ Donaldson,RB,2026,3,2026,17,14,0.0,3.6313161849975586,False,91,0.0,9.244495511054986,4
Caleb Douglas,WR,2026,3,2026,4,1,0.0,3.7453224658966064,False,0,0.0,18.46108241081236,4
Caleb Douglas,WR,2026,3,2026,5,2,0.0,3.465740203857422,False,7,0.0,17.627052688598624,4
Caleb Douglas,WR,2026,3,2026,6,3,0.0,3.5209903717041016,False,14,0.0,17.05021963119506,4
Caleb Douglas,WR,2026,3,2026,7,4,0.0,3.6813464164733887,False,21,0.0,17.232898902893055,4
Caleb Douglas,WR,2026,3,2026,8,5,0.0,3.8491876125335693,False,28,0.0,16.792180228233335,4
Caleb Douglas,WR,2026,3,2026,9,6,0.0,4.034361839294434,False,35,0.0,16.251053810119625,4
Caleb Douglas,WR,2026,3,2026,10,7,0.0,4.365734577178955,False,42,0.0,15.979290676116939,4
Caleb Douglas,WR,2026,3,2026,11,8,0.0,4.920287609100342,False,49,0.0,15.937215137481683,4
Caleb Douglas,WR,2026,3,2026,12,9,0.0,5.48523473739624,False,56,0.0,15.39111318588254,4
Caleb Douglas,WR,2026,3,2026,13,10,0.0,6.113824367523193,False,63,0.0,15.384796738624573,4
Caleb Douglas,WR,2026,3,2026,14,11,0.0,6.614516735076904,False,70,0.0,15.617161130905142,4
Caleb Douglas,WR,2026,3,2026,15,12,0.0,6.906534671783447,False,77,0.0,15.35336952209472,4
Caleb Douglas,WR,2026,3,2026,16,13,0.0,7.004101276397705,False,84,0.0,14.651089763641348,4
Caleb Douglas,WR,2026,3,2026,17,14,0.0,7.0146870613098145,False,91,0.0,12.627866387367241,4
Calvin Ridley,WR,2026,3,2026,4,1,0.0,5.760900020599365,False,0,0.0,20.47665996551512,4
Calvin Ridley,WR,2026,3,2026,5,2,0.0,5.649415016174316,False,7,0.0,19.81072750091552,4
Calvin Ridley,WR,2026,3,2026,6,3,0.0,6.027694225311279,False,14,0.0,19.556923484802237,4
Calvin Ridley,WR,2026,3,2026,7,4,0.0,6.518314838409424,False,21,0.0,20.06986732482909,4
Calvin Ridley,WR,2026,3,2026,8,5,0.0,7.002086639404297,False,28,0.0,19.945079255104062,4
Calvin Ridley,WR,2026,3,2026,9,6,0.0,7.5247979164123535,False,35,0.0,19.741489887237545,4
Calvin Ridley,WR,2026,3,2026,10,7,0.0,8.230250358581543,False,42,0.0,19.843806457519527,4
Calvin Ridley,WR,2026,3,2026,11,8,0.0,9.1360445022583,False,49,0.0,20.152972030639642,4
Calvin Ridley,WR,2026,3,2026,12,9,0.0,9.958802223205566,False,56,0.0,19.864680671691865,4
Calvin Ridley,WR,2026,3,2026,13,10,0.0,10.606314659118652,False,63,0.0,19.87728703022003,4
Calvin Ridley,WR,2026,3,2026,14,11,0.0,10.91997241973877,False,70,0.0,19.922616815567007,4
Calvin Ridley,WR,2026,3,2026,15,12,0.0,10.979177474975586,False,77,0.0,19.42601232528686,4
Calvin Ridley,WR,2026,3,2026,16,13,0.0,10.946046829223633,False,84,0.0,18.593035316467276,4
Calvin Ridley,WR,2026,3,2026,17,14,0.0,10.877413749694824,False,91,0.0,16.49059307575225,4
Cam Skattebo,RB,2026,3,2026,4,1,0.0,9.945122718811035,False,0,0.0,24.660882663726788,4
Cam Skattebo,RB,2026,3,2026,5,2,0.0,10.049092292785645,False,7,0.0,24.210404777526847,4
Cam Skattebo,RB,2026,3,2026,6,3,0.0,10.566003799438477,False,14,0.0,24.095233058929434,4
Cam Skattebo,RB,2026,3,2026,7,4,0.0,11.121926307678223,False,21,0.0,24.67347879409789,4
Cam Skattebo,RB,2026,3,2026,8,5,0.0,11.648430824279785,False,28,0.0,24.59142343997955,4
Cam Skattebo,RB,2026,3,2026,9,6,0.0,12.04077434539795,False,35,0.0,24.25746631622314,4
Cam Skattebo,RB,2026,3,2026,10,7,0.0,12.34671401977539,False,42,0.0,23.960270118713375,4
Cam Skattebo,RB,2026,3,2026,11,8,0.0,12.608292579650879,False,49,0.0,23.62522010803222,4
Cam Skattebo,RB,2026,3,2026,12,9,0.0,12.757401466369629,False,56,0.0,22.663279914855927,4
Cam Skattebo,RB,2026,3,2026,13,10,0.0,12.912837028503418,False,63,0.0,22.183809399604797,4
Cam Skattebo,RB,2026,3,2026,14,11,0.0,12.977991104125977,False,70,0.0,21.980635499954214,4
Cam Skattebo,RB,2026,3,2026,15,12,0.0,12.945708274841309,False,77,0.0,21.39254312515258,4
Cam Skattebo,RB,2026,3,2026,16,13,0.0,12.885661125183105,False,84,0.0,20.53264961242675,4
Cam Skattebo,RB,2026,3,2026,17,14,0.0,12.807451248168945,False,91,0.0,18.420630574226372,4
Camden Brown,WR,2026,3,2026,4,1,0.0,1.7502902746200562,False,0,0.0,16.46605021953581,4
Camden Brown,WR,2026,3,2026,5,2,0.0,1.7573761940002441,False,7,0.0,15.918688678741448,4
Camden Brown,WR,2026,3,2026,6,3,0.0,1.9407840967178345,False,14,0.0,15.470013356208792,4
Camden Brown,WR,2026,3,2026,7,4,0.0,1.9985461235046387,False,21,0.0,15.550098609924303,4
Camden Brown,WR,2026,3,2026,8,5,0.0,2.0403077602386475,False,28,0.0,14.983300375938413,4
Camden Brown,WR,2026,3,2026,9,6,0.0,2.0970027446746826,False,35,0.0,14.313694715499874,4
Camden Brown,WR,2026,3,2026,10,7,0.0,2.2296292781829834,False,42,0.0,13.843185377120967,4
Camden Brown,WR,2026,3,2026,11,8,0.0,2.4318323135375977,False,49,0.0,13.448759841918939,4
Camden Brown,WR,2026,3,2026,12,9,0.0,2.6440606117248535,False,56,0.0,12.549939060211154,4
Camden Brown,WR,2026,3,2026,13,10,0.0,2.8466744422912598,False,63,0.0,12.11764681339264,4
Camden Brown,WR,2026,3,2026,14,11,0.0,2.962528944015503,False,70,0.0,11.96517333984374,4
Camden Brown,WR,2026,3,2026,15,12,0.0,3.0621800422668457,False,77,0.0,11.509014892578119,4
Camden Brown,WR,2026,3,2026,16,13,0.0,3.128207206726074,False,84,0.0,10.775195693969717,4
Camden Brown,WR,2026,3,2026,17,14,0.0,3.1701788902282715,False,91,0.0,8.783358216285698,4
Carnell Tate,WR,2026,3,2026,4,1,0.0,4.1997270584106445,False,0,0.0,18.915487003326398,4
Carnell Tate,WR,2026,3,2026,5,2,0.0,3.979433536529541,False,7,0.0,18.140746021270743,4
Carnell Tate,WR,2026,3,2026,6,3,0.0,4.037153720855713,False,14,0.0,17.56638298034667,4
Carnell Tate,WR,2026,3,2026,7,4,0.0,4.182579517364502,False,21,0.0,17.73413200378417,4
Carnell Tate,WR,2026,3,2026,8,5,0.0,4.337808132171631,False,28,0.0,17.280800747871396,4
Carnell Tate,WR,2026,3,2026,9,6,0.0,4.520137310028076,False,35,0.0,16.736829280853268,4
Carnell Tate,WR,2026,3,2026,10,7,0.0,4.8623785972595215,False,42,0.0,16.475934696197506,4
Carnell Tate,WR,2026,3,2026,11,8,0.0,5.445167064666748,False,49,0.0,16.46209459304809,4
Carnell Tate,WR,2026,3,2026,12,9,0.0,6.036412715911865,False,56,0.0,15.942291164398165,4
Carnell Tate,WR,2026,3,2026,13,10,0.0,6.689982891082764,False,63,0.0,15.960955262184143,4
Carnell Tate,WR,2026,3,2026,14,11,0.0,7.204837322235107,False,70,0.0,16.207481718063345,4
Carnell Tate,WR,2026,3,2026,15,12,0.0,7.488846302032471,False,77,0.0,15.935681152343744,4
Carnell Tate,WR,2026,3,2026,16,13,0.0,7.571821689605713,False,84,0.0,15.218810176849356,4
Carnell Tate,WR,2026,3,2026,17,14,0.0,7.572657585144043,False,91,0.0,13.18583691120147,4
CeeDee Lamb,WR,2026,3,2026,4,1,0.0,17.243610382080078,False,0,6.144994926452636,31.95937032699583,4
CeeDee Lamb,WR,2026,3,2026,5,2,0.0,18.185733795166016,False,7,4.518439579010009,32.34704627990722,4
CeeDee Lamb,WR,2026,3,2026,6,3,0.0,18.428585052490234,False,14,4.300999736785888,31.957814311981192,4
CeeDee Lamb,WR,2026,3,2026,7,4,0.0,18.56842803955078,False,21,4.280673789978028,32.11998052597045,4
CeeDee Lamb,WR,2026,3,2026,8,5,0.0,18.63420295715332,False,28,4.195752716064453,31.577195572853086,4
CeeDee Lamb,WR,2026,3,2026,9,6,0.0,18.629714965820312,False,35,4.096313762664794,30.846406936645504,4
CeeDee Lamb,WR,2026,3,2026,10,7,0.0,18.59585189819336,False,42,3.9901991844177243,30.209407997131343,4
CeeDee Lamb,WR,2026,3,2026,11,8,0.0,18.58974838256836,False,49,3.9343001365661614,29.6066759109497,4
CeeDee Lamb,WR,2026,3,2026,12,9,0.0,18.514179229736328,False,56,3.812362194061281,28.420057678222626,4
CeeDee Lamb,WR,2026,3,2026,13,10,0.0,18.439414978027344,False,63,3.6746880531311046,27.710387349128723,4
CeeDee Lamb,WR,2026,3,2026,14,11,0.0,18.389925003051758,False,70,3.578651332855225,27.392569398879996,4
CeeDee Lamb,WR,2026,3,2026,15,12,0.0,18.30956268310547,False,77,3.466757678985596,26.75639753341674,4
CeeDee Lamb,WR,2026,3,2026,16,13,0.0,18.21611785888672,False,84,3.3635203361511223,25.863106346130362,4
CeeDee Lamb,WR,2026,3,2026,17,14,0.0,18.1224422454834,False,91,3.2391493797302253,23.735621571540825,4
Charlie Jones,WR,2026,3,2026,4,1,0.0,0.45281079411506653,False,0,0.0,15.16857073903082,4
Charlie Jones,WR,2026,3,2026,5,2,0.0,0.5320323705673218,False,7,0.0,14.693344855308526,4
Charlie Jones,WR,2026,3,2026,6,3,0.0,0.5815150737762451,False,14,0.0,14.110744333267203,4
Charlie Jones,WR,2026,3,2026,7,4,0.0,0.515953540802002,False,21,0.0,14.067506027221667,4
Charlie Jones,WR,2026,3,2026,8,5,0.0,0.48338308930397034,False,28,0.0,13.426375705003736,4
Charlie Jones,WR,2026,3,2026,9,6,0.0,0.4862169921398163,False,35,0.0,12.702908962965008,4
Charlie Jones,WR,2026,3,2026,10,7,0.0,0.5469032526016235,False,42,0.0,12.160459351539608,4
Charlie Jones,WR,2026,3,2026,11,8,0.0,0.6345506310462952,False,49,0.0,11.651478159427636,4
Charlie Jones,WR,2026,3,2026,12,9,0.0,0.7310466766357422,False,56,0.0,10.636925125122042,4
Charlie Jones,WR,2026,3,2026,13,10,0.0,0.7890664339065552,False,63,0.0,10.060038805007935,4
Charlie Jones,WR,2026,3,2026,14,11,0.0,0.8138412237167358,False,70,0.0,9.816485619544974,4
Charlie Jones,WR,2026,3,2026,15,12,0.0,0.8686763048171997,False,77,0.0,9.315511155128473,4
Charlie Jones,WR,2026,3,2026,16,13,0.0,0.9068679809570312,False,84,0.0,8.553856468200674,4
Charlie Jones,WR,2026,3,2026,17,14,0.0,0.9300757646560669,False,91,0.0,6.543255090713495,4
Chase Brown,RB,2026,3,2026,4,1,0.0,15.718035697937012,False,0,4.61942024230957,30.433795642852765,4
Chase Brown,RB,2026,3,2026,5,2,0.0,15.824301719665527,False,7,2.1570075035095204,29.98561420440673,4
Chase Brown,RB,2026,3,2026,6,3,0.0,15.815452575683594,False,14,1.6878672599792477,29.34468183517455,4
Chase Brown,RB,2026,3,2026,7,4,0.0,15.839827537536621,False,21,1.552073287963868,29.391380023956287,4
Chase Brown,RB,2026,3,2026,8,5,0.0,15.907967567443848,False,28,1.4695173263549801,28.850960183143613,4
Chase Brown,RB,2026,3,2026,9,6,0.0,15.99526596069336,False,35,1.4618647575378407,28.21195793151855,4
Chase Brown,RB,2026,3,2026,10,7,0.0,16.105375289916992,False,42,1.499722576141357,27.718931388854976,4
Chase Brown,RB,2026,3,2026,11,8,0.0,16.224451065063477,False,49,1.5690028190612786,27.241378593444818,4
Chase Brown,RB,2026,3,2026,12,9,0.0,16.29376792907715,False,56,1.5919508934021014,26.199646377563447,4
Chase Brown,RB,2026,3,2026,13,10,0.0,16.43314552307129,False,63,1.66841859817505,25.70411789417267,4
Chase Brown,RB,2026,3,2026,14,11,0.0,16.511165618896484,False,70,1.6998919486999515,25.513810014724722,4
Chase Brown,RB,2026,3,2026,15,12,0.0,16.49775505065918,False,77,1.654950046539307,24.944589900970453,4
Chase Brown,RB,2026,3,2026,16,13,0.0,16.463729858398438,False,84,1.611132335662841,24.11071834564208,4
Chase Brown,RB,2026,3,2026,17,14,0.0,16.40525245666504,False,91,1.521959590911866,22.018431782722466,4
Chimere Dike,WR,2026,3,2026,4,1,0.0,4.923323154449463,False,0,0.0,19.639083099365216,4
Chimere Dike,WR,2026,3,2026,5,2,0.0,4.429951190948486,False,7,0.0,18.59126367568969,4
Chimere Dike,WR,2026,3,2026,6,3,0.0,4.188475131988525,False,14,0.0,17.717704391479483,4
Chimere Dike,WR,2026,3,2026,7,4,0.0,4.07700777053833,False,21,0.0,17.628560256957996,4
Chimere Dike,WR,2026,3,2026,8,5,0.0,4.015046119689941,False,28,0.0,16.958038735389707,4
Chimere Dike,WR,2026,3,2026,9,6,0.0,3.9601516723632812,False,35,0.0,16.176843643188473,4
Chimere Dike,WR,2026,3,2026,10,7,0.0,3.9599766731262207,False,42,0.0,15.573532772064205,4
Chimere Dike,WR,2026,3,2026,11,8,0.0,4.0797200202941895,False,49,0.0,15.09664754867553,4
Chimere Dike,WR,2026,3,2026,12,9,0.0,4.174950122833252,False,56,0.0,14.080828571319552,4
Chimere Dike,WR,2026,3,2026,13,10,0.0,4.264418125152588,False,63,0.0,13.535390496253967,4
Chimere Dike,WR,2026,3,2026,14,11,0.0,4.31751012802124,False,70,0.0,13.320154523849478,4
Chimere Dike,WR,2026,3,2026,15,12,0.0,4.364574909210205,False,77,0.0,12.811409759521478,4
Chimere Dike,WR,2026,3,2026,16,13,0.0,4.385228633880615,False,84,0.0,12.032217121124258,4
Chimere Dike,WR,2026,3,2026,17,14,0.0,4.39881706237793,False,91,0.0,10.011996388435357,4
Chris Bell,WR,2026,3,2026,4,1,0.0,2.9494996070861816,False,0,0.0,17.665259552001935,4
Chris Bell,WR,2026,3,2026,5,2,0.0,2.8227317333221436,False,7,0.0,16.984044218063346,4
Chris Bell,WR,2026,3,2026,6,3,0.0,2.9758658409118652,False,14,0.0,16.505095100402823,4
Chris Bell,WR,2026,3,2026,7,4,0.0,3.09641170501709,False,21,0.0,16.647964191436756,4
Chris Bell,WR,2026,3,2026,8,5,0.0,3.194444417953491,False,28,0.0,16.137437033653256,4
Chris Bell,WR,2026,3,2026,9,6,0.0,3.287994861602783,False,35,0.0,15.504686832427975,4
Chris Bell,WR,2026,3,2026,10,7,0.0,3.4825987815856934,False,42,0.0,15.096154880523677,4
Chris Bell,WR,2026,3,2026,11,8,0.0,3.8351337909698486,False,49,0.0,14.85206131935119,4
Chris Bell,WR,2026,3,2026,12,9,0.0,4.223142147064209,False,56,0.0,14.129020595550509,4
Chris Bell,WR,2026,3,2026,13,10,0.0,4.663577556610107,False,63,0.0,13.934549927711487,4
Chris Bell,WR,2026,3,2026,14,11,0.0,5.0003132820129395,False,70,0.0,14.002957677841177,4
Chris Bell,WR,2026,3,2026,15,12,0.0,5.236771106719971,False,77,0.0,13.683605957031244,4
Chris Bell,WR,2026,3,2026,16,13,0.0,5.358717441558838,False,84,0.0,13.005705928802481,4
Chris Bell,WR,2026,3,2026,17,14,0.0,5.409417152404785,False,91,0.0,11.022596478462212,4
Chris Blair,WR,2026,3,2026,4,1,0.0,0.9329400062561035,False,0,0.0,15.648699951171857,4
Chris Blair,WR,2026,3,2026,5,2,0.0,1.0144867897033691,False,7,0.0,15.175799274444573,4
Chris Blair,WR,2026,3,2026,6,3,0.0,1.0668295621871948,False,14,0.0,14.596058821678152,4
Chris Blair,WR,2026,3,2026,7,4,0.0,1.021483063697815,False,21,0.0,14.57303555011748,4
Chris Blair,WR,2026,3,2026,8,5,0.0,1.001529335975647,False,28,0.0,13.944521951675412,4
Chris Blair,WR,2026,3,2026,9,6,0.0,0.9862520694732666,False,35,0.0,13.202944040298458,4
Chris Blair,WR,2026,3,2026,10,7,0.0,1.0017966032028198,False,42,0.0,12.615352702140804,4
Chris Blair,WR,2026,3,2026,11,8,0.0,1.0363476276397705,False,49,0.0,12.053275156021112,4
Chris Blair,WR,2026,3,2026,12,9,0.0,1.0756759643554688,False,56,0.0,10.981554412841769,4
Chris Blair,WR,2026,3,2026,13,10,0.0,1.1050961017608643,False,63,0.0,10.376068472862244,4
Chris Blair,WR,2026,3,2026,14,11,0.0,1.1168361902236938,False,70,0.0,10.119480586051932,4
Chris Blair,WR,2026,3,2026,15,12,0.0,1.156194806098938,False,77,0.0,9.603029656410211,4
Chris Blair,WR,2026,3,2026,16,13,0.0,1.1921519041061401,False,84,0.0,8.839140391349783,4
Chris Blair,WR,2026,3,2026,17,14,0.0,1.2263261079788208,False,91,0.0,6.839505434036249,4
Chris Brooks,RB,2026,3,2026,4,1,0.0,1.2635563611984253,False,0,0.0,15.979316306114178,4
Chris Brooks,RB,2026,3,2026,5,2,0.0,1.2668395042419434,False,7,0.0,15.428151988983148,4
Chris Brooks,RB,2026,3,2026,6,3,0.0,1.2692186832427979,False,14,0.0,14.798447942733755,4
Chris Brooks,RB,2026,3,2026,7,4,0.0,1.1906678676605225,False,21,0.0,14.742220354080187,4
Chris Brooks,RB,2026,3,2026,8,5,0.0,1.1382920742034912,False,28,0.0,14.081284689903256,4
Chris Brooks,RB,2026,3,2026,9,6,0.0,1.0960994958877563,False,35,0.0,13.312791466712948,4
Chris Brooks,RB,2026,3,2026,10,7,0.0,1.0858018398284912,False,42,0.0,12.699357938766475,4
Chris Brooks,RB,2026,3,2026,11,8,0.0,1.0942875146865845,False,49,0.0,12.111215043067926,4
Chris Brooks,RB,2026,3,2026,12,9,0.0,1.1128355264663696,False,56,0.0,11.01871397495267,4
Chris Brooks,RB,2026,3,2026,13,10,0.0,1.1321208477020264,False,63,0.0,10.403093218803406,4
Chris Brooks,RB,2026,3,2026,14,11,0.0,1.1367905139923096,False,70,0.0,10.139434909820547,4
Chris Brooks,RB,2026,3,2026,15,12,0.0,1.1705076694488525,False,77,0.0,9.617342519760125,4
Chris Brooks,RB,2026,3,2026,16,13,0.0,1.2030807733535767,False,84,0.0,8.85006926059722,4
Chris Brooks,RB,2026,3,2026,17,14,0.0,1.2356024980545044,False,91,0.0,6.848781824111932,4
Chris Godwin Jr.,WR,2026,3,2026,4,1,0.0,8.785979270935059,False,0,0.0,23.50173921585081,4
Chris Godwin Jr.,WR,2026,3,2026,5,2,0.0,8.615572929382324,False,7,0.0,22.776885414123527,4
Chris Godwin Jr.,WR,2026,3,2026,6,3,0.0,8.63360595703125,False,14,0.0,22.162835216522208,4
Chris Godwin Jr.,WR,2026,3,2026,7,4,0.0,8.812262535095215,False,21,0.0,22.36381502151488,4
Chris Godwin Jr.,WR,2026,3,2026,8,5,0.0,9.15023136138916,False,28,0.0,22.093223977088925,4
Chris Godwin Jr.,WR,2026,3,2026,9,6,0.0,9.623002052307129,False,35,0.0,21.83969402313232,4
Chris Godwin Jr.,WR,2026,3,2026,10,7,0.0,10.306689262390137,False,42,0.0,21.92024536132812,4
Chris Godwin Jr.,WR,2026,3,2026,11,8,0.0,11.09709644317627,False,49,0.0,22.11402397155761,4
Chris Godwin Jr.,WR,2026,3,2026,12,9,0.0,11.626715660095215,False,56,0.0,21.532594108581513,4
Chris Godwin Jr.,WR,2026,3,2026,13,10,0.0,12.068674087524414,False,63,0.0,21.339646458625793,4
Chris Godwin Jr.,WR,2026,3,2026,14,11,0.0,12.347193717956543,False,70,0.0,21.34983811378478,4
Chris Godwin Jr.,WR,2026,3,2026,15,12,0.0,12.402719497680664,False,77,0.0,20.849554347991937,4
Chris Godwin Jr.,WR,2026,3,2026,16,13,0.0,12.347491264343262,False,84,0.0,19.994479751586905,4
Chris Godwin Jr.,WR,2026,3,2026,17,14,0.0,12.255128860473633,False,91,0.0,17.86830818653106,4
Chris Moore,WR,2026,3,2026,4,1,0.0,2.9576926231384277,False,0,0.0,17.67345256805418,4
Chris Moore,WR,2026,3,2026,5,2,0.0,2.840498685836792,False,7,0.0,17.001811170577994,4
Chris Moore,WR,2026,3,2026,6,3,0.0,2.851585865020752,False,14,0.0,16.38081512451171,4
Chris Moore,WR,2026,3,2026,7,4,0.0,2.8182384967803955,False,21,0.0,16.369790983200062,4
Chris Moore,WR,2026,3,2026,8,5,0.0,2.803011894226074,False,28,0.0,15.74600450992584,4
Chris Moore,WR,2026,3,2026,9,6,0.0,2.792745351791382,False,35,0.0,15.009437322616574,4
Chris Moore,WR,2026,3,2026,10,7,0.0,2.8407034873962402,False,42,0.0,14.454259586334224,4
Chris Moore,WR,2026,3,2026,11,8,0.0,2.9733407497406006,False,49,0.0,13.990268278121942,4
Chris Moore,WR,2026,3,2026,12,9,0.0,3.0788774490356445,False,56,0.0,12.984755897521945,4
Chris Moore,WR,2026,3,2026,13,10,0.0,3.1593215465545654,False,63,0.0,12.430293917655945,4
Chris Moore,WR,2026,3,2026,14,11,0.0,3.1991071701049805,False,70,0.0,12.201751565933218,4
Chris Moore,WR,2026,3,2026,15,12,0.0,3.2490670680999756,False,77,0.0,11.695901918411248,4
Chris Moore,WR,2026,3,2026,16,13,0.0,3.2880892753601074,False,84,0.0,10.93507776260375,4
Chris Moore,WR,2026,3,2026,17,14,0.0,3.3185505867004395,False,91,0.0,8.931729912757866,4
Chris Olave,WR,2026,3,2026,4,1,0.0,13.23630428314209,False,0,2.1376888275146477,27.952064228057843,4
Chris Olave,WR,2026,3,2026,5,2,0.0,13.572718620300293,False,7,0.0,27.734031105041495,4
Chris Olave,WR,2026,3,2026,6,3,0.0,13.853991508483887,False,14,0.0,27.383220767974844,4
Chris Olave,WR,2026,3,2026,7,4,0.0,14.003257751464844,False,21,0.0,27.55481023788451,4
Chris Olave,WR,2026,3,2026,8,5,0.0,14.116473197937012,False,28,0.0,27.059465813636777,4
Chris Olave,WR,2026,3,2026,9,6,0.0,14.241423606872559,False,35,0.0,26.45811557769775,4
Chris Olave,WR,2026,3,2026,10,7,0.0,14.37007999420166,False,42,0.0,25.983636093139644,4
Chris Olave,WR,2026,3,2026,11,8,0.0,14.48211669921875,False,49,0.0,25.49904422760009,4
Chris Olave,WR,2026,3,2026,12,9,0.0,14.528074264526367,False,56,0.0,24.433952713012665,4
Chris Olave,WR,2026,3,2026,13,10,0.0,14.562407493591309,False,63,0.0,23.833379864692688,4
Chris Olave,WR,2026,3,2026,14,11,0.0,14.536791801452637,False,70,0.0,23.539436197280875,4
Chris Olave,WR,2026,3,2026,15,12,0.0,14.485430717468262,False,77,0.0,22.932265567779535,4
Chris Olave,WR,2026,3,2026,16,13,0.0,14.443582534790039,False,84,0.0,22.090571022033682,4
Chris Olave,WR,2026,3,2026,17,14,0.0,14.39123249053955,False,91,0.0,20.004411816596978,4
Chris Rodriguez Jr.,RB,2026,3,2026,4,1,0.0,5.272500991821289,False,0,0.0,19.988260936737042,4
Chris Rodriguez Jr.,RB,2026,3,2026,5,2,0.0,5.139610767364502,False,7,0.0,19.300923252105704,4
Chris Rodriguez Jr.,RB,2026,3,2026,6,3,0.0,5.595828056335449,False,14,0.0,19.125057315826407,4
Chris Rodriguez Jr.,RB,2026,3,2026,7,4,0.0,6.13320255279541,False,21,0.0,19.684755039215077,4
Chris Rodriguez Jr.,RB,2026,3,2026,8,5,0.0,6.64277982711792,False,28,0.0,19.585772442817685,4
Chris Rodriguez Jr.,RB,2026,3,2026,9,6,0.0,7.170704364776611,False,35,0.0,19.387396335601803,4
Chris Rodriguez Jr.,RB,2026,3,2026,10,7,0.0,7.878701686859131,False,42,0.0,19.492257785797115,4
Chris Rodriguez Jr.,RB,2026,3,2026,11,8,0.0,8.793402671813965,False,49,0.0,19.810330200195306,4
Chris Rodriguez Jr.,RB,2026,3,2026,12,9,0.0,9.646525382995605,False,56,0.0,19.552403831481904,4
Chris Rodriguez Jr.,RB,2026,3,2026,13,10,0.0,10.335356712341309,False,63,0.0,19.606329083442688,4
Chris Rodriguez Jr.,RB,2026,3,2026,14,11,0.0,10.666213035583496,False,70,0.0,19.668857431411734,4
Chris Rodriguez Jr.,RB,2026,3,2026,15,12,0.0,10.730822563171387,False,77,0.0,19.17765741348266,4
Chris Rodriguez Jr.,RB,2026,3,2026,16,13,0.0,10.691719055175781,False,84,0.0,18.338707542419424,4
Chris Rodriguez Jr.,RB,2026,3,2026,17,14,0.0,10.616735458374023,False,91,0.0,16.22991478443145,4
Christian McCaffrey,RB,2026,3,2026,4,1,0.0,18.44220733642578,False,0,7.343591880798339,33.157967281341534,4
Christian McCaffrey,RB,2026,3,2026,5,2,0.0,21.869678497314453,False,7,8.202384281158446,36.030990982055656,4
Christian McCaffrey,RB,2026,3,2026,6,3,0.0,22.328353881835938,False,14,8.200768566131591,35.8575831413269,4
Christian McCaffrey,RB,2026,3,2026,7,4,0.0,22.605680465698242,False,21,8.317926216125489,36.15723295211791,4
Christian McCaffrey,RB,2026,3,2026,8,5,0.0,22.85714340209961,False,28,8.418693161010742,35.800136017799375,4
Christian McCaffrey,RB,2026,3,2026,9,6,0.0,23.038862228393555,False,35,8.505461025238036,35.25555419921875,4
Christian McCaffrey,RB,2026,3,2026,10,7,0.0,23.16560173034668,False,42,8.559949016571045,34.779157829284664,4
Christian McCaffrey,RB,2026,3,2026,11,8,0.0,23.26748275756836,False,49,8.612034511566161,34.284410285949704,4
Christian McCaffrey,RB,2026,3,2026,12,9,0.0,23.31549835205078,False,56,8.613681316375734,33.22137680053708,4
Christian McCaffrey,RB,2026,3,2026,13,10,0.0,23.367469787597656,False,63,8.602742862701417,32.638442158699036,4
Christian McCaffrey,RB,2026,3,2026,14,11,0.0,23.417911529541016,False,70,8.606637859344483,32.42055592536926,4
Christian McCaffrey,RB,2026,3,2026,15,12,0.0,23.45951271057129,False,77,8.616707706451416,31.906347560882562,4
Christian McCaffrey,RB,2026,3,2026,16,13,0.0,23.47406005859375,False,84,8.621462535858154,31.121048545837393,4
Christian McCaffrey,RB,2026,3,2026,17,14,0.0,23.45698356628418,False,91,8.573690700531007,29.070162892341607,4
Christian Watson,WR,2026,3,2026,4,1,0.0,17.383535385131836,False,0,6.284919929504394,32.09929533004759,4
Christian Watson,WR,2026,3,2026,5,2,0.0,19.847007751464844,False,7,6.179713535308837,34.008320236206046,4
Christian Watson,WR,2026,3,2026,6,3,0.0,20.16151237487793,False,14,6.033927059173584,33.69074163436889,4
Christian Watson,WR,2026,3,2026,7,4,0.0,20.493207931518555,False,21,6.2054536819458015,34.04476041793822,4
Christian Watson,WR,2026,3,2026,8,5,0.0,20.833194732666016,False,28,6.394744491577148,33.77618734836578,4
Christian Watson,WR,2026,3,2026,9,6,0.0,21.097820281982422,False,35,6.564419078826903,33.31451225280762,4
Christian Watson,WR,2026,3,2026,10,7,0.0,21.32554817199707,False,42,6.719895458221435,32.939104270935054,4
Christian Watson,WR,2026,3,2026,11,8,0.0,21.56248664855957,False,49,6.907038402557372,32.579414176940915,4
Christian Watson,WR,2026,3,2026,12,9,0.0,21.681306838989258,False,56,6.979489803314211,31.587185287475556,4
Christian Watson,WR,2026,3,2026,13,10,0.0,21.763019561767578,False,63,6.998292636871339,31.033991932868958,4
Christian Watson,WR,2026,3,2026,14,11,0.0,21.753398895263672,False,70,6.942125225067139,30.75604329109191,4
Christian Watson,WR,2026,3,2026,15,12,0.0,21.637939453125,False,77,6.795134449005127,30.084774303436273,4
Christian Watson,WR,2026,3,2026,16,13,0.0,21.42757797241211,False,84,6.574980449676513,29.074566459655752,4
Christian Watson,WR,2026,3,2026,17,14,0.0,21.1955509185791,False,91,6.3122580528259284,26.80873024463653,4
Chuba Hubbard,RB,2026,3,2026,4,1,0.0,11.625960350036621,False,0,0.527344894409179,26.341720294952374,4
Chuba Hubbard,RB,2026,3,2026,5,2,0.0,11.95528507232666,False,7,0.0,26.116597557067863,4
Chuba Hubbard,RB,2026,3,2026,6,3,0.0,12.086347579956055,False,14,0.0,25.615576839447012,4
Chuba Hubbard,RB,2026,3,2026,7,4,0.0,12.013823509216309,False,21,0.0,25.565375995635975,4
Chuba Hubbard,RB,2026,3,2026,8,5,0.0,11.878510475158691,False,28,0.0,24.821503090858457,4
Chuba Hubbard,RB,2026,3,2026,9,6,0.0,11.698582649230957,False,35,0.0,23.91527462005615,4
Chuba Hubbard,RB,2026,3,2026,10,7,0.0,11.51801586151123,False,42,0.0,23.131571960449214,4
Chuba Hubbard,RB,2026,3,2026,11,8,0.0,11.30529499053955,False,49,0.0,22.322222518920892,4
Chuba Hubbard,RB,2026,3,2026,12,9,0.0,11.02039623260498,False,56,0.0,20.92627468109128,4
Chuba Hubbard,RB,2026,3,2026,13,10,0.0,10.740595817565918,False,63,0.0,20.011568188667297,4
Chuba Hubbard,RB,2026,3,2026,14,11,0.0,10.50417423248291,False,70,0.0,19.506818628311148,4
Chuba Hubbard,RB,2026,3,2026,15,12,0.0,10.313008308410645,False,77,0.0,18.759843158721917,4
Chuba Hubbard,RB,2026,3,2026,16,13,0.0,10.174620628356934,False,84,0.0,17.821609115600577,4
Chuba Hubbard,RB,2026,3,2026,17,14,0.0,10.084372520446777,False,91,0.0,15.697551846504204,4
Cody White,WR,2026,3,2026,4,1,0.0,2.012239694595337,False,0,0.0,16.72799963951109,4
Cody White,WR,2026,3,2026,5,2,0.0,1.8341690301895142,False,7,0.0,15.995481514930718,4
Cody White,WR,2026,3,2026,6,3,0.0,1.8061401844024658,False,14,0.0,15.335369443893423,4
Cody White,WR,2026,3,2026,7,4,0.0,1.7286285161972046,False,21,0.0,15.28018100261687,4
Cody White,WR,2026,3,2026,8,5,0.0,1.6767200231552124,False,28,0.0,14.619712638854978,4
Cody White,WR,2026,3,2026,9,6,0.0,1.626522183418274,False,35,0.0,13.843214154243466,4
Cody White,WR,2026,3,2026,10,7,0.0,1.622720718383789,False,42,0.0,13.236276817321773,4
Cody White,WR,2026,3,2026,11,8,0.0,1.6620887517929077,False,49,0.0,12.679016280174249,4
Cody White,WR,2026,3,2026,12,9,0.0,1.6963456869125366,False,56,0.0,11.602224135398837,4
Cody White,WR,2026,3,2026,13,10,0.0,1.7279444932937622,False,63,0.0,10.998916864395142,4
Cody White,WR,2026,3,2026,14,11,0.0,1.7401069402694702,False,70,0.0,10.742751336097708,4
Cody White,WR,2026,3,2026,15,12,0.0,1.777549147605896,False,77,0.0,10.224383997917169,4
Cody White,WR,2026,3,2026,16,13,0.0,1.8108917474746704,False,84,0.0,9.457880234718314,4
Cody White,WR,2026,3,2026,17,14,0.0,1.8423858880996704,False,91,0.0,7.455565214157098,4
Colbie Young,WR,2026,3,2026,4,1,0.0,1.3888437747955322,False,0,0.0,16.104603719711285,4
Colbie Young,WR,2026,3,2026,5,2,0.0,1.409271240234375,False,7,0.0,15.57058372497558,4
Colbie Young,WR,2026,3,2026,6,3,0.0,1.549292802810669,False,14,0.0,15.078522062301627,4
Colbie Young,WR,2026,3,2026,7,4,0.0,1.5669113397598267,False,21,0.0,15.118463826179491,4
Colbie Young,WR,2026,3,2026,8,5,0.0,1.5791411399841309,False,28,0.0,14.522133755683896,4
Colbie Young,WR,2026,3,2026,9,6,0.0,1.5960288047790527,False,35,0.0,13.812720775604244,4
Colbie Young,WR,2026,3,2026,10,7,0.0,1.676950454711914,False,42,0.0,13.290506553649898,4
Colbie Young,WR,2026,3,2026,11,8,0.0,1.8088678121566772,False,49,0.0,12.825795340538019,4
Colbie Young,WR,2026,3,2026,12,9,0.0,1.9481478929519653,False,56,0.0,11.854026341438265,4
Colbie Young,WR,2026,3,2026,13,10,0.0,2.0628132820129395,False,63,0.0,11.333785653114319,4
Colbie Young,WR,2026,3,2026,14,11,0.0,2.118541955947876,False,70,0.0,11.121186351776114,4
Colbie Young,WR,2026,3,2026,15,12,0.0,2.183976888656616,False,77,0.0,10.63081173896789,4
Colbie Young,WR,2026,3,2026,16,13,0.0,2.2334952354431152,False,84,0.0,9.880483722686758,4
Colbie Young,WR,2026,3,2026,17,14,0.0,2.2712090015411377,False,91,0.0,7.884388327598566,4
Connor Heyward,RB,2026,3,2026,4,1,0.0,1.9907501935958862,False,0,0.0,16.70651013851164,4
Connor Heyward,RB,2026,3,2026,5,2,0.0,1.9556742906570435,False,7,0.0,16.116986775398246,4
Connor Heyward,RB,2026,3,2026,6,3,0.0,2.140585422515869,False,14,0.0,15.669814682006827,4
Connor Heyward,RB,2026,3,2026,7,4,0.0,2.2179770469665527,False,21,0.0,15.769529533386217,4
Connor Heyward,RB,2026,3,2026,8,5,0.0,2.278270721435547,False,28,0.0,15.221263337135312,4
Connor Heyward,RB,2026,3,2026,9,6,0.0,2.348393440246582,False,35,0.0,14.565085411071774,4
Connor Heyward,RB,2026,3,2026,10,7,0.0,2.493237018585205,False,42,0.0,14.106793117523189,4
Connor Heyward,RB,2026,3,2026,11,8,0.0,2.719141960144043,False,49,0.0,13.736069488525384,4
Connor Heyward,RB,2026,3,2026,12,9,0.0,2.9525017738342285,False,56,0.0,12.858380222320529,4
Connor Heyward,RB,2026,3,2026,13,10,0.0,3.172771692276001,False,63,0.0,12.44374406337738,4
Connor Heyward,RB,2026,3,2026,14,11,0.0,3.2996561527252197,False,70,0.0,12.302300548553458,4
Connor Heyward,RB,2026,3,2026,15,12,0.0,3.404346466064453,False,77,0.0,11.851181316375726,4
Connor Heyward,RB,2026,3,2026,16,13,0.0,3.4714770317077637,False,84,0.0,11.118465518951407,4
Connor Heyward,RB,2026,3,2026,17,14,0.0,3.512246608734131,False,91,0.0,9.125425934791558,4
Cooper Kupp,WR,2026,3,2026,4,1,0.0,5.117308616638184,False,0,0.0,19.833068561553937,4
Cooper Kupp,WR,2026,3,2026,5,2,0.0,4.8486199378967285,False,7,0.0,19.00993242263793,4
Cooper Kupp,WR,2026,3,2026,6,3,0.0,4.770689964294434,False,14,0.0,18.29991922378539,4
Cooper Kupp,WR,2026,3,2026,7,4,0.0,4.750251293182373,False,21,0.0,18.30180377960204,4
Cooper Kupp,WR,2026,3,2026,8,5,0.0,4.765438556671143,False,28,0.0,17.708431172370908,4
Cooper Kupp,WR,2026,3,2026,9,6,0.0,4.808831691741943,False,35,0.0,17.025523662567135,4
Cooper Kupp,WR,2026,3,2026,10,7,0.0,4.942901134490967,False,42,0.0,16.55645723342895,4
Cooper Kupp,WR,2026,3,2026,11,8,0.0,5.260477066040039,False,49,0.0,16.27740459442138,4
Cooper Kupp,WR,2026,3,2026,12,9,0.0,5.630455017089844,False,56,0.0,15.536333465576144,4
Cooper Kupp,WR,2026,3,2026,13,10,0.0,6.009322643280029,False,63,0.0,15.280295014381409,4
Cooper Kupp,WR,2026,3,2026,14,11,0.0,6.264607906341553,False,70,0.0,15.26725230216979,4
Cooper Kupp,WR,2026,3,2026,15,12,0.0,6.404536247253418,False,77,0.0,14.85137109756469,4
Cooper Kupp,WR,2026,3,2026,16,13,0.0,6.469268321990967,False,84,0.0,14.11625680923461,4
Cooper Kupp,WR,2026,3,2026,17,14,0.0,6.474440097808838,False,91,0.0,12.087619423866265,4
Corey Kiner,RB,2026,3,2026,4,1,0.0,2.5210890769958496,False,0,0.0,17.236849021911603,4
Corey Kiner,RB,2026,3,2026,5,2,0.0,2.3593809604644775,False,7,0.0,16.52069344520568,4
Corey Kiner,RB,2026,3,2026,6,3,0.0,2.3998608589172363,False,14,0.0,15.929090118408194,4
Corey Kiner,RB,2026,3,2026,7,4,0.0,2.398622751235962,False,21,0.0,15.950175237655627,4
Corey Kiner,RB,2026,3,2026,8,5,0.0,2.4200282096862793,False,28,0.0,15.363020825386045,4
Corey Kiner,RB,2026,3,2026,9,6,0.0,2.4223835468292236,False,35,0.0,14.639075517654415,4
Corey Kiner,RB,2026,3,2026,10,7,0.0,2.4628748893737793,False,42,0.0,14.076430988311763,4
Corey Kiner,RB,2026,3,2026,11,8,0.0,2.583711624145508,False,49,0.0,13.600639152526849,4
Corey Kiner,RB,2026,3,2026,12,9,0.0,2.68580961227417,False,56,0.0,12.59168806076047,4
Corey Kiner,RB,2026,3,2026,13,10,0.0,2.7729129791259766,False,63,0.0,12.043885350227356,4
Corey Kiner,RB,2026,3,2026,14,11,0.0,2.819878101348877,False,70,0.0,11.822522497177115,4
Corey Kiner,RB,2026,3,2026,15,12,0.0,2.875537395477295,False,77,0.0,11.322372245788568,4
Corey Kiner,RB,2026,3,2026,16,13,0.0,2.9150595664978027,False,84,0.0,10.562048053741446,4
Corey Kiner,RB,2026,3,2026,17,14,0.0,2.945171356201172,False,91,0.0,8.558350682258599,4
Courtland Sutton,WR,2026,3,2026,4,1,0.0,9.644308090209961,False,0,0.0,24.360068035125714,4
Courtland Sutton,WR,2026,3,2026,5,2,0.0,9.473371505737305,False,7,0.0,23.634683990478507,4
Courtland Sutton,WR,2026,3,2026,6,3,0.0,9.572077751159668,False,14,0.0,23.101307010650626,4
Courtland Sutton,WR,2026,3,2026,7,4,0.0,9.877985954284668,False,21,0.0,23.429538440704334,4
Courtland Sutton,WR,2026,3,2026,8,5,0.0,10.2006196975708,False,28,0.0,23.143612313270566,4
Courtland Sutton,WR,2026,3,2026,9,6,0.0,10.455802917480469,False,35,0.0,22.67249488830566,4
Courtland Sutton,WR,2026,3,2026,10,7,0.0,10.680390357971191,False,42,0.0,22.293946456909175,4
Courtland Sutton,WR,2026,3,2026,11,8,0.0,10.896883964538574,False,49,0.0,21.913811492919915,4
Courtland Sutton,WR,2026,3,2026,12,9,0.0,10.999682426452637,False,56,0.0,20.905560874938935,4
Courtland Sutton,WR,2026,3,2026,13,10,0.0,11.056714057922363,False,63,0.0,20.327686429023743,4
Courtland Sutton,WR,2026,3,2026,14,11,0.0,11.046730995178223,False,70,0.0,20.04937539100646,4
Courtland Sutton,WR,2026,3,2026,15,12,0.0,10.99225902557373,False,77,0.0,19.439093875885003,4
Courtland Sutton,WR,2026,3,2026,16,13,0.0,10.933552742004395,False,84,0.0,18.580541229248038,4
Courtland Sutton,WR,2026,3,2026,17,14,0.0,10.873055458068848,False,91,0.0,16.486234784126275,4
Cyrus Allen,WR,2026,3,2026,4,1,0.0,1.7665350437164307,False,0,0.0,16.482294988632184,4
Cyrus Allen,WR,2026,3,2026,5,2,0.0,1.7371126413345337,False,7,0.0,15.898425126075738,4
Cyrus Allen,WR,2026,3,2026,6,3,0.0,1.847406029701233,False,14,0.0,15.37663528919219,4
Cyrus Allen,WR,2026,3,2026,7,4,0.0,1.8541589975357056,False,21,0.0,15.40571148395537,4
Cyrus Allen,WR,2026,3,2026,8,5,0.0,1.855451226234436,False,28,0.0,14.798443841934201,4
Cyrus Allen,WR,2026,3,2026,9,6,0.0,1.8657571077346802,False,35,0.0,14.082449078559872,4
Cyrus Allen,WR,2026,3,2026,10,7,0.0,1.9468168020248413,False,42,0.0,13.560372900962825,4
Cyrus Allen,WR,2026,3,2026,11,8,0.0,2.0896592140197754,False,49,0.0,13.106586742401117,4
Cyrus Allen,WR,2026,3,2026,12,9,0.0,2.2362396717071533,False,56,0.0,12.142118120193453,4
Cyrus Allen,WR,2026,3,2026,13,10,0.0,2.3586554527282715,False,63,0.0,11.62962782382965,4
Cyrus Allen,WR,2026,3,2026,14,11,0.0,2.4171948432922363,False,70,0.0,11.419839239120474,4
Cyrus Allen,WR,2026,3,2026,15,12,0.0,2.4804723262786865,False,77,0.0,10.92730717658996,4
Cyrus Allen,WR,2026,3,2026,16,13,0.0,2.5254621505737305,False,84,0.0,10.172450637817374,4
Cyrus Allen,WR,2026,3,2026,17,14,0.0,2.5593016147613525,False,91,0.0,8.17248094081878,4
D'Andre Swift,RB,2026,3,2026,4,1,0.0,13.382573127746582,False,0,2.28395767211914,28.098333072662335,4
D'Andre Swift,RB,2026,3,2026,5,2,0.0,13.78256607055664,False,7,0.1152718544006337,27.943878555297843,4
D'Andre Swift,RB,2026,3,2026,6,3,0.0,14.015514373779297,False,14,0.0,27.544743633270254,4
D'Andre Swift,RB,2026,3,2026,7,4,0.0,14.049206733703613,False,21,0.0,27.60075922012328,4
D'Andre Swift,RB,2026,3,2026,8,5,0.0,14.042553901672363,False,28,0.0,26.98554651737213,4
D'Andre Swift,RB,2026,3,2026,9,6,0.0,14.033921241760254,False,35,0.0,26.250613212585446,4
D'Andre Swift,RB,2026,3,2026,10,7,0.0,14.063085556030273,False,42,0.0,25.676641654968257,4
D'Andre Swift,RB,2026,3,2026,11,8,0.0,14.132781982421875,False,49,0.0,25.149709510803216,4
D'Andre Swift,RB,2026,3,2026,12,9,0.0,14.1621732711792,False,56,0.0,24.068051719665498,4
D'Andre Swift,RB,2026,3,2026,13,10,0.0,14.207221984863281,False,63,0.0,23.47819435596466,4
D'Andre Swift,RB,2026,3,2026,14,11,0.0,14.189042091369629,False,70,0.0,23.191686487197867,4
D'Andre Swift,RB,2026,3,2026,15,12,0.0,14.122026443481445,False,77,0.0,22.568861293792718,4
D'Andre Swift,RB,2026,3,2026,16,13,0.0,14.061984062194824,False,84,0.0,21.708972549438467,4
D'Andre Swift,RB,2026,3,2026,17,14,0.0,13.995083808898926,False,91,0.0,19.608263134956353,4
DJ Giddens,RB,2026,3,2026,4,1,0.0,1.1032638549804688,False,0,0.0,15.819023799896222,4
DJ Giddens,RB,2026,3,2026,5,2,0.0,1.2123374938964844,False,7,0.0,15.373649978637689,4
DJ Giddens,RB,2026,3,2026,6,3,0.0,1.2638295888900757,False,14,0.0,14.793058848381033,4
DJ Giddens,RB,2026,3,2026,7,4,0.0,1.20877206325531,False,21,0.0,14.760324549674975,4
DJ Giddens,RB,2026,3,2026,8,5,0.0,1.1656990051269531,False,28,0.0,14.108691620826718,4
DJ Giddens,RB,2026,3,2026,9,6,0.0,1.121862769126892,False,35,0.0,13.338554739952084,4
DJ Giddens,RB,2026,3,2026,10,7,0.0,1.116718053817749,False,42,0.0,12.730274152755733,4
DJ Giddens,RB,2026,3,2026,11,8,0.0,1.133175253868103,False,49,0.0,12.150102782249444,4
DJ Giddens,RB,2026,3,2026,12,9,0.0,1.159507393836975,False,56,0.0,11.065385842323275,4
DJ Giddens,RB,2026,3,2026,13,10,0.0,1.183485984802246,False,63,0.0,10.454458355903625,4
DJ Giddens,RB,2026,3,2026,14,11,0.0,1.188225269317627,False,70,0.0,10.190869665145865,4
DJ Giddens,RB,2026,3,2026,15,12,0.0,1.22371244430542,False,77,0.0,9.670547294616693,4
DJ Giddens,RB,2026,3,2026,16,13,0.0,1.2572917938232422,False,84,0.0,8.904280281066885,4
DJ Giddens,RB,2026,3,2026,17,14,0.0,1.2897182703018188,False,91,0.0,6.902897596359247,4
DJ Herman,RB,2026,3,2026,4,1,0.0,1.0914146900177002,False,0,0.0,15.807174634933453,4
DJ Herman,RB,2026,3,2026,5,2,0.0,1.097657322883606,False,7,0.0,15.25896980762481,4
DJ Herman,RB,2026,3,2026,6,3,0.0,1.2363660335540771,False,14,0.0,14.765595293045035,4
DJ Herman,RB,2026,3,2026,7,4,0.0,1.2635622024536133,False,21,0.0,14.815114688873278,4
DJ Herman,RB,2026,3,2026,8,5,0.0,1.299080729484558,False,28,0.0,14.242073345184323,4
DJ Herman,RB,2026,3,2026,9,6,0.0,1.3671964406967163,False,35,0.0,13.583888411521908,4
DJ Herman,RB,2026,3,2026,10,7,0.0,1.5138027667999268,False,42,0.0,13.12735886573791,4
DJ Herman,RB,2026,3,2026,11,8,0.0,1.7075170278549194,False,49,0.0,12.72444455623626,4
DJ Herman,RB,2026,3,2026,12,9,0.0,1.924540638923645,False,56,0.0,11.830419087409945,4
DJ Herman,RB,2026,3,2026,13,10,0.0,2.125101327896118,False,63,0.0,11.396073698997498,4
DJ Herman,RB,2026,3,2026,14,11,0.0,2.2425270080566406,False,70,0.0,11.245171403884878,4
DJ Herman,RB,2026,3,2026,15,12,0.0,2.352234125137329,False,77,0.0,10.799068975448602,4
DJ Herman,RB,2026,3,2026,16,13,0.0,2.4289143085479736,False,84,0.0,10.075902795791617,4
DJ Herman,RB,2026,3,2026,17,14,0.0,2.481186866760254,False,91,0.0,8.09436619281768,4
DJ Moore,WR,2026,3,2026,4,1,0.0,7.797784805297852,False,0,0.0,22.513544750213605,4
DJ Moore,WR,2026,3,2026,5,2,0.0,7.4046735763549805,False,7,0.0,21.565986061096183,4
DJ Moore,WR,2026,3,2026,6,3,0.0,7.129157543182373,False,14,0.0,20.65838680267333,4
DJ Moore,WR,2026,3,2026,7,4,0.0,6.9819183349609375,False,21,0.0,20.533470821380604,4
DJ Moore,WR,2026,3,2026,8,5,0.0,6.869434833526611,False,28,0.0,19.812427449226377,4
DJ Moore,WR,2026,3,2026,9,6,0.0,6.781616687774658,False,35,0.0,18.99830865859985,4
DJ Moore,WR,2026,3,2026,10,7,0.0,6.724948406219482,False,42,0.0,18.338504505157466,4
DJ Moore,WR,2026,3,2026,11,8,0.0,6.695505619049072,False,49,0.0,17.712433147430414,4
DJ Moore,WR,2026,3,2026,12,9,0.0,6.548233985900879,False,56,0.0,16.454112434387177,4
DJ Moore,WR,2026,3,2026,13,10,0.0,6.408504009246826,False,63,0.0,15.679476380348206,4
DJ Moore,WR,2026,3,2026,14,11,0.0,6.335184097290039,False,70,0.0,15.337828493118277,4
DJ Moore,WR,2026,3,2026,15,12,0.0,6.284372806549072,False,77,0.0,14.731207656860345,4
DJ Moore,WR,2026,3,2026,16,13,0.0,6.236426830291748,False,84,0.0,13.883415317535391,4
DJ Moore,WR,2026,3,2026,17,14,0.0,6.21127462387085,False,91,0.0,11.824453949928277,4
DK Metcalf,WR,2026,3,2026,4,1,0.0,10.696344375610352,False,0,0.0,25.412104320526105,4
DK Metcalf,WR,2026,3,2026,5,2,0.0,11.163474082946777,False,7,0.0,25.32478656768798,4
DK Metcalf,WR,2026,3,2026,6,3,0.0,11.765183448791504,False,14,0.0,25.29441270828246,4
DK Metcalf,WR,2026,3,2026,7,4,0.0,12.194807052612305,False,21,0.0,25.74635953903197,4
DK Metcalf,WR,2026,3,2026,8,5,0.0,12.43488597869873,False,28,0.0,25.377878594398496,4
DK Metcalf,WR,2026,3,2026,9,6,0.0,12.592970848083496,False,35,0.0,24.809662818908688,4
DK Metcalf,WR,2026,3,2026,10,7,0.0,12.75192928314209,False,42,0.0,24.365485382080074,4
DK Metcalf,WR,2026,3,2026,11,8,0.0,12.880842208862305,False,49,0.0,23.897769737243646,4
DK Metcalf,WR,2026,3,2026,12,9,0.0,12.90794849395752,False,56,0.0,22.813826942443818,4
DK Metcalf,WR,2026,3,2026,13,10,0.0,12.90701961517334,False,63,0.0,22.17799198627472,4
DK Metcalf,WR,2026,3,2026,14,11,0.0,12.841636657714844,False,70,0.0,21.84428105354308,4
DK Metcalf,WR,2026,3,2026,15,12,0.0,12.746692657470703,False,77,0.0,21.193527507781976,4
DK Metcalf,WR,2026,3,2026,16,13,0.0,12.662851333618164,False,84,0.0,20.309839820861807,4
DK Metcalf,WR,2026,3,2026,17,14,0.0,12.582033157348633,False,91,0.0,18.19521248340606,4
Dare Ogunbowale,RB,2026,3,2026,4,1,0.0,1.209471583366394,False,0,0.0,15.925231528282147,4
Dare Ogunbowale,RB,2026,3,2026,5,2,0.0,1.2480140924453735,False,7,0.0,15.409326577186578,4
Dare Ogunbowale,RB,2026,3,2026,6,3,0.0,1.302219271659851,False,14,0.0,14.831448531150809,4
Dare Ogunbowale,RB,2026,3,2026,7,4,0.0,1.2556922435760498,False,21,0.0,14.807244729995714,4
Dare Ogunbowale,RB,2026,3,2026,8,5,0.0,1.2350871562957764,False,28,0.0,14.178079771995542,4
Dare Ogunbowale,RB,2026,3,2026,9,6,0.0,1.2253283262252808,False,35,0.0,13.442020297050473,4
Dare Ogunbowale,RB,2026,3,2026,10,7,0.0,1.2465132474899292,False,42,0.0,12.860069346427913,4
Dare Ogunbowale,RB,2026,3,2026,11,8,0.0,1.28411066532135,False,49,0.0,12.301038193702691,4
Dare Ogunbowale,RB,2026,3,2026,12,9,0.0,1.32168447971344,False,56,0.0,11.22756292819974,4
Dare Ogunbowale,RB,2026,3,2026,13,10,0.0,1.354470133781433,False,63,0.0,10.625442504882812,4
Dare Ogunbowale,RB,2026,3,2026,14,11,0.0,1.3677308559417725,False,70,0.0,10.37037525177001,4
Dare Ogunbowale,RB,2026,3,2026,15,12,0.0,1.4072688817977905,False,77,0.0,9.854103732109063,4
Dare Ogunbowale,RB,2026,3,2026,16,13,0.0,1.4455448389053345,False,84,0.0,9.092533326148978,4
Dare Ogunbowale,RB,2026,3,2026,17,14,0.0,1.4806183576583862,False,91,0.0,7.093797683715814,4
Dareke Young,WR,2026,3,2026,4,1,0.0,1.3659658432006836,False,0,0.0,16.081725788116437,4
Dareke Young,WR,2026,3,2026,5,2,0.0,1.38611900806427,False,7,0.0,15.547431492805474,4
Dareke Young,WR,2026,3,2026,6,3,0.0,1.4559998512268066,False,14,0.0,14.985229110717764,4
Dareke Young,WR,2026,3,2026,7,4,0.0,1.426876187324524,False,21,0.0,14.978428673744189,4
Dareke Young,WR,2026,3,2026,8,5,0.0,1.4133025407791138,False,28,0.0,14.356295156478879,4
Dareke Young,WR,2026,3,2026,9,6,0.0,1.394216775894165,False,35,0.0,13.610908746719357,4
Dareke Young,WR,2026,3,2026,10,7,0.0,1.4098376035690308,False,42,0.0,13.023393702507015,4
Dareke Young,WR,2026,3,2026,11,8,0.0,1.4514437913894653,False,49,0.0,12.468371319770807,4
Dareke Young,WR,2026,3,2026,12,9,0.0,1.4918227195739746,False,56,0.0,11.397701168060275,4
Dareke Young,WR,2026,3,2026,13,10,0.0,1.5257676839828491,False,63,0.0,10.796740055084229,4
Dareke Young,WR,2026,3,2026,14,11,0.0,1.5390297174453735,False,70,0.0,10.541674113273611,4
Dareke Young,WR,2026,3,2026,15,12,0.0,1.5777491331100464,False,77,0.0,10.02458398342132,4
Dareke Young,WR,2026,3,2026,16,13,0.0,1.6152446269989014,False,84,0.0,9.262233114242544,4
Dareke Young,WR,2026,3,2026,17,14,0.0,1.6496334075927734,False,91,0.0,7.262812733650201,4
Darius Cooper,WR,2026,3,2026,4,1,0.0,1.6881855726242065,False,0,0.0,16.40394551753996,4
Darius Cooper,WR,2026,3,2026,5,2,0.0,1.5815128087997437,False,7,0.0,15.742825293540948,4
Darius Cooper,WR,2026,3,2026,6,3,0.0,1.5640555620193481,False,14,0.0,15.093284821510306,4
Darius Cooper,WR,2026,3,2026,7,4,0.0,1.4829304218292236,False,21,0.0,15.034482908248888,4
Darius Cooper,WR,2026,3,2026,8,5,0.0,1.4346939325332642,False,28,0.0,14.37768654823303,4
Darius Cooper,WR,2026,3,2026,9,6,0.0,1.401900291442871,False,35,0.0,13.618592262268063,4
Darius Cooper,WR,2026,3,2026,10,7,0.0,1.4082974195480347,False,42,0.0,13.021853518486019,4
Darius Cooper,WR,2026,3,2026,11,8,0.0,1.439662218093872,False,49,0.0,12.456589746475213,4
Darius Cooper,WR,2026,3,2026,12,9,0.0,1.4658814668655396,False,56,0.0,11.37175991535184,4
Darius Cooper,WR,2026,3,2026,13,10,0.0,1.4910767078399658,False,63,0.0,10.762049078941345,4
Darius Cooper,WR,2026,3,2026,14,11,0.0,1.4988206624984741,False,70,0.0,10.501465058326712,4
Darius Cooper,WR,2026,3,2026,15,12,0.0,1.5346825122833252,False,77,0.0,9.981517362594598,4
Darius Cooper,WR,2026,3,2026,16,13,0.0,1.5681229829788208,False,84,0.0,9.215111470222464,4
Darius Cooper,WR,2026,3,2026,17,14,0.0,1.599778175354004,False,91,0.0,7.212957501411432,4
Darius Slayton,WR,2026,3,2026,4,1,0.0,4.630166530609131,False,0,0.0,19.345926475524884,4
Darius Slayton,WR,2026,3,2026,5,2,0.0,4.320960998535156,False,7,0.0,18.48227348327636,4
Darius Slayton,WR,2026,3,2026,6,3,0.0,4.197588920593262,False,14,0.0,17.72681818008422,4
Darius Slayton,WR,2026,3,2026,7,4,0.0,4.128182888031006,False,21,0.0,17.679735374450672,4
Darius Slayton,WR,2026,3,2026,8,5,0.0,4.090336799621582,False,28,0.0,17.033329415321347,4
Darius Slayton,WR,2026,3,2026,9,6,0.0,4.061978816986084,False,35,0.0,16.278670787811276,4
Darius Slayton,WR,2026,3,2026,10,7,0.0,4.0852813720703125,False,42,0.0,15.698837471008297,4
Darius Slayton,WR,2026,3,2026,11,8,0.0,4.20796012878418,False,49,0.0,15.224887657165521,4
Darius Slayton,WR,2026,3,2026,12,9,0.0,4.312277317047119,False,56,0.0,14.21815576553342,4
Darius Slayton,WR,2026,3,2026,13,10,0.0,4.394760608673096,False,63,0.0,13.665732979774475,4
Darius Slayton,WR,2026,3,2026,14,11,0.0,4.431309700012207,False,70,0.0,13.433954095840445,4
Darius Slayton,WR,2026,3,2026,15,12,0.0,4.464415550231934,False,77,0.0,12.911250400543206,4
Darius Slayton,WR,2026,3,2026,16,13,0.0,4.483048915863037,False,84,0.0,12.13003740310668,4
Darius Slayton,WR,2026,3,2026,17,14,0.0,4.495389938354492,False,91,0.0,10.10856926441192,4
Darnell Mooney,WR,2026,3,2026,4,1,0.0,5.699362277984619,False,0,0.0,20.415122222900372,4
Darnell Mooney,WR,2026,3,2026,5,2,0.0,5.253749370574951,False,7,0.0,19.415061855316154,4
Darnell Mooney,WR,2026,3,2026,6,3,0.0,5.023098468780518,False,14,0.0,18.552327728271475,4
Darnell Mooney,WR,2026,3,2026,7,4,0.0,4.923614025115967,False,21,0.0,18.475166511535633,4
Darnell Mooney,WR,2026,3,2026,8,5,0.0,4.887882709503174,False,28,0.0,17.83087532520294,4
Darnell Mooney,WR,2026,3,2026,9,6,0.0,4.885583400726318,False,35,0.0,17.10227537155151,4
Darnell Mooney,WR,2026,3,2026,10,7,0.0,4.945176601409912,False,42,0.0,16.558732700347896,4
Darnell Mooney,WR,2026,3,2026,11,8,0.0,5.1005730628967285,False,49,0.0,16.11750059127807,4
Darnell Mooney,WR,2026,3,2026,12,9,0.0,5.177867889404297,False,56,0.0,15.083746337890597,4
Darnell Mooney,WR,2026,3,2026,13,10,0.0,5.207932949066162,False,63,0.0,14.478905320167542,4
Darnell Mooney,WR,2026,3,2026,14,11,0.0,5.209251880645752,False,70,0.0,14.21189627647399,4
Darnell Mooney,WR,2026,3,2026,15,12,0.0,5.212057590484619,False,77,0.0,13.658892440795892,4
Darnell Mooney,WR,2026,3,2026,16,13,0.0,5.211061954498291,False,84,0.0,12.858050441741934,4
Darnell Mooney,WR,2026,3,2026,17,14,0.0,5.20939302444458,False,91,0.0,10.822572350502007,4
Davante Adams,WR,2026,3,2026,4,1,0.0,15.976570129394531,False,0,4.877954673767089,30.692330074310284,4
Davante Adams,WR,2026,3,2026,5,2,0.0,16.349863052368164,False,7,2.682568836212157,30.511175537109366,4
Davante Adams,WR,2026,3,2026,6,3,0.0,16.520099639892578,False,14,2.392514324188232,30.049328899383536,4
Davante Adams,WR,2026,3,2026,7,4,0.0,16.509714126586914,False,21,2.221959877014161,30.06126661300658,4
Davante Adams,WR,2026,3,2026,8,5,0.0,16.544902801513672,False,28,2.1064525604248043,29.487895417213437,4
Davante Adams,WR,2026,3,2026,9,6,0.0,16.61667251586914,False,35,2.083271312713622,28.833364486694332,4
Davante Adams,WR,2026,3,2026,10,7,0.0,16.675113677978516,False,42,2.0694609642028805,28.2886697769165,4
Davante Adams,WR,2026,3,2026,11,8,0.0,16.746532440185547,False,49,2.091084194183349,27.763459968566888,4
Davante Adams,WR,2026,3,2026,12,9,0.0,16.78711700439453,False,56,2.085299968719484,26.69299545288083,4
Davante Adams,WR,2026,3,2026,13,10,0.0,16.904640197753906,False,63,2.139913272857667,26.175612568855286,4
Davante Adams,WR,2026,3,2026,14,11,0.0,16.97662925720215,False,70,2.1653555870056156,25.979273653030386,4
Davante Adams,WR,2026,3,2026,15,12,0.0,16.96871566772461,False,77,2.1259106636047367,25.415550518035882,4
Davante Adams,WR,2026,3,2026,16,13,0.0,16.940086364746094,False,84,2.0874888420104973,24.587074851989737,4
Davante Adams,WR,2026,3,2026,17,14,0.0,16.883499145507812,False,91,2.0002062797546394,22.49667847156524,4
David Montgomery,RB,2026,3,2026,4,1,0.0,11.427918434143066,False,0,0.3293029785156243,26.14367837905882,4
David Montgomery,RB,2026,3,2026,5,2,0.0,11.473746299743652,False,7,0.0,25.635058784484855,4
David Montgomery,RB,2026,3,2026,6,3,0.0,11.393445014953613,False,14,0.0,24.92267427444457,4
David Montgomery,RB,2026,3,2026,7,4,0.0,11.320277214050293,False,21,0.0,24.87182970046996,4
David Montgomery,RB,2026,3,2026,8,5,0.0,11.16210651397705,False,28,0.0,24.105099129676816,4
David Montgomery,RB,2026,3,2026,9,6,0.0,10.970958709716797,False,35,0.0,23.18765068054199,4
David Montgomery,RB,2026,3,2026,10,7,0.0,10.814290046691895,False,42,0.0,22.42784614562988,4
David Montgomery,RB,2026,3,2026,11,8,0.0,10.6992769241333,False,49,0.0,21.716204452514642,4
David Montgomery,RB,2026,3,2026,12,9,0.0,10.528790473937988,False,56,0.0,20.434668922424287,4
David Montgomery,RB,2026,3,2026,13,10,0.0,10.395995140075684,False,63,0.0,19.666967511177063,4
David Montgomery,RB,2026,3,2026,14,11,0.0,10.318349838256836,False,70,0.0,19.320994234085074,4
David Montgomery,RB,2026,3,2026,15,12,0.0,10.231171607971191,False,77,0.0,18.678006458282464,4
David Montgomery,RB,2026,3,2026,16,13,0.0,10.150933265686035,False,84,0.0,17.79792175292968,4
David Montgomery,RB,2026,3,2026,17,14,0.0,10.086605072021484,False,91,0.0,15.699784398078911,4
David Moore,WR,2026,3,2026,4,1,0.0,1.6607474088668823,False,0,0.0,16.376507353782635,4
David Moore,WR,2026,3,2026,5,2,0.0,1.6235969066619873,False,7,0.0,15.784909391403191,4
David Moore,WR,2026,3,2026,6,3,0.0,1.7190710306167603,False,14,0.0,15.248300290107718,4
David Moore,WR,2026,3,2026,7,4,0.0,1.7140365839004517,False,21,0.0,15.265589070320116,4
David Moore,WR,2026,3,2026,8,5,0.0,1.717353105545044,False,28,0.0,14.66034572124481,4
David Moore,WR,2026,3,2026,9,6,0.0,1.7130999565124512,False,35,0.0,13.929791927337643,4
David Moore,WR,2026,3,2026,10,7,0.0,1.7581652402877808,False,42,0.0,13.371721339225765,4
David Moore,WR,2026,3,2026,11,8,0.0,1.85305917263031,False,49,0.0,12.869986701011651,4
David Moore,WR,2026,3,2026,12,9,0.0,1.9430699348449707,False,56,0.0,11.84894838333127,4
David Moore,WR,2026,3,2026,13,10,0.0,2.0145046710968018,False,63,0.0,11.285477042198181,4
David Moore,WR,2026,3,2026,14,11,0.0,2.0467729568481445,False,70,0.0,11.049417352676382,4
David Moore,WR,2026,3,2026,15,12,0.0,2.0969042778015137,False,77,0.0,10.543739128112787,4
David Moore,WR,2026,3,2026,16,13,0.0,2.1388027667999268,False,84,0.0,9.78579125404357,4
David Moore,WR,2026,3,2026,17,14,0.0,2.1738052368164062,False,91,0.0,7.786984562873834,4
De'Von Achane,RB,2026,3,2026,4,1,0.0,13.737231254577637,False,0,2.6386157989501946,28.45299119949339,4
De'Von Achane,RB,2026,3,2026,5,2,0.0,13.693099975585938,False,7,0.025805759429930575,27.85441246032714,4
De'Von Achane,RB,2026,3,2026,6,3,0.0,13.668538093566895,False,14,0.0,27.197767353057852,4
De'Von Achane,RB,2026,3,2026,7,4,0.0,13.638405799865723,False,21,0.0,27.18995828628539,4
De'Von Achane,RB,2026,3,2026,8,5,0.0,13.646283149719238,False,28,0.0,26.589275765419004,4
De'Von Achane,RB,2026,3,2026,9,6,0.0,13.687219619750977,False,35,0.0,25.90391159057617,4
De'Von Achane,RB,2026,3,2026,10,7,0.0,13.7561674118042,False,42,0.0,25.369723510742183,4
De'Von Achane,RB,2026,3,2026,11,8,0.0,13.820998191833496,False,49,0.0,24.837925720214837,4
De'Von Achane,RB,2026,3,2026,12,9,0.0,13.810240745544434,False,56,0.0,23.716119194030732,4
De'Von Achane,RB,2026,3,2026,13,10,0.0,13.78593921661377,False,63,0.0,23.05691158771515,4
De'Von Achane,RB,2026,3,2026,14,11,0.0,13.724198341369629,False,70,0.0,22.726842737197867,4
De'Von Achane,RB,2026,3,2026,15,12,0.0,13.650038719177246,False,77,0.0,22.09687356948852,4
De'Von Achane,RB,2026,3,2026,16,13,0.0,13.590811729431152,False,84,0.0,21.237800216674795,4
De'Von Achane,RB,2026,3,2026,17,14,0.0,13.527901649475098,False,91,0.0,19.141080975532525,4
De'Zhaun Stribling,WR,2026,3,2026,4,1,0.0,1.6833875179290771,False,0,0.0,16.39914746284483,4
De'Zhaun Stribling,WR,2026,3,2026,5,2,0.0,1.6616454124450684,False,7,0.0,15.822957897186273,4
De'Zhaun Stribling,WR,2026,3,2026,6,3,0.0,1.827409029006958,False,14,0.0,15.356638288497916,4
De'Zhaun Stribling,WR,2026,3,2026,7,4,0.0,1.8714370727539062,False,21,0.0,15.42298955917357,4
De'Zhaun Stribling,WR,2026,3,2026,8,5,0.0,1.9065345525741577,False,28,0.0,14.849527168273923,4
De'Zhaun Stribling,WR,2026,3,2026,9,6,0.0,1.957382082939148,False,35,0.0,14.17407405376434,4
De'Zhaun Stribling,WR,2026,3,2026,10,7,0.0,2.0773370265960693,False,42,0.0,13.690893125534053,4
De'Zhaun Stribling,WR,2026,3,2026,11,8,0.0,2.2592623233795166,False,49,0.0,13.276189851760858,4
De'Zhaun Stribling,WR,2026,3,2026,12,9,0.0,2.450305223464966,False,56,0.0,12.356183671951266,4
De'Zhaun Stribling,WR,2026,3,2026,13,10,0.0,2.6244006156921387,False,63,0.0,11.895372986793518,4
De'Zhaun Stribling,WR,2026,3,2026,14,11,0.0,2.719557285308838,False,70,0.0,11.722201681137076,4
De'Zhaun Stribling,WR,2026,3,2026,15,12,0.0,2.8079137802124023,False,77,0.0,11.254748630523675,4
De'Zhaun Stribling,WR,2026,3,2026,16,13,0.0,2.868864059448242,False,84,0.0,10.515852546691885,4
De'Zhaun Stribling,WR,2026,3,2026,17,14,0.0,2.910515785217285,False,91,0.0,8.523695111274712,4
DeMario Douglas,WR,2026,3,2026,4,1,0.0,4.393011093139648,False,0,0.0,19.1087710380554,4
DeMario Douglas,WR,2026,3,2026,5,2,0.0,4.426111221313477,False,7,0.0,18.58742370605468,4
DeMario Douglas,WR,2026,3,2026,6,3,0.0,4.767724990844727,False,14,0.0,18.296954250335684,4
DeMario Douglas,WR,2026,3,2026,7,4,0.0,5.045103549957275,False,21,0.0,18.59665603637694,4
DeMario Douglas,WR,2026,3,2026,8,5,0.0,5.257664203643799,False,28,0.0,18.200656819343564,4
DeMario Douglas,WR,2026,3,2026,9,6,0.0,5.485875606536865,False,35,0.0,17.702567577362057,4
DeMario Douglas,WR,2026,3,2026,10,7,0.0,5.814239025115967,False,42,0.0,17.42779512405395,4
DeMario Douglas,WR,2026,3,2026,11,8,0.0,6.317080020904541,False,49,0.0,17.334007549285882,4
DeMario Douglas,WR,2026,3,2026,12,9,0.0,6.876626968383789,False,56,0.0,16.782505416870087,4
DeMario Douglas,WR,2026,3,2026,13,10,0.0,7.426557540893555,False,63,0.0,16.697529911994934,4
DeMario Douglas,WR,2026,3,2026,14,11,0.0,7.774390697479248,False,70,0.0,16.777035093307486,4
DeMario Douglas,WR,2026,3,2026,15,12,0.0,7.934035778045654,False,77,0.0,16.380870628356927,4
DeMario Douglas,WR,2026,3,2026,16,13,0.0,7.987544536590576,False,84,0.0,15.63453302383422,4
DeMario Douglas,WR,2026,3,2026,17,14,0.0,7.977869510650635,False,91,0.0,13.591048836708062,4
DeVonta Smith,WR,2026,3,2026,4,1,0.0,13.328714370727539,False,0,2.230098915100097,28.044474315643292,4
DeVonta Smith,WR,2026,3,2026,5,2,0.0,13.50681209564209,False,7,0.0,27.668124580383292,4
DeVonta Smith,WR,2026,3,2026,6,3,0.0,13.637826919555664,False,14,0.0,27.16705617904662,4
DeVonta Smith,WR,2026,3,2026,7,4,0.0,13.690291404724121,False,21,0.0,27.241843891143787,4
DeVonta Smith,WR,2026,3,2026,8,5,0.0,13.74411392211914,False,28,0.0,26.687106537818906,4
DeVonta Smith,WR,2026,3,2026,9,6,0.0,13.804394721984863,False,35,0.0,26.021086692810055,4
DeVonta Smith,WR,2026,3,2026,10,7,0.0,13.874598503112793,False,42,0.0,25.488154602050777,4
DeVonta Smith,WR,2026,3,2026,11,8,0.0,13.932027816772461,False,49,0.0,24.948955345153802,4
DeVonta Smith,WR,2026,3,2026,12,9,0.0,13.919114112854004,False,56,0.0,23.824992561340302,4
DeVonta Smith,WR,2026,3,2026,13,10,0.0,13.897098541259766,False,63,0.0,23.168070912361145,4
DeVonta Smith,WR,2026,3,2026,14,11,0.0,13.839577674865723,False,70,0.0,22.84222207069396,4
DeVonta Smith,WR,2026,3,2026,15,12,0.0,13.771282196044922,False,77,0.0,22.218117046356195,4
DeVonta Smith,WR,2026,3,2026,16,13,0.0,13.717167854309082,False,84,0.0,21.364156341552725,4
DeVonta Smith,WR,2026,3,2026,17,14,0.0,13.659199714660645,False,91,0.0,19.27237904071807,4
Dean Connors,RB,2026,3,2026,4,1,0.0,1.3474394083023071,False,0,0.0,16.06319935321806,4
Dean Connors,RB,2026,3,2026,5,2,0.0,1.373714566230774,False,7,0.0,15.535027050971978,4
Dean Connors,RB,2026,3,2026,6,3,0.0,1.5046013593673706,False,14,0.0,15.033830618858328,4
Dean Connors,RB,2026,3,2026,7,4,0.0,1.523281455039978,False,21,0.0,15.074833941459643,4
Dean Connors,RB,2026,3,2026,8,5,0.0,1.5379022359848022,False,28,0.0,14.480894851684567,4
Dean Connors,RB,2026,3,2026,9,6,0.0,1.5513554811477661,False,35,0.0,13.768047451972958,4
Dean Connors,RB,2026,3,2026,10,7,0.0,1.6283570528030396,False,42,0.0,13.241913151741024,4
Dean Connors,RB,2026,3,2026,11,8,0.0,1.7612998485565186,False,49,0.0,12.77822737693786,4
Dean Connors,RB,2026,3,2026,12,9,0.0,1.8993372917175293,False,56,0.0,11.80521574020383,4
Dean Connors,RB,2026,3,2026,13,10,0.0,2.009401559829712,False,63,0.0,11.280373930931091,4
Dean Connors,RB,2026,3,2026,14,11,0.0,2.0646843910217285,False,70,0.0,11.067328786849966,4
Dean Connors,RB,2026,3,2026,15,12,0.0,2.1314804553985596,False,77,0.0,10.578315305709832,4
Dean Connors,RB,2026,3,2026,16,13,0.0,2.1834282875061035,False,84,0.0,9.830416774749747,4
Dean Connors,RB,2026,3,2026,17,14,0.0,2.223437786102295,False,91,0.0,7.836617112159723,4
DeeJay Dallas,RB,2026,3,2026,4,1,0.0,1.4314444065093994,False,0,0.0,16.147204351425152,4
DeeJay Dallas,RB,2026,3,2026,5,2,0.0,1.4680144786834717,False,7,0.0,15.629326963424676,4
DeeJay Dallas,RB,2026,3,2026,6,3,0.0,1.5677437782287598,False,14,0.0,15.096973037719717,4
DeeJay Dallas,RB,2026,3,2026,7,4,0.0,1.5549938678741455,False,21,0.0,15.10654635429381,4
DeeJay Dallas,RB,2026,3,2026,8,5,0.0,1.5483101606369019,False,28,0.0,14.491302776336667,4
DeeJay Dallas,RB,2026,3,2026,9,6,0.0,1.5339925289154053,False,35,0.0,13.750684499740597,4
DeeJay Dallas,RB,2026,3,2026,10,7,0.0,1.5629018545150757,False,42,0.0,13.17645795345306,4
DeeJay Dallas,RB,2026,3,2026,11,8,0.0,1.623808741569519,False,49,0.0,12.64073626995086,4
DeeJay Dallas,RB,2026,3,2026,12,9,0.0,1.678442120552063,False,56,0.0,11.584320569038363,4
DeeJay Dallas,RB,2026,3,2026,13,10,0.0,1.7224735021591187,False,63,0.0,10.993445873260498,4
DeeJay Dallas,RB,2026,3,2026,14,11,0.0,1.7381447553634644,False,70,0.0,10.740789151191702,4
DeeJay Dallas,RB,2026,3,2026,15,12,0.0,1.778480887413025,False,77,0.0,10.225315737724298,4
DeeJay Dallas,RB,2026,3,2026,16,13,0.0,1.8160001039505005,False,84,0.0,9.462988591194144,4
DeeJay Dallas,RB,2026,3,2026,17,14,0.0,1.8492602109909058,False,91,0.0,7.462439537048334,4
Deebo Samuel Sr.,WR,2026,3,2026,4,1,0.0,10.393330574035645,False,0,0.0,25.109090518951398,4
Deebo Samuel Sr.,WR,2026,3,2026,5,2,0.0,10.741036415100098,False,7,0.0,24.9023488998413,4
Deebo Samuel Sr.,WR,2026,3,2026,6,3,0.0,11.434734344482422,False,14,0.0,24.96396360397338,4
Deebo Samuel Sr.,WR,2026,3,2026,7,4,0.0,12.097825050354004,False,21,0.0,25.64937753677367,4
Deebo Samuel Sr.,WR,2026,3,2026,8,5,0.0,12.579665184020996,False,28,0.0,25.52265779972076,4
Deebo Samuel Sr.,WR,2026,3,2026,9,6,0.0,12.876131057739258,False,35,0.0,25.09282302856445,4
Deebo Samuel Sr.,WR,2026,3,2026,10,7,0.0,13.127562522888184,False,42,0.0,24.741118621826168,4
Deebo Samuel Sr.,WR,2026,3,2026,11,8,0.0,13.348503112792969,False,49,0.0,24.36543064117431,4
Deebo Samuel Sr.,WR,2026,3,2026,12,9,0.0,13.470062255859375,False,56,0.0,23.375940704345673,4
Deebo Samuel Sr.,WR,2026,3,2026,13,10,0.0,13.584498405456543,False,63,0.0,22.855470776557922,4
Deebo Samuel Sr.,WR,2026,3,2026,14,11,0.0,13.608628273010254,False,70,0.0,22.61127266883849,4
Deebo Samuel Sr.,WR,2026,3,2026,15,12,0.0,13.569474220275879,False,77,0.0,22.016309070587152,4
Deebo Samuel Sr.,WR,2026,3,2026,16,13,0.0,13.523336410522461,False,84,0.0,21.170324897766104,4
Deebo Samuel Sr.,WR,2026,3,2026,17,14,0.0,13.463717460632324,False,91,0.0,19.07689678668975,4
Deion Burks,WR,2026,3,2026,4,1,0.0,0.8616896867752075,False,0,0.0,15.57744963169096,4
Deion Burks,WR,2026,3,2026,5,2,0.0,0.9458218812942505,False,7,0.0,15.107134366035455,4
Deion Burks,WR,2026,3,2026,6,3,0.0,1.0711601972579956,False,14,0.0,14.600389456748953,4
Deion Burks,WR,2026,3,2026,7,4,0.0,1.0731626749038696,False,21,0.0,14.624715161323534,4
Deion Burks,WR,2026,3,2026,8,5,0.0,1.079031229019165,False,28,0.0,14.02202384471893,4
Deion Burks,WR,2026,3,2026,9,6,0.0,1.096604824066162,False,35,0.0,13.313296794891354,4
Deion Burks,WR,2026,3,2026,10,7,0.0,1.1847723722457886,False,42,0.0,12.798328471183773,4
Deion Burks,WR,2026,3,2026,11,8,0.0,1.3177564144134521,False,49,0.0,12.334683942794793,4
Deion Burks,WR,2026,3,2026,12,9,0.0,1.465441346168518,False,56,0.0,11.371319794654818,4
Deion Burks,WR,2026,3,2026,13,10,0.0,1.5813735723495483,False,63,0.0,10.852345943450928,4
Deion Burks,WR,2026,3,2026,14,11,0.0,1.641140103340149,False,70,0.0,10.643784499168387,4
Deion Burks,WR,2026,3,2026,15,12,0.0,1.7146607637405396,False,77,0.0,10.161495614051812,4
Deion Burks,WR,2026,3,2026,16,13,0.0,1.7697852849960327,False,84,0.0,9.416773772239676,4
Deion Burks,WR,2026,3,2026,17,14,0.0,1.8119913339614868,False,91,0.0,7.425170660018915,4
Demarcus Robinson,WR,2026,3,2026,4,1,0.0,6.198532581329346,False,0,0.0,20.9142925262451,4
Demarcus Robinson,WR,2026,3,2026,5,2,0.0,6.082416534423828,False,7,0.0,20.24372901916503,4
Demarcus Robinson,WR,2026,3,2026,6,3,0.0,6.4357686042785645,False,14,0.0,19.964997863769522,4
Demarcus Robinson,WR,2026,3,2026,7,4,0.0,6.762735366821289,False,21,0.0,20.314287853240955,4
Demarcus Robinson,WR,2026,3,2026,8,5,0.0,7.089314937591553,False,28,0.0,20.032307553291318,4
Demarcus Robinson,WR,2026,3,2026,9,6,0.0,7.490707874298096,False,35,0.0,19.707399845123287,4
Demarcus Robinson,WR,2026,3,2026,10,7,0.0,8.036803245544434,False,42,0.0,19.650359344482418,4
Demarcus Robinson,WR,2026,3,2026,11,8,0.0,8.653843879699707,False,49,0.0,19.67077140808105,4
Demarcus Robinson,WR,2026,3,2026,12,9,0.0,9.096569061279297,False,56,0.0,19.002447509765595,4
Demarcus Robinson,WR,2026,3,2026,13,10,0.0,9.383671760559082,False,63,0.0,18.65464413166046,4
Demarcus Robinson,WR,2026,3,2026,14,11,0.0,9.46595287322998,False,70,0.0,18.46859726905822,4
Demarcus Robinson,WR,2026,3,2026,15,12,0.0,9.430100440979004,False,77,0.0,17.876935291290277,4
Demarcus Robinson,WR,2026,3,2026,16,13,0.0,9.36107349395752,False,84,0.0,17.008061981201163,4
Demarcus Robinson,WR,2026,3,2026,17,14,0.0,9.268954277038574,False,91,0.0,14.882133603096001,4
Demond Claiborne,RB,2026,3,2026,4,1,0.0,1.1230984926223755,False,0,0.0,15.838858437538128,4
Demond Claiborne,RB,2026,3,2026,5,2,0.0,1.1747844219207764,False,7,0.0,15.33609690666198,4
Demond Claiborne,RB,2026,3,2026,6,3,0.0,1.29502534866333,False,14,0.0,14.824254608154288,4
Demond Claiborne,RB,2026,3,2026,7,4,0.0,1.289576768875122,False,21,0.0,14.841129255294787,4
Demond Claiborne,RB,2026,3,2026,8,5,0.0,1.2888933420181274,False,28,0.0,14.231885957717893,4
Demond Claiborne,RB,2026,3,2026,9,6,0.0,1.305060625076294,False,35,0.0,13.521752595901486,4
Demond Claiborne,RB,2026,3,2026,10,7,0.0,1.3853418827056885,False,42,0.0,12.998897981643672,4
Demond Claiborne,RB,2026,3,2026,11,8,0.0,1.5066932439804077,False,49,0.0,12.523620772361749,4
Demond Claiborne,RB,2026,3,2026,12,9,0.0,1.6404210329055786,False,56,0.0,11.546299481391879,4
Demond Claiborne,RB,2026,3,2026,13,10,0.0,1.7481943368911743,False,63,0.0,11.019166707992554,4
Demond Claiborne,RB,2026,3,2026,14,11,0.0,1.7998296022415161,False,70,0.0,10.802473998069754,4
Demond Claiborne,RB,2026,3,2026,15,12,0.0,1.864499807357788,False,77,0.0,10.311334657669061,4
Demond Claiborne,RB,2026,3,2026,16,13,0.0,1.9135377407073975,False,84,0.0,9.56052622795104,4
Demond Claiborne,RB,2026,3,2026,17,14,0.0,1.951884388923645,False,91,0.0,7.565063714981073,4
Denzel Boston,WR,2026,3,2026,4,1,0.0,6.182863712310791,False,0,0.0,20.898623657226544,4
Denzel Boston,WR,2026,3,2026,5,2,0.0,5.956905841827393,False,7,0.0,20.118218326568595,4
Denzel Boston,WR,2026,3,2026,6,3,0.0,6.0326714515686035,False,14,0.0,19.56190071105956,4
Denzel Boston,WR,2026,3,2026,7,4,0.0,6.2124342918396,False,21,0.0,19.763986778259266,4
Denzel Boston,WR,2026,3,2026,8,5,0.0,6.443779468536377,False,28,0.0,19.386772084236142,4
Denzel Boston,WR,2026,3,2026,9,6,0.0,6.710787296295166,False,35,0.0,18.927479267120358,4
Denzel Boston,WR,2026,3,2026,10,7,0.0,7.0942254066467285,False,42,0.0,18.707781505584713,4
Denzel Boston,WR,2026,3,2026,11,8,0.0,7.580138683319092,False,49,0.0,18.597066211700433,4
Denzel Boston,WR,2026,3,2026,12,9,0.0,7.927692413330078,False,56,0.0,17.833570861816376,4
Denzel Boston,WR,2026,3,2026,13,10,0.0,8.21717357635498,False,63,0.0,17.48814594745636,4
Denzel Boston,WR,2026,3,2026,14,11,0.0,8.361334800720215,False,70,0.0,17.363979196548453,4
Denzel Boston,WR,2026,3,2026,15,12,0.0,8.355565071105957,False,77,0.0,16.80239992141723,4
Denzel Boston,WR,2026,3,2026,16,13,0.0,8.285673141479492,False,84,0.0,15.932661628723135,4
Denzel Boston,WR,2026,3,2026,17,14,0.0,8.219045639038086,False,91,0.0,13.832224965095513,4
Derius Davis,WR,2026,3,2026,4,1,0.0,1.2870723009109497,False,0,0.0,16.002832245826703,4
Derius Davis,WR,2026,3,2026,5,2,0.0,1.3292925357818604,False,7,0.0,15.490605020523065,4
Derius Davis,WR,2026,3,2026,6,3,0.0,1.4536739587783813,False,14,0.0,14.982903218269339,4
Derius Davis,WR,2026,3,2026,7,4,0.0,1.4536060094833374,False,21,0.0,15.005158495903002,4
Derius Davis,WR,2026,3,2026,8,5,0.0,1.4620221853256226,False,28,0.0,14.405014801025388,4
Derius Davis,WR,2026,3,2026,9,6,0.0,1.4746307134628296,False,35,0.0,13.691322684288021,4
Derius Davis,WR,2026,3,2026,10,7,0.0,1.53421151638031,False,42,0.0,13.147767615318294,4
Derius Davis,WR,2026,3,2026,11,8,0.0,1.6299376487731934,False,49,0.0,12.646865177154535,4
Derius Davis,WR,2026,3,2026,12,9,0.0,1.7216545343399048,False,56,0.0,11.627532982826205,4
Derius Davis,WR,2026,3,2026,13,10,0.0,1.7925983667373657,False,63,0.0,11.063570737838745,4
Derius Davis,WR,2026,3,2026,14,11,0.0,1.8278205394744873,False,70,0.0,10.830464935302725,4
Derius Davis,WR,2026,3,2026,15,12,0.0,1.8837909698486328,False,77,0.0,10.330625820159906,4
Derius Davis,WR,2026,3,2026,16,13,0.0,1.9333747625350952,False,84,0.0,9.580363249778738,4
Derius Davis,WR,2026,3,2026,17,14,0.0,1.973250389099121,False,91,0.0,7.586429715156549,4
Derrick Henry,RB,2026,3,2026,4,1,0.0,18.589313507080078,False,0,7.490698051452636,33.30507345199583,4
Derrick Henry,RB,2026,3,2026,5,2,0.0,21.496807098388672,False,7,7.829512882232665,35.658119583129874,4
Derrick Henry,RB,2026,3,2026,6,3,0.0,21.71515655517578,False,14,7.587571239471435,35.24438581466674,4
Derrick Henry,RB,2026,3,2026,7,4,0.0,21.840320587158203,False,21,7.55256633758545,35.39187307357787,4
Derrick Henry,RB,2026,3,2026,8,5,0.0,21.938884735107422,False,28,7.500434494018554,34.88187735080719,4
Derrick Henry,RB,2026,3,2026,9,6,0.0,21.982017517089844,False,35,7.448616313934325,34.19870948791504,4
Derrick Henry,RB,2026,3,2026,10,7,0.0,22.000972747802734,False,42,7.395320034027099,33.61452884674072,4
Derrick Henry,RB,2026,3,2026,11,8,0.0,22.050657272338867,False,49,7.395209026336669,33.06758480072021,4
Derrick Henry,RB,2026,3,2026,12,9,0.0,22.045841217041016,False,56,7.344024181365969,31.951719665527314,4
Derrick Henry,RB,2026,3,2026,13,10,0.0,22.0490779876709,False,63,7.284351062774659,31.320050358772278,4
Derrick Henry,RB,2026,3,2026,14,11,0.0,22.005897521972656,False,70,7.194623851776123,31.008541917800894,4
Derrick Henry,RB,2026,3,2026,15,12,0.0,21.887022018432617,False,77,7.0442170143127445,30.33385686874389,4
Derrick Henry,RB,2026,3,2026,16,13,0.0,21.68700408935547,False,84,6.834406566619872,29.333992576599112,4
Derrick Henry,RB,2026,3,2026,17,14,0.0,21.461946487426758,False,91,6.578653621673585,27.075125813484185,4
Devaughn Vele,WR,2026,3,2026,4,1,0.0,9.62724494934082,False,0,0.0,24.343004894256573,4
Devaughn Vele,WR,2026,3,2026,5,2,0.0,10.17034912109375,False,7,0.0,24.331661605834952,4
Devaughn Vele,WR,2026,3,2026,6,3,0.0,10.692412376403809,False,14,0.0,24.221641635894766,4
Devaughn Vele,WR,2026,3,2026,7,4,0.0,11.144593238830566,False,21,0.0,24.696145725250233,4
Devaughn Vele,WR,2026,3,2026,8,5,0.0,11.524273872375488,False,28,0.0,24.467266488075254,4
Devaughn Vele,WR,2026,3,2026,9,6,0.0,11.791936874389648,False,35,0.0,24.00862884521484,4
Devaughn Vele,WR,2026,3,2026,10,7,0.0,12.034453392028809,False,42,0.0,23.648009490966793,4
Devaughn Vele,WR,2026,3,2026,11,8,0.0,12.273486137390137,False,49,0.0,23.290413665771478,4
Devaughn Vele,WR,2026,3,2026,12,9,0.0,12.384655952453613,False,56,0.0,22.29053440093991,4
Devaughn Vele,WR,2026,3,2026,13,10,0.0,12.428926467895508,False,63,0.0,21.699898838996887,4
Devaughn Vele,WR,2026,3,2026,14,11,0.0,12.373616218566895,False,70,0.0,21.376260614395132,4
Devaughn Vele,WR,2026,3,2026,15,12,0.0,12.274588584899902,False,77,0.0,20.721423435211175,4
Devaughn Vele,WR,2026,3,2026,16,13,0.0,12.176742553710938,False,84,0.0,19.82373104095458,4
Devaughn Vele,WR,2026,3,2026,17,14,0.0,12.081748008728027,False,91,0.0,17.694927334785454,4
Devin Duvernay,WR,2026,3,2026,4,1,0.0,1.0785422325134277,False,0,0.0,15.79430217742918,4
Devin Duvernay,WR,2026,3,2026,5,2,0.0,1.1650514602661133,False,7,0.0,15.326363945007317,4
Devin Duvernay,WR,2026,3,2026,6,3,0.0,1.2016935348510742,False,14,0.0,14.730922794342032,4
Devin Duvernay,WR,2026,3,2026,7,4,0.0,1.145569920539856,False,21,0.0,14.69712240695952,4
Devin Duvernay,WR,2026,3,2026,8,5,0.0,1.112746000289917,False,28,0.0,14.055738615989682,4
Devin Duvernay,WR,2026,3,2026,9,6,0.0,1.0805613994598389,False,35,0.0,13.29725337028503,4
Devin Duvernay,WR,2026,3,2026,10,7,0.0,1.0700668096542358,False,42,0.0,12.68362290859222,4
Devin Duvernay,WR,2026,3,2026,11,8,0.0,1.0729823112487793,False,49,0.0,12.08990983963012,4
Devin Duvernay,WR,2026,3,2026,12,9,0.0,1.0878496170043945,False,56,0.0,10.993728065490695,4
Devin Duvernay,WR,2026,3,2026,13,10,0.0,1.1053156852722168,False,63,0.0,10.376288056373596,4
Devin Duvernay,WR,2026,3,2026,14,11,0.0,1.108294129371643,False,70,0.0,10.110938525199881,4
Devin Duvernay,WR,2026,3,2026,15,12,0.0,1.1400152444839478,False,77,0.0,9.58685009479522,4
Devin Duvernay,WR,2026,3,2026,16,13,0.0,1.1725815534591675,False,84,0.0,8.81957004070281,4
Devin Duvernay,WR,2026,3,2026,17,14,0.0,1.2056547403335571,False,91,0.0,6.818834066390985,4
Devin Singletary,RB,2026,3,2026,4,1,0.0,5.537724018096924,False,0,0.0,20.253483963012677,4
Devin Singletary,RB,2026,3,2026,5,2,0.0,5.036274433135986,False,7,0.0,19.19758691787719,4
Devin Singletary,RB,2026,3,2026,6,3,0.0,4.711610317230225,False,14,0.0,18.240839576721182,4
Devin Singletary,RB,2026,3,2026,7,4,0.0,4.477807521820068,False,21,0.0,18.029360008239735,4
Devin Singletary,RB,2026,3,2026,8,5,0.0,4.249530792236328,False,28,0.0,17.192523407936093,4
Devin Singletary,RB,2026,3,2026,9,6,0.0,4.0150532722473145,False,35,0.0,16.231745243072506,4
Devin Singletary,RB,2026,3,2026,10,7,0.0,3.776973009109497,False,42,0.0,15.390529108047481,4
Devin Singletary,RB,2026,3,2026,11,8,0.0,3.582200527191162,False,49,0.0,14.599128055572503,4
Devin Singletary,RB,2026,3,2026,12,9,0.0,3.363926649093628,False,56,0.0,13.269805097579928,4
Devin Singletary,RB,2026,3,2026,13,10,0.0,3.220956325531006,False,63,0.0,12.491928696632385,4
Devin Singletary,RB,2026,3,2026,14,11,0.0,3.152926206588745,False,70,0.0,12.155570602416983,4
Devin Singletary,RB,2026,3,2026,15,12,0.0,3.136352062225342,False,77,0.0,11.583186912536615,4
Devin Singletary,RB,2026,3,2026,16,13,0.0,3.1349213123321533,False,84,0.0,10.781909799575796,4
Devin Singletary,RB,2026,3,2026,17,14,0.0,3.1479225158691406,False,91,0.0,8.761101841926568,4
Devontez Walker,WR,2026,3,2026,4,1,0.0,2.2385287284851074,False,0,0.0,16.95428867340086,4
Devontez Walker,WR,2026,3,2026,5,2,0.0,2.2305939197540283,False,7,0.0,16.39190640449523,4
Devontez Walker,WR,2026,3,2026,6,3,0.0,2.3386647701263428,False,14,0.0,15.8678940296173,4
Devontez Walker,WR,2026,3,2026,7,4,0.0,2.362088918685913,False,21,0.0,15.913641405105578,4
Devontez Walker,WR,2026,3,2026,8,5,0.0,2.3917815685272217,False,28,0.0,15.334774184226987,4
Devontez Walker,WR,2026,3,2026,9,6,0.0,2.442059278488159,False,35,0.0,14.658751249313351,4
Devontez Walker,WR,2026,3,2026,10,7,0.0,2.571258544921875,False,42,0.0,14.184814643859859,4
Devontez Walker,WR,2026,3,2026,11,8,0.0,2.8000521659851074,False,49,0.0,13.816979694366449,4
Devontez Walker,WR,2026,3,2026,12,9,0.0,3.0197834968566895,False,56,0.0,12.92566194534299,4
Devontez Walker,WR,2026,3,2026,13,10,0.0,3.2022018432617188,False,63,0.0,12.473174214363098,4
Devontez Walker,WR,2026,3,2026,14,11,0.0,3.3094706535339355,False,70,0.0,12.312115049362173,4
Devontez Walker,WR,2026,3,2026,15,12,0.0,3.405427932739258,False,77,0.0,11.85226278305053,4
Devontez Walker,WR,2026,3,2026,16,13,0.0,3.4703640937805176,False,84,0.0,11.11735258102416,4
Devontez Walker,WR,2026,3,2026,17,14,0.0,3.51251482963562,False,91,0.0,9.125694155693047,4
Dillon Bell,WR,2026,3,2026,4,1,0.0,1.06787109375,False,0,0.0,15.783631038665753,4
Dillon Bell,WR,2026,3,2026,5,2,0.0,1.1286417245864868,False,7,0.0,15.289954209327691,4
Dillon Bell,WR,2026,3,2026,6,3,0.0,1.2568916082382202,False,14,0.0,14.786120867729178,4
Dillon Bell,WR,2026,3,2026,7,4,0.0,1.2560479640960693,False,21,0.0,14.807600450515734,4
Dillon Bell,WR,2026,3,2026,8,5,0.0,1.2594621181488037,False,28,0.0,14.202454733848569,4
Dillon Bell,WR,2026,3,2026,9,6,0.0,1.2809008359909058,False,35,0.0,13.497592806816098,4
Dillon Bell,WR,2026,3,2026,10,7,0.0,1.3675464391708374,False,42,0.0,12.981102538108821,4
Dillon Bell,WR,2026,3,2026,11,8,0.0,1.4940999746322632,False,49,0.0,12.511027503013604,4
Dillon Bell,WR,2026,3,2026,12,9,0.0,1.6345667839050293,False,56,0.0,11.54044523239133,4
Dillon Bell,WR,2026,3,2026,13,10,0.0,1.7485851049423218,False,63,0.0,11.019557476043701,4
Dillon Bell,WR,2026,3,2026,14,11,0.0,1.803907036781311,False,70,0.0,10.806551432609549,4
Dillon Bell,WR,2026,3,2026,15,12,0.0,1.8711949586868286,False,77,0.0,10.318029808998102,4
Dillon Bell,WR,2026,3,2026,16,13,0.0,1.9216831922531128,False,84,0.0,9.568671679496756,4
Dillon Bell,WR,2026,3,2026,17,14,0.0,1.9607268571853638,False,91,0.0,7.573906183242792,4
Dohnte Meyers,WR,2026,3,2026,4,1,0.0,2.5760293006896973,False,0,0.0,17.29178924560545,4
Dohnte Meyers,WR,2026,3,2026,5,2,0.0,2.4739677906036377,False,7,0.0,16.63528027534484,4
Dohnte Meyers,WR,2026,3,2026,6,3,0.0,2.666794776916504,False,14,0.0,16.19602403640746,4
Dohnte Meyers,WR,2026,3,2026,7,4,0.0,2.7882986068725586,False,21,0.0,16.339851093292225,4
Dohnte Meyers,WR,2026,3,2026,8,5,0.0,2.879701614379883,False,28,0.0,15.822694230079648,4
Dohnte Meyers,WR,2026,3,2026,9,6,0.0,2.978729248046875,False,35,0.0,15.195421218872067,4
Dohnte Meyers,WR,2026,3,2026,10,7,0.0,3.1826467514038086,False,42,0.0,14.796202850341793,4
Dohnte Meyers,WR,2026,3,2026,11,8,0.0,3.523651361465454,False,49,0.0,14.540578889846795,4
Dohnte Meyers,WR,2026,3,2026,12,9,0.0,3.8888096809387207,False,56,0.0,13.79468812942502,4
Dohnte Meyers,WR,2026,3,2026,13,10,0.0,4.279011249542236,False,63,0.0,13.549983620643616,4
Dohnte Meyers,WR,2026,3,2026,14,11,0.0,4.565018653869629,False,70,0.0,13.567663049697867,4
Dohnte Meyers,WR,2026,3,2026,15,12,0.0,4.781129837036133,False,77,0.0,13.227964687347406,4
Dohnte Meyers,WR,2026,3,2026,16,13,0.0,4.906242847442627,False,84,0.0,12.55323133468627,4
Dohnte Meyers,WR,2026,3,2026,17,14,0.0,4.974593639373779,False,91,0.0,10.587772965431206,4
Dontayvion Wicks,WR,2026,3,2026,4,1,0.0,8.291716575622559,False,0,0.0,23.00747652053831,4
Dontayvion Wicks,WR,2026,3,2026,5,2,0.0,7.889730453491211,False,7,0.0,22.051042938232413,4
Dontayvion Wicks,WR,2026,3,2026,6,3,0.0,7.7130560874938965,False,14,0.0,21.242285346984854,4
Dontayvion Wicks,WR,2026,3,2026,7,4,0.0,7.721995830535889,False,21,0.0,21.273548316955555,4
Dontayvion Wicks,WR,2026,3,2026,8,5,0.0,7.8438029289245605,False,28,0.0,20.786795544624326,4
Dontayvion Wicks,WR,2026,3,2026,9,6,0.0,8.044239044189453,False,35,0.0,20.260931015014645,4
Dontayvion Wicks,WR,2026,3,2026,10,7,0.0,8.309601783752441,False,42,0.0,19.923157882690425,4
Dontayvion Wicks,WR,2026,3,2026,11,8,0.0,8.611287117004395,False,49,0.0,19.628214645385736,4
Dontayvion Wicks,WR,2026,3,2026,12,9,0.0,8.791954040527344,False,56,0.0,18.697832489013642,4
Dontayvion Wicks,WR,2026,3,2026,13,10,0.0,8.89027214050293,False,63,0.0,18.16124451160431,4
Dontayvion Wicks,WR,2026,3,2026,14,11,0.0,8.882596015930176,False,70,0.0,17.885240411758414,4
Dontayvion Wicks,WR,2026,3,2026,15,12,0.0,8.800050735473633,False,77,0.0,17.246885585784906,4
Dontayvion Wicks,WR,2026,3,2026,16,13,0.0,8.704583168029785,False,84,0.0,16.35157165527343,4
Dontayvion Wicks,WR,2026,3,2026,17,14,0.0,8.622223854064941,False,91,0.0,14.235403180122368,4
Drake London,WR,2026,3,2026,4,1,0.0,10.560593605041504,False,0,0.0,25.276353549957257,4
Drake London,WR,2026,3,2026,5,2,0.0,10.75776195526123,False,7,0.0,24.919074440002433,4
Drake London,WR,2026,3,2026,6,3,0.0,11.527226448059082,False,14,0.0,25.05645570755004,4
Drake London,WR,2026,3,2026,7,4,0.0,12.232422828674316,False,21,0.0,25.783975315093983,4
Drake London,WR,2026,3,2026,8,5,0.0,12.859801292419434,False,28,0.0,25.8027939081192,4
Drake London,WR,2026,3,2026,9,6,0.0,13.318329811096191,False,35,0.0,25.535021781921383,4
Drake London,WR,2026,3,2026,10,7,0.0,13.664677619934082,False,42,0.0,25.278233718872066,4
Drake London,WR,2026,3,2026,11,8,0.0,13.951183319091797,False,49,0.0,24.968110847473138,4
Drake London,WR,2026,3,2026,12,9,0.0,14.134169578552246,False,56,0.0,24.040048027038544,4
Drake London,WR,2026,3,2026,13,10,0.0,14.315705299377441,False,63,0.0,23.58667767047882,4
Drake London,WR,2026,3,2026,14,11,0.0,14.379721641540527,False,70,0.0,23.382366037368765,4
Drake London,WR,2026,3,2026,15,12,0.0,14.35903549194336,False,77,0.0,22.805870342254632,4
Drake London,WR,2026,3,2026,16,13,0.0,14.326139450073242,False,84,0.0,21.973127937316885,4
Drake London,WR,2026,3,2026,17,14,0.0,14.27332592010498,False,91,0.0,19.886505246162407,4
Dyami Brown,WR,2026,3,2026,4,1,0.0,1.1493655443191528,False,0,0.0,15.865125489234906,4
Dyami Brown,WR,2026,3,2026,5,2,0.0,1.1789530515670776,False,7,0.0,15.340265536308282,4
Dyami Brown,WR,2026,3,2026,6,3,0.0,1.2399002313613892,False,14,0.0,14.769129490852347,4
Dyami Brown,WR,2026,3,2026,7,4,0.0,1.2094700336456299,False,21,0.0,14.761022520065294,4
Dyami Brown,WR,2026,3,2026,8,5,0.0,1.1951167583465576,False,28,0.0,14.138109374046323,4
Dyami Brown,WR,2026,3,2026,9,6,0.0,1.1752212047576904,False,35,0.0,13.391913175582882,4
Dyami Brown,WR,2026,3,2026,10,7,0.0,1.2004777193069458,False,42,0.0,12.81403381824493,4
Dyami Brown,WR,2026,3,2026,11,8,0.0,1.2579689025878906,False,49,0.0,12.274896430969232,4
Dyami Brown,WR,2026,3,2026,12,9,0.0,1.3162645101547241,False,56,0.0,11.222142958641024,4
Dyami Brown,WR,2026,3,2026,13,10,0.0,1.3584295511245728,False,63,0.0,10.629401922225952,4
Dyami Brown,WR,2026,3,2026,14,11,0.0,1.3751744031906128,False,70,0.0,10.37781879901885,4
Dyami Brown,WR,2026,3,2026,15,12,0.0,1.4203649759292603,False,77,0.0,9.867199826240533,4
Dyami Brown,WR,2026,3,2026,16,13,0.0,1.4582027196884155,False,84,0.0,9.105191206932059,4
Dyami Brown,WR,2026,3,2026,17,14,0.0,1.489653468132019,False,91,0.0,7.102832794189447,4
Dylan Laube,RB,2026,3,2026,4,1,0.0,1.9260358810424805,False,0,0.0,16.641795825958233,4
Dylan Laube,RB,2026,3,2026,5,2,0.0,1.8888152837753296,False,7,0.0,16.050127768516532,4
Dylan Laube,RB,2026,3,2026,6,3,0.0,2.037599802017212,False,14,0.0,15.56682906150817,4
Dylan Laube,RB,2026,3,2026,7,4,0.0,2.0751631259918213,False,21,0.0,15.626715612411486,4
Dylan Laube,RB,2026,3,2026,8,5,0.0,2.108167886734009,False,28,0.0,15.051160502433774,4
Dylan Laube,RB,2026,3,2026,9,6,0.0,2.134746551513672,False,35,0.0,14.351438522338864,4
Dylan Laube,RB,2026,3,2026,10,7,0.0,2.210850238800049,False,42,0.0,13.824406337738033,4
Dylan Laube,RB,2026,3,2026,11,8,0.0,2.349382162094116,False,49,0.0,13.366309690475457,4
Dylan Laube,RB,2026,3,2026,12,9,0.0,2.480343818664551,False,56,0.0,12.38622226715085,4
Dylan Laube,RB,2026,3,2026,13,10,0.0,2.591215133666992,False,63,0.0,11.862187504768372,4
Dylan Laube,RB,2026,3,2026,14,11,0.0,2.648447036743164,False,70,0.0,11.651091432571402,4
Dylan Laube,RB,2026,3,2026,15,12,0.0,2.7127394676208496,False,77,0.0,11.159574317932123,4
Dylan Laube,RB,2026,3,2026,16,13,0.0,2.7625696659088135,False,84,0.0,10.409558153152457,4
Dylan Laube,RB,2026,3,2026,17,14,0.0,2.7990942001342773,False,91,0.0,8.412273526191704,4
Dylan Sampson,RB,2026,3,2026,4,1,0.0,6.47983980178833,False,0,0.0,21.195599746704083,4
Dylan Sampson,RB,2026,3,2026,5,2,0.0,6.319150447845459,False,7,0.0,20.48046293258666,4
Dylan Sampson,RB,2026,3,2026,6,3,0.0,6.540034770965576,False,14,0.0,20.069264030456534,4
Dylan Sampson,RB,2026,3,2026,7,4,0.0,6.899018287658691,False,21,0.0,20.450570774078358,4
Dylan Sampson,RB,2026,3,2026,8,5,0.0,7.310529708862305,False,28,0.0,20.25352232456207,4
Dylan Sampson,RB,2026,3,2026,9,6,0.0,7.70242977142334,False,35,0.0,19.91912174224853,4
Dylan Sampson,RB,2026,3,2026,10,7,0.0,8.033235549926758,False,42,0.0,19.646791648864742,4
Dylan Sampson,RB,2026,3,2026,11,8,0.0,8.276655197143555,False,49,0.0,19.293582725524896,4
Dylan Sampson,RB,2026,3,2026,12,9,0.0,8.331196784973145,False,56,0.0,18.237075233459443,4
Dylan Sampson,RB,2026,3,2026,13,10,0.0,8.277793884277344,False,63,0.0,17.548766255378723,4
Dylan Sampson,RB,2026,3,2026,14,11,0.0,8.15588092803955,False,70,0.0,17.15852532386779,4
Dylan Sampson,RB,2026,3,2026,15,12,0.0,8.02664566040039,False,77,0.0,16.473480510711664,4
Dylan Sampson,RB,2026,3,2026,16,13,0.0,7.915503025054932,False,84,0.0,15.562491512298575,4
Dylan Sampson,RB,2026,3,2026,17,14,0.0,7.828830718994141,False,91,0.0,13.442010045051568,4
Efton Chism III,WR,2026,3,2026,4,1,0.0,1.476158857345581,False,0,0.0,16.191918802261334,4
Efton Chism III,WR,2026,3,2026,5,2,0.0,1.4871901273727417,False,7,0.0,15.648502612113946,4
Efton Chism III,WR,2026,3,2026,6,3,0.0,1.6349960565567017,False,14,0.0,15.16422531604766,4
Efton Chism III,WR,2026,3,2026,7,4,0.0,1.6626728773117065,False,21,0.0,15.214225363731371,4
Efton Chism III,WR,2026,3,2026,8,5,0.0,1.711778998374939,False,28,0.0,14.654771614074704,4
Efton Chism III,WR,2026,3,2026,9,6,0.0,1.7901374101638794,False,35,0.0,14.006829380989071,4
Efton Chism III,WR,2026,3,2026,10,7,0.0,1.9187308549880981,False,42,0.0,13.532286953926082,4
Efton Chism III,WR,2026,3,2026,11,8,0.0,2.090427875518799,False,49,0.0,13.10735540390014,4
Efton Chism III,WR,2026,3,2026,12,9,0.0,2.249863624572754,False,56,0.0,12.155742073059054,4
Efton Chism III,WR,2026,3,2026,13,10,0.0,2.3731536865234375,False,63,0.0,11.644126057624817,4
Efton Chism III,WR,2026,3,2026,14,11,0.0,2.4435930252075195,False,70,0.0,11.446237421035757,4
Efton Chism III,WR,2026,3,2026,15,12,0.0,2.5235753059387207,False,77,0.0,10.970410156249994,4
Efton Chism III,WR,2026,3,2026,16,13,0.0,2.587383508682251,False,84,0.0,10.234371995925894,4
Efton Chism III,WR,2026,3,2026,17,14,0.0,2.6335227489471436,False,91,0.0,8.24670207500457,4
Eli Heidenreich,RB,2026,3,2026,4,1,0.0,1.3292733430862427,False,0,0.0,16.045033288001996,4
Eli Heidenreich,RB,2026,3,2026,5,2,0.0,1.3622431755065918,False,7,0.0,15.523555660247796,4
Eli Heidenreich,RB,2026,3,2026,6,3,0.0,1.5246046781539917,False,14,0.0,15.05383393764495,4
Eli Heidenreich,RB,2026,3,2026,7,4,0.0,1.562790870666504,False,21,0.0,15.114343357086168,4
Eli Heidenreich,RB,2026,3,2026,8,5,0.0,1.595340609550476,False,28,0.0,14.538333225250241,4
Eli Heidenreich,RB,2026,3,2026,9,6,0.0,1.6248297691345215,False,35,0.0,13.841521739959713,4
Eli Heidenreich,RB,2026,3,2026,10,7,0.0,1.7098972797393799,False,42,0.0,13.323453378677364,4
Eli Heidenreich,RB,2026,3,2026,11,8,0.0,1.8479810953140259,False,49,0.0,12.864908623695367,4
Eli Heidenreich,RB,2026,3,2026,12,9,0.0,1.9918725490570068,False,56,0.0,11.897750997543307,4
Eli Heidenreich,RB,2026,3,2026,13,10,0.0,2.11002779006958,False,63,0.0,11.38100016117096,4
Eli Heidenreich,RB,2026,3,2026,14,11,0.0,2.172545909881592,False,70,0.0,11.17519030570983,4
Eli Heidenreich,RB,2026,3,2026,15,12,0.0,2.2451138496398926,False,77,0.0,10.691948699951165,4
Eli Heidenreich,RB,2026,3,2026,16,13,0.0,2.302583694458008,False,84,0.0,9.949572181701651,4
Eli Heidenreich,RB,2026,3,2026,17,14,0.0,2.346135139465332,False,91,0.0,7.95931446552276,4
Elic Ayomanor,WR,2026,3,2026,4,1,0.0,5.351655960083008,False,0,0.0,20.06741590499876,4
Elic Ayomanor,WR,2026,3,2026,5,2,0.0,5.271702289581299,False,7,0.0,19.4330147743225,4
Elic Ayomanor,WR,2026,3,2026,6,3,0.0,5.522633075714111,False,14,0.0,19.05186233520507,4
Elic Ayomanor,WR,2026,3,2026,7,4,0.0,5.757872104644775,False,21,0.0,19.30942459106444,4
Elic Ayomanor,WR,2026,3,2026,8,5,0.0,6.008403301239014,False,28,0.0,18.95139591693878,4
Elic Ayomanor,WR,2026,3,2026,9,6,0.0,6.299261569976807,False,35,0.0,18.515953540802,4
Elic Ayomanor,WR,2026,3,2026,10,7,0.0,6.661762237548828,False,42,0.0,18.275318336486812,4
Elic Ayomanor,WR,2026,3,2026,11,8,0.0,7.088634967803955,False,49,0.0,18.105562496185296,4
Elic Ayomanor,WR,2026,3,2026,12,9,0.0,7.352686405181885,False,56,0.0,17.258564853668183,4
Elic Ayomanor,WR,2026,3,2026,13,10,0.0,7.460517406463623,False,63,0.0,16.731489777565002,4
Elic Ayomanor,WR,2026,3,2026,14,11,0.0,7.45231294631958,False,70,0.0,16.454957342147818,4
Elic Ayomanor,WR,2026,3,2026,15,12,0.0,7.414528846740723,False,77,0.0,15.861363697051996,4
Elic Ayomanor,WR,2026,3,2026,16,13,0.0,7.3697896003723145,False,84,0.0,15.016778087615958,4
Elic Ayomanor,WR,2026,3,2026,17,14,0.0,7.329391002655029,False,91,0.0,12.942570328712456,4
Elijah Moore,WR,2026,3,2026,4,1,0.0,1.4257882833480835,False,0,0.0,16.141548228263837,4
Elijah Moore,WR,2026,3,2026,5,2,0.0,1.3936244249343872,False,7,0.0,15.554936909675591,4
Elijah Moore,WR,2026,3,2026,6,3,0.0,1.4002577066421509,False,14,0.0,14.929486966133108,4
Elijah Moore,WR,2026,3,2026,7,4,0.0,1.3302549123764038,False,21,0.0,14.881807398796068,4
Elijah Moore,WR,2026,3,2026,8,5,0.0,1.2837656736373901,False,28,0.0,14.226758289337155,4
Elijah Moore,WR,2026,3,2026,9,6,0.0,1.2425378561019897,False,35,0.0,13.459229826927182,4
Elijah Moore,WR,2026,3,2026,10,7,0.0,1.2412391901016235,False,42,0.0,12.854795289039608,4
Elijah Moore,WR,2026,3,2026,11,8,0.0,1.2679332494735718,False,49,0.0,12.284860777854913,4
Elijah Moore,WR,2026,3,2026,12,9,0.0,1.2989708185195923,False,56,0.0,11.204849267005892,4
Elijah Moore,WR,2026,3,2026,13,10,0.0,1.324803352355957,False,63,0.0,10.595775723457336,4
Elijah Moore,WR,2026,3,2026,14,11,0.0,1.3342342376708984,False,70,0.0,10.336878633499136,4
Elijah Moore,WR,2026,3,2026,15,12,0.0,1.371698260307312,False,77,0.0,9.818533110618585,4
Elijah Moore,WR,2026,3,2026,16,13,0.0,1.4069503545761108,False,84,0.0,9.053938841819754,4
Elijah Moore,WR,2026,3,2026,17,14,0.0,1.4406894445419312,False,91,0.0,7.053868770599359,4
Elijah Sarratt,WR,2026,3,2026,4,1,0.0,1.146340250968933,False,0,0.0,15.862100195884686,4
Elijah Sarratt,WR,2026,3,2026,5,2,0.0,1.1887418031692505,False,7,0.0,15.350054287910455,4
Elijah Sarratt,WR,2026,3,2026,6,3,0.0,1.3169258832931519,False,14,0.0,14.84615514278411,4
Elijah Sarratt,WR,2026,3,2026,7,4,0.0,1.3255687952041626,False,21,0.0,14.877121281623827,4
Elijah Sarratt,WR,2026,3,2026,8,5,0.0,1.3321181535720825,False,28,0.0,14.275110769271848,4
Elijah Sarratt,WR,2026,3,2026,9,6,0.0,1.3610209226608276,False,35,0.0,13.57771289348602,4
Elijah Sarratt,WR,2026,3,2026,10,7,0.0,1.4701327085494995,False,42,0.0,13.083688807487484,4
Elijah Sarratt,WR,2026,3,2026,11,8,0.0,1.630431056022644,False,49,0.0,12.647358584403985,4
Elijah Sarratt,WR,2026,3,2026,12,9,0.0,1.8076554536819458,False,56,0.0,11.713533902168246,4
Elijah Sarratt,WR,2026,3,2026,13,10,0.0,1.9614490270614624,False,63,0.0,11.232421398162842,4
Elijah Sarratt,WR,2026,3,2026,14,11,0.0,2.0436854362487793,False,70,0.0,11.046329832077017,4
Elijah Sarratt,WR,2026,3,2026,15,12,0.0,2.1275980472564697,False,77,0.0,10.574432897567743,4
Elijah Sarratt,WR,2026,3,2026,16,13,0.0,2.1858019828796387,False,84,0.0,9.832790470123282,4
Elijah Sarratt,WR,2026,3,2026,17,14,0.0,2.228635311126709,False,91,0.0,7.841814637184137,4
Emanuel Wilson,RB,2026,3,2026,4,1,0.0,4.175321102142334,False,0,0.0,18.891081047058087,4
Emanuel Wilson,RB,2026,3,2026,5,2,0.0,3.7765705585479736,False,7,0.0,17.937883043289176,4
Emanuel Wilson,RB,2026,3,2026,6,3,0.0,3.614227294921875,False,14,0.0,17.143456554412833,4
Emanuel Wilson,RB,2026,3,2026,7,4,0.0,3.5062060356140137,False,21,0.0,17.05775852203368,4
Emanuel Wilson,RB,2026,3,2026,8,5,0.0,3.4387972354888916,False,28,0.0,16.381789851188657,4
Emanuel Wilson,RB,2026,3,2026,9,6,0.0,3.383413314819336,False,35,0.0,15.600105285644528,4
Emanuel Wilson,RB,2026,3,2026,10,7,0.0,3.397418737411499,False,42,0.0,15.010974836349483,4
Emanuel Wilson,RB,2026,3,2026,11,8,0.0,3.5484421253204346,False,49,0.0,14.565369653701776,4
Emanuel Wilson,RB,2026,3,2026,12,9,0.0,3.701812267303467,False,56,0.0,13.607690715789767,4
Emanuel Wilson,RB,2026,3,2026,13,10,0.0,3.8511550426483154,False,63,0.0,13.122127413749695,4
Emanuel Wilson,RB,2026,3,2026,14,11,0.0,3.9563748836517334,False,70,0.0,12.959019279479971,4
Emanuel Wilson,RB,2026,3,2026,15,12,0.0,4.051704406738281,False,77,0.0,12.498539257049554,4
Emanuel Wilson,RB,2026,3,2026,16,13,0.0,4.110465049743652,False,84,0.0,11.757453536987295,4
Emanuel Wilson,RB,2026,3,2026,17,14,0.0,4.1475510597229,False,91,0.0,9.760730385780327,4
Emari Demercado,RB,2026,3,2026,4,1,0.0,2.2020046710968018,False,0,0.0,16.917764616012555,4
Emari Demercado,RB,2026,3,2026,5,2,0.0,2.012324571609497,False,7,0.0,16.1736370563507,4
Emari Demercado,RB,2026,3,2026,6,3,0.0,2.094295024871826,False,14,0.0,15.623524284362784,4
Emari Demercado,RB,2026,3,2026,7,4,0.0,2.1157939434051514,False,21,0.0,15.667346429824816,4
Emari Demercado,RB,2026,3,2026,8,5,0.0,2.1485886573791504,False,28,0.0,15.091581273078916,4
Emari Demercado,RB,2026,3,2026,9,6,0.0,2.186093330383301,False,35,0.0,14.402785301208493,4
Emari Demercado,RB,2026,3,2026,10,7,0.0,2.2823147773742676,False,42,0.0,13.895870876312252,4
Emari Demercado,RB,2026,3,2026,11,8,0.0,2.449084997177124,False,49,0.0,13.466012525558465,4
Emari Demercado,RB,2026,3,2026,12,9,0.0,2.612090587615967,False,56,0.0,12.517969036102267,4
Emari Demercado,RB,2026,3,2026,13,10,0.0,2.7423458099365234,False,63,0.0,12.013318181037903,4
Emari Demercado,RB,2026,3,2026,14,11,0.0,2.81701922416687,False,70,0.0,11.819663619995108,4
Emari Demercado,RB,2026,3,2026,15,12,0.0,2.8958115577697754,False,77,0.0,11.342646408081048,4
Emari Demercado,RB,2026,3,2026,16,13,0.0,2.9582676887512207,False,84,0.0,10.605256175994864,4
Emari Demercado,RB,2026,3,2026,17,14,0.0,3.002488374710083,False,91,0.0,8.61566770076751,4
Emeka Egbuka,WR,2026,3,2026,4,1,0.0,11.403552055358887,False,0,0.3049365997314446,26.11931200027464,4
Emeka Egbuka,WR,2026,3,2026,5,2,0.0,11.88945484161377,False,7,0.0,26.050767326354972,4
Emeka Egbuka,WR,2026,3,2026,6,3,0.0,12.643494606018066,False,14,0.0,26.172723865509024,4
Emeka Egbuka,WR,2026,3,2026,7,4,0.0,13.144164085388184,False,21,0.0,26.69571657180785,4
Emeka Egbuka,WR,2026,3,2026,8,5,0.0,13.462485313415527,False,28,0.0,26.405477929115293,4
Emeka Egbuka,WR,2026,3,2026,9,6,0.0,13.708464622497559,False,35,0.0,25.92515659332275,4
Emeka Egbuka,WR,2026,3,2026,10,7,0.0,13.935857772827148,False,42,0.0,25.549413871765132,4
Emeka Egbuka,WR,2026,3,2026,11,8,0.0,14.116547584533691,False,49,0.0,25.133475112915033,4
Emeka Egbuka,WR,2026,3,2026,12,9,0.0,14.203248977661133,False,56,0.0,24.10912742614743,4
Emeka Egbuka,WR,2026,3,2026,13,10,0.0,14.279973030090332,False,63,0.0,23.55094540119171,4
Emeka Egbuka,WR,2026,3,2026,14,11,0.0,14.277295112609863,False,70,0.0,23.2799395084381,4
Emeka Egbuka,WR,2026,3,2026,15,12,0.0,14.231133460998535,False,77,0.0,22.677968311309808,4
Emeka Egbuka,WR,2026,3,2026,16,13,0.0,14.189310073852539,False,84,0.0,21.836298561096182,4
Emeka Egbuka,WR,2026,3,2026,17,14,0.0,14.135899543762207,False,91,0.0,19.749078869819634,4
Emmett Johnson,RB,2026,3,2026,4,1,0.0,4.625776767730713,False,0,0.0,19.341536712646466,4
Emmett Johnson,RB,2026,3,2026,5,2,0.0,4.570115566253662,False,7,0.0,18.731428050994865,4
Emmett Johnson,RB,2026,3,2026,6,3,0.0,4.673665523529053,False,14,0.0,18.20289478302001,4
Emmett Johnson,RB,2026,3,2026,7,4,0.0,4.783729076385498,False,21,0.0,18.335281562805164,4
Emmett Johnson,RB,2026,3,2026,8,5,0.0,4.923898220062256,False,28,0.0,17.86689083576202,4
Emmett Johnson,RB,2026,3,2026,9,6,0.0,5.072399616241455,False,35,0.0,17.289091587066647,4
Emmett Johnson,RB,2026,3,2026,10,7,0.0,5.274935722351074,False,42,0.0,16.88849182128906,4
Emmett Johnson,RB,2026,3,2026,11,8,0.0,5.556219100952148,False,49,0.0,16.57314662933349,4
Emmett Johnson,RB,2026,3,2026,12,9,0.0,5.743875026702881,False,56,0.0,15.649753475189181,4
Emmett Johnson,RB,2026,3,2026,13,10,0.0,5.8577775955200195,False,63,0.0,15.128749966621399,4
Emmett Johnson,RB,2026,3,2026,14,11,0.0,5.885998249053955,False,70,0.0,14.888642644882193,4
Emmett Johnson,RB,2026,3,2026,15,12,0.0,5.882784366607666,False,77,0.0,14.329619216918939,4
Emmett Johnson,RB,2026,3,2026,16,13,0.0,5.863640308380127,False,84,0.0,13.51062879562377,4
Emmett Johnson,RB,2026,3,2026,17,14,0.0,5.852537155151367,False,91,0.0,11.465716481208794,4
Frank Gore Jr.,RB,2026,3,2026,4,1,0.0,1.5144612789154053,False,0,0.0,16.23022122383116,4
Frank Gore Jr.,RB,2026,3,2026,5,2,0.0,1.4794498682022095,False,7,0.0,15.640762352943414,4
Frank Gore Jr.,RB,2026,3,2026,6,3,0.0,1.533255696296692,False,14,0.0,15.06248495578765,4
Frank Gore Jr.,RB,2026,3,2026,7,4,0.0,1.490683913230896,False,21,0.0,15.04223639965056,4
Frank Gore Jr.,RB,2026,3,2026,8,5,0.0,1.4822295904159546,False,28,0.0,14.42522220611572,4
Frank Gore Jr.,RB,2026,3,2026,9,6,0.0,1.5123718976974487,False,35,0.0,13.72906386852264,4
Frank Gore Jr.,RB,2026,3,2026,10,7,0.0,1.5982078313827515,False,42,0.0,13.211763930320735,4
Frank Gore Jr.,RB,2026,3,2026,11,8,0.0,1.724392056465149,False,49,0.0,12.74131958484649,4
Frank Gore Jr.,RB,2026,3,2026,12,9,0.0,1.8449543714523315,False,56,0.0,11.750832819938632,4
Frank Gore Jr.,RB,2026,3,2026,13,10,0.0,1.934157133102417,False,63,0.0,11.205129504203796,4
Frank Gore Jr.,RB,2026,3,2026,14,11,0.0,1.9816200733184814,False,70,0.0,10.98426446914672,4
Frank Gore Jr.,RB,2026,3,2026,15,12,0.0,2.046160936355591,False,77,0.0,10.492995786666864,4
Frank Gore Jr.,RB,2026,3,2026,16,13,0.0,2.098691940307617,False,84,0.0,9.74568042755126,4
Frank Gore Jr.,RB,2026,3,2026,17,14,0.0,2.139467239379883,False,91,0.0,7.752646565437311,4
Garrett Wilson,WR,2026,3,2026,4,1,0.0,15.305878639221191,False,0,4.207263183593749,30.021638584136944,4
Garrett Wilson,WR,2026,3,2026,5,2,0.0,15.973901748657227,False,7,2.3066075325012196,30.13521423339843,4
Garrett Wilson,WR,2026,3,2026,6,3,0.0,16.555564880371094,False,14,2.4279795646667477,30.08479413986205,4
Garrett Wilson,WR,2026,3,2026,7,4,0.0,16.893211364746094,False,21,2.6054571151733406,30.44476385116576,4
Garrett Wilson,WR,2026,3,2026,8,5,0.0,16.99873924255371,False,28,2.5602890014648434,29.941731858253476,4
Garrett Wilson,WR,2026,3,2026,9,6,0.0,16.939199447631836,False,35,2.4057982444763173,29.155891418457028,4
Garrett Wilson,WR,2026,3,2026,10,7,0.0,16.827611923217773,False,42,2.2219592094421383,28.441168022155757,4
Garrett Wilson,WR,2026,3,2026,11,8,0.0,16.729745864868164,False,49,2.074297618865966,27.746673393249505,4
Garrett Wilson,WR,2026,3,2026,12,9,0.0,16.525577545166016,False,56,1.8237605094909686,26.431455993652314,4
Garrett Wilson,WR,2026,3,2026,13,10,0.0,16.301185607910156,False,63,1.536458683013917,25.572157979011536,4
Garrett Wilson,WR,2026,3,2026,14,11,0.0,16.10678482055664,False,70,1.2955111503601078,25.10942921638488,4
Garrett Wilson,WR,2026,3,2026,15,12,0.0,15.92198657989502,False,77,1.0791815757751468,24.368821430206292,4
Garrett Wilson,WR,2026,3,2026,16,13,0.0,15.775223731994629,False,84,0.9226262092590325,23.422212219238272,4
Garrett Wilson,WR,2026,3,2026,17,14,0.0,15.64560317993164,False,91,0.7623103141784675,21.258782505989068,4
Gary Jennings,WR,2026,3,2026,4,1,0.0,0.6725692749023438,False,0,0.0,15.388329219818097,4
Gary Jennings,WR,2026,3,2026,5,2,0.0,0.7791337966918945,False,7,0.0,14.940446281433099,4
Gary Jennings,WR,2026,3,2026,6,3,0.0,0.9279462099075317,False,14,0.0,14.45717546939849,4
Gary Jennings,WR,2026,3,2026,7,4,0.0,0.9415296316146851,False,21,0.0,14.49308211803435,4
Gary Jennings,WR,2026,3,2026,8,5,0.0,0.9660099744796753,False,28,0.0,13.90900259017944,4
Gary Jennings,WR,2026,3,2026,9,6,0.0,1.0080466270446777,False,35,0.0,13.22473859786987,4
Gary Jennings,WR,2026,3,2026,10,7,0.0,1.1078461408615112,False,42,0.0,12.721402239799495,4
Gary Jennings,WR,2026,3,2026,11,8,0.0,1.240782380104065,False,49,0.0,12.257709908485406,4
Gary Jennings,WR,2026,3,2026,12,9,0.0,1.3962396383285522,False,56,0.0,11.302118086814852,4
Gary Jennings,WR,2026,3,2026,13,10,0.0,1.519632339477539,False,63,0.0,10.790604710578918,4
Gary Jennings,WR,2026,3,2026,14,11,0.0,1.5844335556030273,False,70,0.0,10.587077951431265,4
Gary Jennings,WR,2026,3,2026,15,12,0.0,1.6638211011886597,False,77,0.0,10.110655951499933,4
Gary Jennings,WR,2026,3,2026,16,13,0.0,1.7276116609573364,False,84,0.0,9.37460014820098,4
Gary Jennings,WR,2026,3,2026,17,14,0.0,1.7762094736099243,False,91,0.0,7.389388799667352,4
George Holani,RB,2026,3,2026,4,1,0.0,2.5355799198150635,False,0,0.0,17.251339864730816,4
George Holani,RB,2026,3,2026,5,2,0.0,2.2908215522766113,False,7,0.0,16.452134037017814,4
George Holani,RB,2026,3,2026,6,3,0.0,2.2837846279144287,False,14,0.0,15.813013887405386,4
George Holani,RB,2026,3,2026,7,4,0.0,2.2378034591674805,False,21,0.0,15.789355945587145,4
George Holani,RB,2026,3,2026,8,5,0.0,2.2121763229370117,False,28,0.0,15.155168938636777,4
George Holani,RB,2026,3,2026,9,6,0.0,2.1916463375091553,False,35,0.0,14.408338308334347,4
George Holani,RB,2026,3,2026,10,7,0.0,2.2295236587524414,False,42,0.0,13.843079757690425,4
George Holani,RB,2026,3,2026,11,8,0.0,2.332526683807373,False,49,0.0,13.349454212188714,4
George Holani,RB,2026,3,2026,12,9,0.0,2.4200992584228516,False,56,0.0,12.325977706909152,4
George Holani,RB,2026,3,2026,13,10,0.0,2.4857888221740723,False,63,0.0,11.756761193275452,4
George Holani,RB,2026,3,2026,14,11,0.0,2.5195629596710205,False,70,0.0,11.522207355499258,4
George Holani,RB,2026,3,2026,15,12,0.0,2.5712485313415527,False,77,0.0,11.018083381652826,4
George Holani,RB,2026,3,2026,16,13,0.0,2.6140966415405273,False,84,0.0,10.26108512878417,4
George Holani,RB,2026,3,2026,17,14,0.0,2.649062156677246,False,91,0.0,8.262241482734673,4
George Pickens,WR,2026,3,2026,4,1,0.0,15.423882484436035,False,0,4.325267028808593,30.139642429351788,4
George Pickens,WR,2026,3,2026,5,2,0.0,15.70738697052002,False,7,2.0400927543640126,29.868699455261222,4
George Pickens,WR,2026,3,2026,6,3,0.0,15.8838472366333,False,14,1.7562619209289547,29.41307649612426,4
George Pickens,WR,2026,3,2026,7,4,0.0,16.211021423339844,False,21,1.9232671737670906,29.76257390975951,4
George Pickens,WR,2026,3,2026,8,5,0.0,16.531719207763672,False,28,2.0932689666748043,29.474711823463437,4
George Pickens,WR,2026,3,2026,9,6,0.0,16.810901641845703,False,35,2.2775004386901845,29.027593612670895,4
George Pickens,WR,2026,3,2026,10,7,0.0,17.045928955078125,False,42,2.44027624130249,28.65948505401611,4
George Pickens,WR,2026,3,2026,11,8,0.0,17.26262664794922,False,49,2.6071784019470208,28.27955417633056,4
George Pickens,WR,2026,3,2026,12,9,0.0,17.385662078857422,False,56,2.683845043182375,27.29154052734372,4
George Pickens,WR,2026,3,2026,13,10,0.0,17.551605224609375,False,63,2.786878299713136,26.822577595710754,4
George Pickens,WR,2026,3,2026,14,11,0.0,17.66115379333496,False,70,2.849880123138428,26.6637981891632,4
George Pickens,WR,2026,3,2026,15,12,0.0,17.670989990234375,False,77,2.8281849861145023,26.117824840545648,4
George Pickens,WR,2026,3,2026,16,13,0.0,17.64521026611328,False,84,2.792612743377685,25.292198753356924,4
George Pickens,WR,2026,3,2026,17,14,0.0,17.588029861450195,False,91,2.704736995697022,23.201209187507622,4
Germie Bernard,WR,2026,3,2026,4,1,0.0,2.114678382873535,False,0,0.0,16.830438327789288,4
Germie Bernard,WR,2026,3,2026,5,2,0.0,2.010986089706421,False,7,0.0,16.172298574447623,4
Germie Bernard,WR,2026,3,2026,6,3,0.0,2.174288034439087,False,14,0.0,15.703517293930044,4
Germie Bernard,WR,2026,3,2026,7,4,0.0,2.2588114738464355,False,21,0.0,15.8103639602661,4
Germie Bernard,WR,2026,3,2026,8,5,0.0,2.331149101257324,False,28,0.0,15.27414171695709,4
Germie Bernard,WR,2026,3,2026,9,6,0.0,2.4079396724700928,False,35,0.0,14.624631643295285,4
Germie Bernard,WR,2026,3,2026,10,7,0.0,2.563772678375244,False,42,0.0,14.177328777313228,4
Germie Bernard,WR,2026,3,2026,11,8,0.0,2.821998119354248,False,49,0.0,13.83892564773559,4
Germie Bernard,WR,2026,3,2026,12,9,0.0,3.096736192703247,False,56,0.0,13.002614641189547,4
Germie Bernard,WR,2026,3,2026,13,10,0.0,3.366180896759033,False,63,0.0,12.637153267860413,4
Germie Bernard,WR,2026,3,2026,14,11,0.0,3.540247917175293,False,70,0.0,12.54289231300353,4
Germie Bernard,WR,2026,3,2026,15,12,0.0,3.678879499435425,False,77,0.0,12.125714349746698,4
Germie Bernard,WR,2026,3,2026,16,13,0.0,3.768892765045166,False,84,0.0,11.41588125228881,4
Germie Bernard,WR,2026,3,2026,17,14,0.0,3.8239712715148926,False,91,0.0,9.43715059757232,4
Greg Dortch,WR,2026,3,2026,4,1,0.0,3.923095941543579,False,0,0.0,18.638855886459332,4
Greg Dortch,WR,2026,3,2026,5,2,0.0,3.777449131011963,False,7,0.0,17.938761615753165,4
Greg Dortch,WR,2026,3,2026,6,3,0.0,3.893217086791992,False,14,0.0,17.42244634628295,4
Greg Dortch,WR,2026,3,2026,7,4,0.0,3.9794905185699463,False,21,0.0,17.531043004989613,4
Greg Dortch,WR,2026,3,2026,8,5,0.0,4.064519882202148,False,28,0.0,17.007512497901914,4
Greg Dortch,WR,2026,3,2026,9,6,0.0,4.134705543518066,False,35,0.0,16.351397514343258,4
Greg Dortch,WR,2026,3,2026,10,7,0.0,4.239273548126221,False,42,0.0,15.852829647064205,4
Greg Dortch,WR,2026,3,2026,11,8,0.0,4.429469585418701,False,49,0.0,15.446397113800042,4
Greg Dortch,WR,2026,3,2026,12,9,0.0,4.594166278839111,False,56,0.0,14.500044727325411,4
Greg Dortch,WR,2026,3,2026,13,10,0.0,4.7180047035217285,False,63,0.0,13.988977074623108,4
Greg Dortch,WR,2026,3,2026,14,11,0.0,4.774229049682617,False,70,0.0,13.776873445510855,4
Greg Dortch,WR,2026,3,2026,15,12,0.0,4.818135738372803,False,77,0.0,13.264970588684076,4
Greg Dortch,WR,2026,3,2026,16,13,0.0,4.843103885650635,False,84,0.0,12.490092372894278,4
Greg Dortch,WR,2026,3,2026,17,14,0.0,4.859167575836182,False,91,0.0,10.472346901893609,4
Hunter Luepke,RB,2026,3,2026,4,1,0.0,1.536845088005066,False,0,0.0,16.25260503292082,4
Hunter Luepke,RB,2026,3,2026,5,2,0.0,1.5223535299301147,False,7,0.0,15.683666014671319,4
Hunter Luepke,RB,2026,3,2026,6,3,0.0,1.5910831689834595,False,14,0.0,15.120312428474417,4
Hunter Luepke,RB,2026,3,2026,7,4,0.0,1.565893530845642,False,21,0.0,15.117446017265307,4
Hunter Luepke,RB,2026,3,2026,8,5,0.0,1.5549137592315674,False,28,0.0,14.497906374931333,4
Hunter Luepke,RB,2026,3,2026,9,6,0.0,1.5450102090835571,False,35,0.0,13.761702179908749,4
Hunter Luepke,RB,2026,3,2026,10,7,0.0,1.57698392868042,False,42,0.0,13.190540027618404,4
Hunter Luepke,RB,2026,3,2026,11,8,0.0,1.6404942274093628,False,49,0.0,12.657421755790704,4
Hunter Luepke,RB,2026,3,2026,12,9,0.0,1.698046326637268,False,56,0.0,11.603924775123568,4
Hunter Luepke,RB,2026,3,2026,13,10,0.0,1.7435046434402466,False,63,0.0,11.014477014541626,4
Hunter Luepke,RB,2026,3,2026,14,11,0.0,1.7642794847488403,False,70,0.0,10.766923880577078,4
Hunter Luepke,RB,2026,3,2026,15,12,0.0,1.8090091943740845,False,77,0.0,10.255844044685357,4
Hunter Luepke,RB,2026,3,2026,16,13,0.0,1.849953293800354,False,84,0.0,9.496941781043997,4
Hunter Luepke,RB,2026,3,2026,17,14,0.0,1.885817289352417,False,91,0.0,7.498996615409845,4
Isaac TeSlaa,WR,2026,3,2026,4,1,0.0,7.04982328414917,False,0,0.0,21.765583229064923,4
Isaac TeSlaa,WR,2026,3,2026,5,2,0.0,6.6026740074157715,False,7,0.0,20.763986492156974,4
Isaac TeSlaa,WR,2026,3,2026,6,3,0.0,6.331799030303955,False,14,0.0,19.861028289794913,4
Isaac TeSlaa,WR,2026,3,2026,7,4,0.0,6.2272257804870605,False,21,0.0,19.778778266906727,4
Isaac TeSlaa,WR,2026,3,2026,8,5,0.0,6.21921968460083,False,28,0.0,19.162212300300595,4
Isaac TeSlaa,WR,2026,3,2026,9,6,0.0,6.258605480194092,False,35,0.0,18.475297451019284,4
Isaac TeSlaa,WR,2026,3,2026,10,7,0.0,6.346661567687988,False,42,0.0,17.960217666625972,4
Isaac TeSlaa,WR,2026,3,2026,11,8,0.0,6.485097408294678,False,49,0.0,17.50202493667602,4
Isaac TeSlaa,WR,2026,3,2026,12,9,0.0,6.50510835647583,False,56,0.0,16.41098680496213,4
Isaac TeSlaa,WR,2026,3,2026,13,10,0.0,6.4554572105407715,False,63,0.0,15.72642958164215,4
Isaac TeSlaa,WR,2026,3,2026,14,11,0.0,6.377161502838135,False,70,0.0,15.379805898666373,4
Isaac TeSlaa,WR,2026,3,2026,15,12,0.0,6.302204608917236,False,77,0.0,14.74903945922851,4
Isaac TeSlaa,WR,2026,3,2026,16,13,0.0,6.237070560455322,False,84,0.0,13.884059047698965,4
Isaac TeSlaa,WR,2026,3,2026,17,14,0.0,6.197001934051514,False,91,0.0,11.81018126010894,4
Isaiah Bond,WR,2026,3,2026,4,1,0.0,4.155534744262695,False,0,0.0,18.87129468917845,4
Isaiah Bond,WR,2026,3,2026,5,2,0.0,4.2209553718566895,False,7,0.0,18.382267856597892,4
Isaiah Bond,WR,2026,3,2026,6,3,0.0,4.669238567352295,False,14,0.0,18.198467826843252,4
Isaiah Bond,WR,2026,3,2026,7,4,0.0,5.119658946990967,False,21,0.0,18.671211433410633,4
Isaiah Bond,WR,2026,3,2026,8,5,0.0,5.565486431121826,False,28,0.0,18.50847904682159,4
Isaiah Bond,WR,2026,3,2026,9,6,0.0,6.041464328765869,False,35,0.0,18.25815629959106,4
Isaiah Bond,WR,2026,3,2026,10,7,0.0,6.612662315368652,False,42,0.0,18.226218414306636,4
Isaiah Bond,WR,2026,3,2026,11,8,0.0,7.304834842681885,False,49,0.0,18.321762371063226,4
Isaiah Bond,WR,2026,3,2026,12,9,0.0,7.905406951904297,False,56,0.0,17.811285400390595,4
Isaiah Bond,WR,2026,3,2026,13,10,0.0,8.34306812286377,False,63,0.0,17.61404049396515,4
Isaiah Bond,WR,2026,3,2026,14,11,0.0,8.537496566772461,False,70,0.0,17.5401409626007,4
Isaiah Bond,WR,2026,3,2026,15,12,0.0,8.586331367492676,False,77,0.0,17.03316621780395,4
Isaiah Bond,WR,2026,3,2026,16,13,0.0,8.567614555358887,False,84,0.0,16.21460304260253,4
Isaiah Bond,WR,2026,3,2026,17,14,0.0,8.519980430603027,False,91,0.0,14.133159756660454,4
Isaiah Davis,RB,2026,3,2026,4,1,0.0,2.9543871879577637,False,0,0.0,17.670147132873517,4
Isaiah Davis,RB,2026,3,2026,5,2,0.0,2.654022216796875,False,7,0.0,16.815334701538077,4
Isaiah Davis,RB,2026,3,2026,6,3,0.0,2.567397356033325,False,14,0.0,16.096626615524283,4
Isaiah Davis,RB,2026,3,2026,7,4,0.0,2.4830784797668457,False,21,0.0,16.034630966186512,4
Isaiah Davis,RB,2026,3,2026,8,5,0.0,2.435490131378174,False,28,0.0,15.378482747077939,4
Isaiah Davis,RB,2026,3,2026,9,6,0.0,2.372117042541504,False,35,0.0,14.588809013366696,4
Isaiah Davis,RB,2026,3,2026,10,7,0.0,2.3352766036987305,False,42,0.0,13.948832702636714,4
Isaiah Davis,RB,2026,3,2026,11,8,0.0,2.3593904972076416,False,49,0.0,13.376318025588983,4
Isaiah Davis,RB,2026,3,2026,12,9,0.0,2.3753786087036133,False,56,0.0,12.281257057189913,4
Isaiah Davis,RB,2026,3,2026,13,10,0.0,2.402280330657959,False,63,0.0,11.673252701759338,4
Isaiah Davis,RB,2026,3,2026,14,11,0.0,2.4137940406799316,False,70,0.0,11.41643843650817,4
Isaiah Davis,RB,2026,3,2026,15,12,0.0,2.4477734565734863,False,77,0.0,10.89460830688476,4
Isaiah Davis,RB,2026,3,2026,16,13,0.0,2.474313974380493,False,84,0.0,10.121302461624136,4
Isaiah Davis,RB,2026,3,2026,17,14,0.0,2.500088691711426,False,91,0.0,8.113268017768853,4
Isaiah Williams,WR,2026,3,2026,4,1,0.0,5.321763038635254,False,0,0.0,20.037522983551007,4
Isaiah Williams,WR,2026,3,2026,5,2,0.0,4.9561333656311035,False,7,0.0,19.117445850372306,4
Isaiah Williams,WR,2026,3,2026,6,3,0.0,4.779909610748291,False,14,0.0,18.30913887023925,4
Isaiah Williams,WR,2026,3,2026,7,4,0.0,4.70022439956665,False,21,0.0,18.251776885986317,4
Isaiah Williams,WR,2026,3,2026,8,5,0.0,4.655388355255127,False,28,0.0,17.598380970954892,4
Isaiah Williams,WR,2026,3,2026,9,6,0.0,4.6204657554626465,False,35,0.0,16.83715772628784,4
Isaiah Williams,WR,2026,3,2026,10,7,0.0,4.656346797943115,False,42,0.0,16.2699028968811,4
Isaiah Williams,WR,2026,3,2026,11,8,0.0,4.826552867889404,False,49,0.0,15.843480396270746,4
Isaiah Williams,WR,2026,3,2026,12,9,0.0,4.985687255859375,False,56,0.0,14.891565704345675,4
Isaiah Williams,WR,2026,3,2026,13,10,0.0,5.115914344787598,False,63,0.0,14.386886715888977,4
Isaiah Williams,WR,2026,3,2026,14,11,0.0,5.173610210418701,False,70,0.0,14.176254606246939,4
Isaiah Williams,WR,2026,3,2026,15,12,0.0,5.209070682525635,False,77,0.0,13.655905532836908,4
Isaiah Williams,WR,2026,3,2026,16,13,0.0,5.212982654571533,False,84,0.0,12.859971141815176,4
Isaiah Williams,WR,2026,3,2026,17,14,0.0,5.209250450134277,False,91,0.0,10.822429776191704,4
J. Michael Sturdivant,WR,2026,3,2026,4,1,0.0,2.395787239074707,False,0,0.0,17.11154718399046,4
J. Michael Sturdivant,WR,2026,3,2026,5,2,0.0,2.3078603744506836,False,7,0.0,16.469172859191886,4
J. Michael Sturdivant,WR,2026,3,2026,6,3,0.0,2.4903481006622314,False,14,0.0,16.01957736015319,4
J. Michael Sturdivant,WR,2026,3,2026,7,4,0.0,2.59525990486145,False,21,0.0,16.146812391281117,4
J. Michael Sturdivant,WR,2026,3,2026,8,5,0.0,2.6921088695526123,False,28,0.0,15.635101485252378,4
J. Michael Sturdivant,WR,2026,3,2026,9,6,0.0,2.802511692047119,False,35,0.0,15.019203662872311,4
J. Michael Sturdivant,WR,2026,3,2026,10,7,0.0,2.987142324447632,False,42,0.0,14.600698423385616,4
J. Michael Sturdivant,WR,2026,3,2026,11,8,0.0,3.266078233718872,False,49,0.0,14.283005762100213,4
J. Michael Sturdivant,WR,2026,3,2026,12,9,0.0,3.5511937141418457,False,56,0.0,13.457072162628146,4
J. Michael Sturdivant,WR,2026,3,2026,13,10,0.0,3.833681344985962,False,63,0.0,13.104653716087341,4
J. Michael Sturdivant,WR,2026,3,2026,14,11,0.0,4.011375904083252,False,70,0.0,13.01402029991149,4
J. Michael Sturdivant,WR,2026,3,2026,15,12,0.0,4.142106533050537,False,77,0.0,12.58894138336181,4
J. Michael Sturdivant,WR,2026,3,2026,16,13,0.0,4.22149133682251,False,84,0.0,11.868479824066153,4
J. Michael Sturdivant,WR,2026,3,2026,17,14,0.0,4.262095928192139,False,91,0.0,9.875275254249566,4
J.K. Dobbins,RB,2026,3,2026,4,1,0.0,6.074122905731201,False,0,0.0,20.789882850646954,4
J.K. Dobbins,RB,2026,3,2026,5,2,0.0,5.914150714874268,False,7,0.0,20.07546319961547,4
J.K. Dobbins,RB,2026,3,2026,6,3,0.0,6.109275817871094,False,14,0.0,19.63850507736205,4
J.K. Dobbins,RB,2026,3,2026,7,4,0.0,6.341912746429443,False,21,0.0,19.89346523284911,4
J.K. Dobbins,RB,2026,3,2026,8,5,0.0,6.612521648406982,False,28,0.0,19.555514264106748,4
J.K. Dobbins,RB,2026,3,2026,9,6,0.0,6.924396514892578,False,35,0.0,19.14108848571777,4
J.K. Dobbins,RB,2026,3,2026,10,7,0.0,7.273813247680664,False,42,0.0,18.887369346618648,4
J.K. Dobbins,RB,2026,3,2026,11,8,0.0,7.608726501464844,False,49,0.0,18.625654029846185,4
J.K. Dobbins,RB,2026,3,2026,12,9,0.0,7.783304691314697,False,56,0.0,17.689183139800996,4
J.K. Dobbins,RB,2026,3,2026,13,10,0.0,7.8436279296875,False,63,0.0,17.11460030078888,4
J.K. Dobbins,RB,2026,3,2026,14,11,0.0,7.792872905731201,False,70,0.0,16.79551730155944,4
J.K. Dobbins,RB,2026,3,2026,15,12,0.0,7.7099289894104,False,77,0.0,16.156763839721673,4
J.K. Dobbins,RB,2026,3,2026,16,13,0.0,7.624631404876709,False,84,0.0,15.271619892120352,4
J.K. Dobbins,RB,2026,3,2026,17,14,0.0,7.547792911529541,False,91,0.0,13.160972237586968,4
Ja'Kobi Lane,WR,2026,3,2026,4,1,0.0,1.123338222503662,False,0,0.0,15.839098167419415,4
Ja'Kobi Lane,WR,2026,3,2026,5,2,0.0,1.172664761543274,False,7,0.0,15.333977246284478,4
Ja'Kobi Lane,WR,2026,3,2026,6,3,0.0,1.2921929359436035,False,14,0.0,14.821422195434561,4
Ja'Kobi Lane,WR,2026,3,2026,7,4,0.0,1.2926594018936157,False,21,0.0,14.84421188831328,4
Ja'Kobi Lane,WR,2026,3,2026,8,5,0.0,1.2962536811828613,False,28,0.0,14.239246296882627,4
Ja'Kobi Lane,WR,2026,3,2026,9,6,0.0,1.318846583366394,False,35,0.0,13.535538554191586,4
Ja'Kobi Lane,WR,2026,3,2026,10,7,0.0,1.4117094278335571,False,42,0.0,13.025265526771541,4
Ja'Kobi Lane,WR,2026,3,2026,11,8,0.0,1.5486778020858765,False,49,0.0,12.565605330467218,4
Ja'Kobi Lane,WR,2026,3,2026,12,9,0.0,1.6981288194656372,False,56,0.0,11.604007267951937,4
Ja'Kobi Lane,WR,2026,3,2026,13,10,0.0,1.8193966150283813,False,63,0.0,11.09036898612976,4
Ja'Kobi Lane,WR,2026,3,2026,14,11,0.0,1.8799010515213013,False,70,0.0,10.882545447349539,4
Ja'Kobi Lane,WR,2026,3,2026,15,12,0.0,1.9507548809051514,False,77,0.0,10.397589731216424,4
Ja'Kobi Lane,WR,2026,3,2026,16,13,0.0,2.002904176712036,False,84,0.0,9.64989266395568,4
Ja'Kobi Lane,WR,2026,3,2026,17,14,0.0,2.043145179748535,False,91,0.0,7.656324505805963,4
Ja'Marr Chase,WR,2026,3,2026,4,1,0.0,18.140235900878906,False,0,7.041620445251464,32.85599584579466,4
Ja'Marr Chase,WR,2026,3,2026,5,2,0.0,20.2874813079834,False,7,6.6201870918273915,34.4487937927246,4
Ja'Marr Chase,WR,2026,3,2026,6,3,0.0,20.292978286743164,False,14,6.165392971038818,33.822207546234125,4
Ja'Marr Chase,WR,2026,3,2026,7,4,0.0,20.38294792175293,False,21,6.0951936721801765,33.934500408172596,4
Ja'Marr Chase,WR,2026,3,2026,8,5,0.0,20.518268585205078,False,28,6.079818344116211,33.46126120090484,4
Ja'Marr Chase,WR,2026,3,2026,9,6,0.0,20.601795196533203,False,35,6.0683939933776845,32.8184871673584,4
Ja'Marr Chase,WR,2026,3,2026,10,7,0.0,20.624536514282227,False,42,6.018883800506591,32.23809261322021,4
Ja'Marr Chase,WR,2026,3,2026,11,8,0.0,20.65633201599121,False,49,6.000883769989013,31.673259544372552,4
Ja'Marr Chase,WR,2026,3,2026,12,9,0.0,20.637121200561523,False,56,5.935304164886476,30.54299964904782,4
Ja'Marr Chase,WR,2026,3,2026,13,10,0.0,20.634469985961914,False,63,5.869743061065675,29.905442357063293,4
Ja'Marr Chase,WR,2026,3,2026,14,11,0.0,20.62830352783203,False,70,5.817029857635498,29.63094792366027,4
Ja'Marr Chase,WR,2026,3,2026,15,12,0.0,20.564777374267578,False,77,5.721972370147705,29.01161222457885,4
Ja'Marr Chase,WR,2026,3,2026,16,13,0.0,20.446319580078125,False,84,5.593722057342529,28.093308067321768,4
Ja'Marr Chase,WR,2026,3,2026,17,14,0.0,20.325878143310547,False,91,5.442585277557374,25.939057469367974,4
Jack Bech,WR,2026,3,2026,4,1,0.0,2.88385009765625,False,0,0.0,17.599610042572003,4
Jack Bech,WR,2026,3,2026,5,2,0.0,2.76190447807312,False,7,0.0,16.923216962814323,4
Jack Bech,WR,2026,3,2026,6,3,0.0,2.903395414352417,False,14,0.0,16.432624673843375,4
Jack Bech,WR,2026,3,2026,7,4,0.0,3.000051498413086,False,21,0.0,16.551603984832752,4
Jack Bech,WR,2026,3,2026,8,5,0.0,3.085930347442627,False,28,0.0,16.028922963142392,4
Jack Bech,WR,2026,3,2026,9,6,0.0,3.1767263412475586,False,35,0.0,15.39341831207275,4
Jack Bech,WR,2026,3,2026,10,7,0.0,3.3543717861175537,False,42,0.0,14.967927885055538,4
Jack Bech,WR,2026,3,2026,11,8,0.0,3.645327568054199,False,49,0.0,14.66225509643554,4
Jack Bech,WR,2026,3,2026,12,9,0.0,3.932363986968994,False,56,0.0,13.838242435455294,4
Jack Bech,WR,2026,3,2026,13,10,0.0,4.196487903594971,False,63,0.0,13.46746027469635,4
Jack Bech,WR,2026,3,2026,14,11,0.0,4.352543830871582,False,70,0.0,13.35518822669982,4
Jack Bech,WR,2026,3,2026,15,12,0.0,4.465817451477051,False,77,0.0,12.912652301788324,4
Jack Bech,WR,2026,3,2026,16,13,0.0,4.527058124542236,False,84,0.0,12.17404661178588,4
Jack Bech,WR,2026,3,2026,17,14,0.0,4.5571112632751465,False,91,0.0,10.170290589332573,4
Jackson Meeks,WR,2026,3,2026,4,1,0.0,0.8617253303527832,False,0,0.0,15.577485275268536,4
Jackson Meeks,WR,2026,3,2026,5,2,0.0,0.979745626449585,False,7,0.0,15.14105811119079,4
Jackson Meeks,WR,2026,3,2026,6,3,0.0,1.066319465637207,False,14,0.0,14.595548725128165,4
Jackson Meeks,WR,2026,3,2026,7,4,0.0,1.0353423357009888,False,21,0.0,14.586894822120653,4
Jackson Meeks,WR,2026,3,2026,8,5,0.0,1.0231518745422363,False,28,0.0,13.966144490242002,4
Jackson Meeks,WR,2026,3,2026,9,6,0.0,1.0155425071716309,False,35,0.0,13.232234477996823,4
Jackson Meeks,WR,2026,3,2026,10,7,0.0,1.0418516397476196,False,42,0.0,12.655407738685604,4
Jackson Meeks,WR,2026,3,2026,11,8,0.0,1.0843992233276367,False,49,0.0,12.101326751708978,4
Jackson Meeks,WR,2026,3,2026,12,9,0.0,1.1338984966278076,False,56,0.0,11.039776945114108,4
Jackson Meeks,WR,2026,3,2026,13,10,0.0,1.172395944595337,False,63,0.0,10.443368315696716,4
Jackson Meeks,WR,2026,3,2026,14,11,0.0,1.1887422800064087,False,70,0.0,10.191386675834647,4
Jackson Meeks,WR,2026,3,2026,15,12,0.0,1.2327033281326294,False,77,0.0,9.679538178443902,4
Jackson Meeks,WR,2026,3,2026,16,13,0.0,1.2738075256347656,False,84,0.0,8.920796012878409,4
Jackson Meeks,WR,2026,3,2026,17,14,0.0,1.309643268585205,False,91,0.0,6.922822594642633,4
Jacob Cowing,WR,2026,3,2026,4,1,0.0,1.578210711479187,False,0,0.0,16.29397065639494,4
Jacob Cowing,WR,2026,3,2026,5,2,0.0,1.5818252563476562,False,7,0.0,15.74313774108886,4
Jacob Cowing,WR,2026,3,2026,6,3,0.0,1.6834981441497803,False,14,0.0,15.212727403640738,4
Jacob Cowing,WR,2026,3,2026,7,4,0.0,1.678237795829773,False,21,0.0,15.229790282249438,4
Jacob Cowing,WR,2026,3,2026,8,5,0.0,1.6819952726364136,False,28,0.0,14.624987888336179,4
Jacob Cowing,WR,2026,3,2026,9,6,0.0,1.685867190361023,False,35,0.0,13.902559161186215,4
Jacob Cowing,WR,2026,3,2026,10,7,0.0,1.7352757453918457,False,42,0.0,13.34883184432983,4
Jacob Cowing,WR,2026,3,2026,11,8,0.0,1.819591760635376,False,49,0.0,12.836519289016717,4
Jacob Cowing,WR,2026,3,2026,12,9,0.0,1.8905373811721802,False,56,0.0,11.79641582965848,4
Jacob Cowing,WR,2026,3,2026,13,10,0.0,1.9449808597564697,False,63,0.0,11.21595323085785,4
Jacob Cowing,WR,2026,3,2026,14,11,0.0,1.9703208208084106,False,70,0.0,10.972965216636648,4
Jacob Cowing,WR,2026,3,2026,15,12,0.0,2.017306089401245,False,77,0.0,10.464140939712518,4
Jacob Cowing,WR,2026,3,2026,16,13,0.0,2.0604448318481445,False,84,0.0,9.707433319091788,4
Jacob Cowing,WR,2026,3,2026,17,14,0.0,2.097407341003418,False,91,0.0,7.710586667060846,4
Jacob Saylors,RB,2026,3,2026,4,1,0.0,0.8795009851455688,False,0,0.0,15.595260930061322,4
Jacob Saylors,RB,2026,3,2026,5,2,0.0,1.0094231367111206,False,7,0.0,15.170735621452325,4
Jacob Saylors,RB,2026,3,2026,6,3,0.0,1.0820987224578857,False,14,0.0,14.611327981948843,4
Jacob Saylors,RB,2026,3,2026,7,4,0.0,1.0459178686141968,False,21,0.0,14.597470355033861,4
Jacob Saylors,RB,2026,3,2026,8,5,0.0,1.03060781955719,False,28,0.0,13.973600435256955,4
Jacob Saylors,RB,2026,3,2026,9,6,0.0,1.0159447193145752,False,35,0.0,13.232636690139767,4
Jacob Saylors,RB,2026,3,2026,10,7,0.0,1.0246524810791016,False,42,0.0,12.638208580017086,4
Jacob Saylors,RB,2026,3,2026,11,8,0.0,1.0444024801254272,False,49,0.0,12.061330008506769,4
Jacob Saylors,RB,2026,3,2026,12,9,0.0,1.073765754699707,False,56,0.0,10.979644203186007,4
Jacob Saylors,RB,2026,3,2026,13,10,0.0,1.0993788242340088,False,63,0.0,10.370351195335388,4
Jacob Saylors,RB,2026,3,2026,14,11,0.0,1.1087144613265991,False,70,0.0,10.111358857154837,4
Jacob Saylors,RB,2026,3,2026,15,12,0.0,1.1454780101776123,False,77,0.0,9.592312860488885,4
Jacob Saylors,RB,2026,3,2026,16,13,0.0,1.1816017627716064,False,84,0.0,8.82859025001525,4
Jacob Saylors,RB,2026,3,2026,17,14,0.0,1.2160435914993286,False,91,0.0,6.8292229175567565,4
Jacory Croskey-Merritt,RB,2026,3,2026,4,1,0.0,5.5504913330078125,False,0,0.0,20.266251277923566,4
Jacory Croskey-Merritt,RB,2026,3,2026,5,2,0.0,5.2545166015625,False,7,0.0,19.415829086303702,4
Jacory Croskey-Merritt,RB,2026,3,2026,6,3,0.0,5.398993015289307,False,14,0.0,18.928222274780264,4
Jacory Croskey-Merritt,RB,2026,3,2026,7,4,0.0,5.5970377922058105,False,21,0.0,19.148590278625477,4
Jacory Croskey-Merritt,RB,2026,3,2026,8,5,0.0,5.779251575469971,False,28,0.0,18.722244191169736,4
Jacory Croskey-Merritt,RB,2026,3,2026,9,6,0.0,5.949017524719238,False,35,0.0,18.16570949554443,4
Jacory Croskey-Merritt,RB,2026,3,2026,10,7,0.0,6.169621467590332,False,42,0.0,17.783177566528316,4
Jacory Croskey-Merritt,RB,2026,3,2026,11,8,0.0,6.4407734870910645,False,49,0.0,17.457701015472406,4
Jacory Croskey-Merritt,RB,2026,3,2026,12,9,0.0,6.639299392700195,False,56,0.0,16.545177841186494,4
Jacory Croskey-Merritt,RB,2026,3,2026,13,10,0.0,6.779469966888428,False,63,0.0,16.050442337989807,4
Jacory Croskey-Merritt,RB,2026,3,2026,14,11,0.0,6.807434558868408,False,70,0.0,15.810078954696646,4
Jacory Croskey-Merritt,RB,2026,3,2026,15,12,0.0,6.779618740081787,False,77,0.0,15.22645359039306,4
Jacory Croskey-Merritt,RB,2026,3,2026,16,13,0.0,6.732306957244873,False,84,0.0,14.379295444488516,4
Jacory Croskey-Merritt,RB,2026,3,2026,17,14,0.0,6.6904778480529785,False,91,0.0,12.303657174110405,4
Jadarian Price,RB,2026,3,2026,4,1,0.0,4.6758341789245605,False,0,0.0,19.391594123840314,4
Jadarian Price,RB,2026,3,2026,5,2,0.0,4.551906108856201,False,7,0.0,18.713218593597404,4
Jadarian Price,RB,2026,3,2026,6,3,0.0,4.889010906219482,False,14,0.0,18.41824016571044,4
Jadarian Price,RB,2026,3,2026,7,4,0.0,5.247897624969482,False,21,0.0,18.79945011138915,4
Jadarian Price,RB,2026,3,2026,8,5,0.0,5.600472927093506,False,28,0.0,18.54346554279327,4
Jadarian Price,RB,2026,3,2026,9,6,0.0,5.959702968597412,False,35,0.0,18.176394939422604,4
Jadarian Price,RB,2026,3,2026,10,7,0.0,6.432656764984131,False,42,0.0,18.046212863922115,4
Jadarian Price,RB,2026,3,2026,11,8,0.0,7.091971397399902,False,49,0.0,18.108898925781244,4
Jadarian Price,RB,2026,3,2026,12,9,0.0,7.830499649047852,False,56,0.0,17.73637809753415,4
Jadarian Price,RB,2026,3,2026,13,10,0.0,8.60982608795166,False,63,0.0,17.88079845905304,4
Jadarian Price,RB,2026,3,2026,14,11,0.0,9.148505210876465,False,70,0.0,18.151149606704703,4
Jadarian Price,RB,2026,3,2026,15,12,0.0,9.413975715637207,False,77,0.0,17.86081056594848,4
Jadarian Price,RB,2026,3,2026,16,13,0.0,9.49351978302002,False,84,0.0,17.140508270263663,4
Jadarian Price,RB,2026,3,2026,17,14,0.0,9.476134300231934,False,91,0.0,15.08931362628936,4
Jahan Dotson,WR,2026,3,2026,4,1,0.0,2.182591676712036,False,0,0.0,16.89835162162779,4
Jahan Dotson,WR,2026,3,2026,5,2,0.0,1.9602502584457397,False,7,0.0,16.121562743186942,4
Jahan Dotson,WR,2026,3,2026,6,3,0.0,1.8602811098098755,False,14,0.0,15.389510369300833,4
Jahan Dotson,WR,2026,3,2026,7,4,0.0,1.740526556968689,False,21,0.0,15.292079043388354,4
Jahan Dotson,WR,2026,3,2026,8,5,0.0,1.653370976448059,False,28,0.0,14.596363592147824,4
Jahan Dotson,WR,2026,3,2026,9,6,0.0,1.559113621711731,False,35,0.0,13.775805592536923,4
Jahan Dotson,WR,2026,3,2026,10,7,0.0,1.498599886894226,False,42,0.0,13.11215598583221,4
Jahan Dotson,WR,2026,3,2026,11,8,0.0,1.490227460861206,False,49,0.0,12.507154989242547,4
Jahan Dotson,WR,2026,3,2026,12,9,0.0,1.491367220878601,False,56,0.0,11.397245669364901,4
Jahan Dotson,WR,2026,3,2026,13,10,0.0,1.505045771598816,False,63,0.0,10.776018142700195,4
Jahan Dotson,WR,2026,3,2026,14,11,0.0,1.5091661214828491,False,70,0.0,10.511810517311087,4
Jahan Dotson,WR,2026,3,2026,15,12,0.0,1.543265461921692,False,77,0.0,9.990100312232965,4
Jahan Dotson,WR,2026,3,2026,16,13,0.0,1.5721973180770874,False,84,0.0,9.21918580532073,4
Jahan Dotson,WR,2026,3,2026,17,14,0.0,1.60140860080719,False,91,0.0,7.214587926864618,4
Jahdae Walker,WR,2026,3,2026,4,1,0.0,2.3429276943206787,False,0,0.0,17.05868763923643,4
Jahdae Walker,WR,2026,3,2026,5,2,0.0,2.1560301780700684,False,7,0.0,16.31734266281127,4
Jahdae Walker,WR,2026,3,2026,6,3,0.0,2.101186752319336,False,14,0.0,15.630416011810293,4
Jahdae Walker,WR,2026,3,2026,7,4,0.0,2.011613607406616,False,21,0.0,15.56316609382628,4
Jahdae Walker,WR,2026,3,2026,8,5,0.0,1.9493969678878784,False,28,0.0,14.892389583587644,4
Jahdae Walker,WR,2026,3,2026,9,6,0.0,1.889372706413269,False,35,0.0,14.10606467723846,4
Jahdae Walker,WR,2026,3,2026,10,7,0.0,1.8716851472854614,False,42,0.0,13.485241246223445,4
Jahdae Walker,WR,2026,3,2026,11,8,0.0,1.897809624671936,False,49,0.0,12.914737153053277,4
Jahdae Walker,WR,2026,3,2026,12,9,0.0,1.9182499647140503,False,56,0.0,11.82412841320035,4
Jahdae Walker,WR,2026,3,2026,13,10,0.0,1.9407269954681396,False,63,0.0,11.211699366569519,4
Jahdae Walker,WR,2026,3,2026,14,11,0.0,1.9480029344558716,False,70,0.0,10.95064733028411,4
Jahdae Walker,WR,2026,3,2026,15,12,0.0,1.982370138168335,False,77,0.0,10.429204988479608,4
Jahdae Walker,WR,2026,3,2026,16,13,0.0,2.014582633972168,False,84,0.0,9.661571121215811,4
Jahdae Walker,WR,2026,3,2026,17,14,0.0,2.0458929538726807,False,91,0.0,7.6590722799301085,4
Jahmyr Gibbs,RB,2026,3,2026,4,1,0.0,18.296186447143555,False,0,7.197570991516113,33.01194639205931,4
Jahmyr Gibbs,RB,2026,3,2026,5,2,0.0,20.25469398498535,False,7,6.587399768829345,34.416006469726554,4
Jahmyr Gibbs,RB,2026,3,2026,6,3,0.0,20.245159149169922,False,14,6.117573833465576,33.77438840866088,4
Jahmyr Gibbs,RB,2026,3,2026,7,4,0.0,20.314794540405273,False,21,6.02704029083252,33.86634702682494,4
Jahmyr Gibbs,RB,2026,3,2026,8,5,0.0,20.383487701416016,False,28,5.945037460327148,33.32648031711578,4
Jahmyr Gibbs,RB,2026,3,2026,9,6,0.0,20.373443603515625,False,35,5.840042400360106,32.59013557434082,4
Jahmyr Gibbs,RB,2026,3,2026,10,7,0.0,20.3176326751709,False,42,5.711979961395263,31.931188774108882,4
Jahmyr Gibbs,RB,2026,3,2026,11,8,0.0,20.303421020507812,False,49,5.6479727745056145,31.320348548889154,4
Jahmyr Gibbs,RB,2026,3,2026,12,9,0.0,20.242130279541016,False,56,5.540313243865969,30.148008728027314,4
Jahmyr Gibbs,RB,2026,3,2026,13,10,0.0,20.207935333251953,False,63,5.443208408355714,29.478907704353333,4
Jahmyr Gibbs,RB,2026,3,2026,14,11,0.0,20.18558120727539,False,70,5.374307537078858,29.18822560310363,4
Jahmyr Gibbs,RB,2026,3,2026,15,12,0.0,20.114789962768555,False,77,5.271984958648682,28.561624813079828,4
Jahmyr Gibbs,RB,2026,3,2026,16,13,0.0,19.993228912353516,False,84,5.140631389617919,27.64021739959716,4
Jahmyr Gibbs,RB,2026,3,2026,17,14,0.0,19.87195587158203,False,91,4.988663005828858,25.48513519763946,4
Jakobi Meyers,WR,2026,3,2026,4,1,0.0,12.677080154418945,False,0,1.5784646987915032,27.3928400993347,4
Jakobi Meyers,WR,2026,3,2026,5,2,0.0,12.358500480651855,False,7,0.0,26.519812965393058,4
Jakobi Meyers,WR,2026,3,2026,6,3,0.0,12.19487190246582,False,14,0.0,25.724101161956778,4
Jakobi Meyers,WR,2026,3,2026,7,4,0.0,11.956986427307129,False,21,0.0,25.508538913726795,4
Jakobi Meyers,WR,2026,3,2026,8,5,0.0,11.601046562194824,False,28,0.0,24.54403917789459,4
Jakobi Meyers,WR,2026,3,2026,9,6,0.0,11.156292915344238,False,35,0.0,23.37298488616943,4
Jakobi Meyers,WR,2026,3,2026,10,7,0.0,10.675802230834961,False,42,0.0,22.289358329772945,4
Jakobi Meyers,WR,2026,3,2026,11,8,0.0,10.114363670349121,False,49,0.0,21.131291198730462,4
Jakobi Meyers,WR,2026,3,2026,12,9,0.0,9.445984840393066,False,56,0.0,19.351863288879365,4
Jakobi Meyers,WR,2026,3,2026,13,10,0.0,8.829890251159668,False,63,0.0,18.100862622261047,4
Jakobi Meyers,WR,2026,3,2026,14,11,0.0,8.42821216583252,False,70,0.0,17.430856561660757,4
Jakobi Meyers,WR,2026,3,2026,15,12,0.0,8.156469345092773,False,77,0.0,16.603304195404046,4
Jakobi Meyers,WR,2026,3,2026,16,13,0.0,7.964547634124756,False,84,0.0,15.611536121368399,4
Jakobi Meyers,WR,2026,3,2026,17,14,0.0,7.8429646492004395,False,91,0.0,13.456143975257866,4
Jaleel McLaughlin,RB,2026,3,2026,4,1,0.0,2.57169771194458,False,0,0.0,17.287457656860333,4
Jaleel McLaughlin,RB,2026,3,2026,5,2,0.0,2.4806482791900635,False,7,0.0,16.641960763931266,4
Jaleel McLaughlin,RB,2026,3,2026,6,3,0.0,2.4534101486206055,False,14,0.0,15.982639408111563,4
Jaleel McLaughlin,RB,2026,3,2026,7,4,0.0,2.3661673069000244,False,21,0.0,15.917719793319689,4
Jaleel McLaughlin,RB,2026,3,2026,8,5,0.0,2.2702322006225586,False,28,0.0,15.213224816322324,4
Jaleel McLaughlin,RB,2026,3,2026,9,6,0.0,2.1451854705810547,False,35,0.0,14.361877441406246,4
Jaleel McLaughlin,RB,2026,3,2026,10,7,0.0,2.011702060699463,False,42,0.0,13.625258159637447,4
Jaleel McLaughlin,RB,2026,3,2026,11,8,0.0,1.915099859237671,False,49,0.0,12.932027387619012,4
Jaleel McLaughlin,RB,2026,3,2026,12,9,0.0,1.8405177593231201,False,56,0.0,11.74639620780942,4
Jaleel McLaughlin,RB,2026,3,2026,13,10,0.0,1.812991738319397,False,63,0.0,11.083964109420776,4
Jaleel McLaughlin,RB,2026,3,2026,14,11,0.0,1.793859601020813,False,70,0.0,10.79650399684905,4
Jaleel McLaughlin,RB,2026,3,2026,15,12,0.0,1.809531331062317,False,77,0.0,10.25636618137359,4
Jaleel McLaughlin,RB,2026,3,2026,16,13,0.0,1.8289721012115479,False,84,0.0,9.475960588455191,4
Jaleel McLaughlin,RB,2026,3,2026,17,14,0.0,1.8535305261611938,False,91,0.0,7.466709852218622,4
Jalen Brooks,WR,2026,3,2026,4,1,0.0,1.359162449836731,False,0,0.0,16.074922394752484,4
Jalen Brooks,WR,2026,3,2026,5,2,0.0,1.375076174736023,False,7,0.0,15.536388659477227,4
Jalen Brooks,WR,2026,3,2026,6,3,0.0,1.5104124546051025,False,14,0.0,15.03964171409606,4
Jalen Brooks,WR,2026,3,2026,7,4,0.0,1.531129002571106,False,21,0.0,15.08268148899077,4
Jalen Brooks,WR,2026,3,2026,8,5,0.0,1.5636361837387085,False,28,0.0,14.506628799438474,4
Jalen Brooks,WR,2026,3,2026,9,6,0.0,1.601955533027649,False,35,0.0,13.81864750385284,4
Jalen Brooks,WR,2026,3,2026,10,7,0.0,1.685097336769104,False,42,0.0,13.298653435707088,4
Jalen Brooks,WR,2026,3,2026,11,8,0.0,1.8015424013137817,False,49,0.0,12.818469929695123,4
Jalen Brooks,WR,2026,3,2026,12,9,0.0,1.9060214757919312,False,56,0.0,11.811899924278231,4
Jalen Brooks,WR,2026,3,2026,13,10,0.0,1.9864023923873901,False,63,0.0,11.25737476348877,4
Jalen Brooks,WR,2026,3,2026,14,11,0.0,2.0279088020324707,False,70,0.0,11.030553197860709,4
Jalen Brooks,WR,2026,3,2026,15,12,0.0,2.0880637168884277,False,77,0.0,10.5348985671997,4
Jalen Brooks,WR,2026,3,2026,16,13,0.0,2.1413445472717285,False,84,0.0,9.788333034515372,4
Jalen Brooks,WR,2026,3,2026,17,14,0.0,2.1822543144226074,False,91,0.0,7.795433640480035,4
Jalen Coker,WR,2026,3,2026,4,1,0.0,14.023919105529785,False,0,2.925303649902343,28.739679050445538,4
Jalen Coker,WR,2026,3,2026,5,2,0.0,14.108855247497559,False,7,0.44156103134155167,28.27016773223876,4
Jalen Coker,WR,2026,3,2026,6,3,0.0,14.153382301330566,False,14,0.025796985626220348,27.682611560821524,4
Jalen Coker,WR,2026,3,2026,7,4,0.0,13.994619369506836,False,21,0.0,27.546171855926502,4
Jalen Coker,WR,2026,3,2026,8,5,0.0,13.758095741271973,False,28,0.0,26.701088356971738,4
Jalen Coker,WR,2026,3,2026,9,6,0.0,13.519118309020996,False,35,0.0,25.735810279846188,4
Jalen Coker,WR,2026,3,2026,10,7,0.0,13.332732200622559,False,42,0.0,24.946288299560543,4
Jalen Coker,WR,2026,3,2026,11,8,0.0,13.168851852416992,False,49,0.0,24.185779380798333,4
Jalen Coker,WR,2026,3,2026,12,9,0.0,12.947141647338867,False,56,0.0,22.853020095825165,4
Jalen Coker,WR,2026,3,2026,13,10,0.0,12.742937088012695,False,63,0.0,22.013909459114075,4
Jalen Coker,WR,2026,3,2026,14,11,0.0,12.559405326843262,False,70,0.0,21.5620497226715,4
Jalen Coker,WR,2026,3,2026,15,12,0.0,12.37903118133545,False,77,0.0,20.825866031646722,4
Jalen Coker,WR,2026,3,2026,16,13,0.0,12.230587005615234,False,84,0.0,19.877575492858877,4
Jalen Coker,WR,2026,3,2026,17,14,0.0,12.106117248535156,False,91,0.0,17.719296574592583,4
Jalen Cropper,WR,2026,3,2026,4,1,0.0,1.546231985092163,False,0,0.0,16.261991930007916,4
Jalen Cropper,WR,2026,3,2026,5,2,0.0,1.551862359046936,False,7,0.0,15.71317484378814,4
Jalen Cropper,WR,2026,3,2026,6,3,0.0,1.6439354419708252,False,14,0.0,15.173164701461783,4
Jalen Cropper,WR,2026,3,2026,7,4,0.0,1.6286665201187134,False,21,0.0,15.180219006538378,4
Jalen Cropper,WR,2026,3,2026,8,5,0.0,1.6192303895950317,False,28,0.0,14.562223005294797,4
Jalen Cropper,WR,2026,3,2026,9,6,0.0,1.6072279214859009,False,35,0.0,13.823919892311093,4
Jalen Cropper,WR,2026,3,2026,10,7,0.0,1.6381944417953491,False,42,0.0,13.251750540733333,4
Jalen Cropper,WR,2026,3,2026,11,8,0.0,1.6986953020095825,False,49,0.0,12.715622830390924,4
Jalen Cropper,WR,2026,3,2026,12,9,0.0,1.7513757944107056,False,56,0.0,11.657254242897006,4
Jalen Cropper,WR,2026,3,2026,13,10,0.0,1.7940152883529663,False,63,0.0,11.064987659454346,4
Jalen Cropper,WR,2026,3,2026,14,11,0.0,1.8083714246749878,False,70,0.0,10.811015820503226,4
Jalen Cropper,WR,2026,3,2026,15,12,0.0,1.8484965562820435,False,77,0.0,10.295331406593316,4
Jalen Cropper,WR,2026,3,2026,16,13,0.0,1.8876653909683228,False,84,0.0,9.534653878211966,4
Jalen Cropper,WR,2026,3,2026,17,14,0.0,1.9222663640975952,False,91,0.0,7.535445690155023,4
Jalen McMillan,WR,2026,3,2026,4,1,0.0,4.08425235748291,False,0,0.0,18.800012302398663,4
Jalen McMillan,WR,2026,3,2026,5,2,0.0,3.88031005859375,False,7,0.0,18.041622543334952,4
Jalen McMillan,WR,2026,3,2026,6,3,0.0,3.9195241928100586,False,14,0.0,17.448753452301016,4
Jalen McMillan,WR,2026,3,2026,7,4,0.0,3.9525043964385986,False,21,0.0,17.504056882858265,4
Jalen McMillan,WR,2026,3,2026,8,5,0.0,3.9912586212158203,False,28,0.0,16.934251236915586,4
Jalen McMillan,WR,2026,3,2026,9,6,0.0,4.030249118804932,False,35,0.0,16.246941089630123,4
Jalen McMillan,WR,2026,3,2026,10,7,0.0,4.121632099151611,False,42,0.0,15.735188198089595,4
Jalen McMillan,WR,2026,3,2026,11,8,0.0,4.316420078277588,False,49,0.0,15.33334760665893,4
Jalen McMillan,WR,2026,3,2026,12,9,0.0,4.4918084144592285,False,56,0.0,14.397686862945529,4
Jalen McMillan,WR,2026,3,2026,13,10,0.0,4.639346599578857,False,63,0.0,13.910318970680237,4
Jalen McMillan,WR,2026,3,2026,14,11,0.0,4.71995735168457,False,70,0.0,13.722601747512808,4
Jalen McMillan,WR,2026,3,2026,15,12,0.0,4.783398151397705,False,77,0.0,13.230233001708978,4
Jalen McMillan,WR,2026,3,2026,16,13,0.0,4.822824001312256,False,84,0.0,12.469812488555899,4
Jalen McMillan,WR,2026,3,2026,17,14,0.0,4.845339298248291,False,91,0.0,10.458518624305718,4
Jalen Moreno-Cropper,WR,2026,3,2026,4,1,0.0,0.900410532951355,False,0,0.0,15.616170477867108,4
Jalen Moreno-Cropper,WR,2026,3,2026,5,2,0.0,0.9891722202301025,False,7,0.0,15.150484704971307,4
Jalen Moreno-Cropper,WR,2026,3,2026,6,3,0.0,1.1493077278137207,False,14,0.0,14.678536987304678,4
Jalen Moreno-Cropper,WR,2026,3,2026,7,4,0.0,1.1724447011947632,False,21,0.0,14.723997187614428,4
Jalen Moreno-Cropper,WR,2026,3,2026,8,5,0.0,1.200493335723877,False,28,0.0,14.143485951423642,4
Jalen Moreno-Cropper,WR,2026,3,2026,9,6,0.0,1.2436907291412354,False,35,0.0,13.460382699966427,4
Jalen Moreno-Cropper,WR,2026,3,2026,10,7,0.0,1.345537543296814,False,42,0.0,12.959093642234798,4
Jalen Moreno-Cropper,WR,2026,3,2026,11,8,0.0,1.4855921268463135,False,49,0.0,12.502519655227655,4
Jalen Moreno-Cropper,WR,2026,3,2026,12,9,0.0,1.6446465253829956,False,56,0.0,11.550524973869296,4
Jalen Moreno-Cropper,WR,2026,3,2026,13,10,0.0,1.774981141090393,False,63,0.0,11.045953512191772,4
Jalen Moreno-Cropper,WR,2026,3,2026,14,11,0.0,1.8438599109649658,False,70,0.0,10.846504306793204,4
Jalen Moreno-Cropper,WR,2026,3,2026,15,12,0.0,1.9242678880691528,False,77,0.0,10.371102738380426,4
Jalen Moreno-Cropper,WR,2026,3,2026,16,13,0.0,1.9882408380508423,False,84,0.0,9.635229325294485,4
Jalen Moreno-Cropper,WR,2026,3,2026,17,14,0.0,2.0364606380462646,False,91,0.0,7.6496399641036925,4
Jalen Nailor,WR,2026,3,2026,4,1,0.0,3.8723349571228027,False,0,0.0,18.588094902038556,4
Jalen Nailor,WR,2026,3,2026,5,2,0.0,3.7660133838653564,False,7,0.0,17.92732586860656,4
Jalen Nailor,WR,2026,3,2026,6,3,0.0,4.000574111938477,False,14,0.0,17.529803371429434,4
Jalen Nailor,WR,2026,3,2026,7,4,0.0,4.2070488929748535,False,21,0.0,17.75860137939452,4
Jalen Nailor,WR,2026,3,2026,8,5,0.0,4.399725437164307,False,28,0.0,17.342718052864072,4
Jalen Nailor,WR,2026,3,2026,9,6,0.0,4.597699165344238,False,35,0.0,16.81439113616943,4
Jalen Nailor,WR,2026,3,2026,10,7,0.0,4.8676252365112305,False,42,0.0,16.481181335449214,4
Jalen Nailor,WR,2026,3,2026,11,8,0.0,5.27369499206543,False,49,0.0,16.29062252044677,4
Jalen Nailor,WR,2026,3,2026,12,9,0.0,5.6729865074157715,False,56,0.0,15.578864955902072,4
Jalen Nailor,WR,2026,3,2026,13,10,0.0,6.009145259857178,False,63,0.0,15.280117630958557,4
Jalen Nailor,WR,2026,3,2026,14,11,0.0,6.188816070556641,False,70,0.0,15.191460466384878,4
Jalen Nailor,WR,2026,3,2026,15,12,0.0,6.2837090492248535,False,77,0.0,14.730543899536126,4
Jalen Nailor,WR,2026,3,2026,16,13,0.0,6.3225579261779785,False,84,0.0,13.969546413421622,4
Jalen Nailor,WR,2026,3,2026,17,14,0.0,6.332183837890625,False,91,0.0,11.945363163948052,4
Jalen Royals,WR,2026,3,2026,4,1,0.0,1.3618391752243042,False,0,0.0,16.077599120140057,4
Jalen Royals,WR,2026,3,2026,5,2,0.0,1.3514171838760376,False,7,0.0,15.512729668617242,4
Jalen Royals,WR,2026,3,2026,6,3,0.0,1.4437165260314941,False,14,0.0,14.972945785522452,4
Jalen Royals,WR,2026,3,2026,7,4,0.0,1.4251576662063599,False,21,0.0,14.976710152626024,4
Jalen Royals,WR,2026,3,2026,8,5,0.0,1.431274652481079,False,28,0.0,14.374267268180844,4
Jalen Royals,WR,2026,3,2026,9,6,0.0,1.4567303657531738,False,35,0.0,13.673422336578366,4
Jalen Royals,WR,2026,3,2026,10,7,0.0,1.5252693891525269,False,42,0.0,13.13882548809051,4
Jalen Royals,WR,2026,3,2026,11,8,0.0,1.6237549781799316,False,49,0.0,12.640682506561273,4
Jalen Royals,WR,2026,3,2026,12,9,0.0,1.7128517627716064,False,56,0.0,11.618730211257907,4
Jalen Royals,WR,2026,3,2026,13,10,0.0,1.7813313007354736,False,63,0.0,11.052303671836853,4
Jalen Royals,WR,2026,3,2026,14,11,0.0,1.8151710033416748,False,70,0.0,10.817815399169913,4
Jalen Royals,WR,2026,3,2026,15,12,0.0,1.8691951036453247,False,77,0.0,10.316029953956598,4
Jalen Royals,WR,2026,3,2026,16,13,0.0,1.915913462638855,False,84,0.0,9.562901949882498,4
Jalen Royals,WR,2026,3,2026,17,14,0.0,1.9534682035446167,False,91,0.0,7.566647529602045,4
Jalen Tolbert,WR,2026,3,2026,4,1,0.0,3.8574225902557373,False,0,0.0,18.57318253517149,4
Jalen Tolbert,WR,2026,3,2026,5,2,0.0,3.529414653778076,False,7,0.0,17.69072713851928,4
Jalen Tolbert,WR,2026,3,2026,6,3,0.0,3.4269967079162598,False,14,0.0,16.956225967407217,4
Jalen Tolbert,WR,2026,3,2026,7,4,0.0,3.360121250152588,False,21,0.0,16.911673736572254,4
Jalen Tolbert,WR,2026,3,2026,8,5,0.0,3.3330860137939453,False,28,0.0,16.27607862949371,4
Jalen Tolbert,WR,2026,3,2026,9,6,0.0,3.301089286804199,False,35,0.0,15.517781257629391,4
Jalen Tolbert,WR,2026,3,2026,10,7,0.0,3.286710739135742,False,42,0.0,14.900266838073726,4
Jalen Tolbert,WR,2026,3,2026,11,8,0.0,3.3186392784118652,False,49,0.0,14.335566806793206,4
Jalen Tolbert,WR,2026,3,2026,12,9,0.0,3.311251163482666,False,56,0.0,13.217129611968966,4
Jalen Tolbert,WR,2026,3,2026,13,10,0.0,3.3041534423828125,False,63,0.0,12.575125813484192,4
Jalen Tolbert,WR,2026,3,2026,14,11,0.0,3.2936851978302,False,70,0.0,12.296329593658438,4
Jalen Tolbert,WR,2026,3,2026,15,12,0.0,3.3116064071655273,False,77,0.0,11.7584412574768,4
Jalen Tolbert,WR,2026,3,2026,16,13,0.0,3.331515073776245,False,84,0.0,10.978503561019888,4
Jalen Tolbert,WR,2026,3,2026,17,14,0.0,3.353015422821045,False,91,0.0,8.966194748878472,4
Jamaal Pritchett,WR,2026,3,2026,4,1,0.0,1.7753859758377075,False,0,0.0,16.49114592075346,4
Jamaal Pritchett,WR,2026,3,2026,5,2,0.0,1.701919674873352,False,7,0.0,15.863232159614556,4
Jamaal Pritchett,WR,2026,3,2026,6,3,0.0,1.7374180555343628,False,14,0.0,15.26664731502532,4
Jamaal Pritchett,WR,2026,3,2026,7,4,0.0,1.7041836977005005,False,21,0.0,15.255736184120165,4
Jamaal Pritchett,WR,2026,3,2026,8,5,0.0,1.687484622001648,False,28,0.0,14.630477237701413,4
Jamaal Pritchett,WR,2026,3,2026,9,6,0.0,1.6536260843276978,False,35,0.0,13.87031805515289,4
Jamaal Pritchett,WR,2026,3,2026,10,7,0.0,1.6678568124771118,False,42,0.0,13.281412911415096,4
Jamaal Pritchett,WR,2026,3,2026,11,8,0.0,1.738813877105713,False,49,0.0,12.755741405487054,4
Jamaal Pritchett,WR,2026,3,2026,12,9,0.0,1.8082376718521118,False,56,0.0,11.714116120338412,4
Jamaal Pritchett,WR,2026,3,2026,13,10,0.0,1.865189552307129,False,63,0.0,11.136161923408508,4
Jamaal Pritchett,WR,2026,3,2026,14,11,0.0,1.8891314268112183,False,70,0.0,10.891775822639456,4
Jamaal Pritchett,WR,2026,3,2026,15,12,0.0,1.9343405961990356,False,77,0.0,10.381175446510309,4
Jamaal Pritchett,WR,2026,3,2026,16,13,0.0,1.969490647315979,False,84,0.0,9.616479134559622,4
Jamaal Pritchett,WR,2026,3,2026,17,14,0.0,1.9998430013656616,False,91,0.0,7.6130223274230895,4
James Cook,RB,2026,3,2026,4,1,0.0,15.94674015045166,False,0,4.848124694824218,30.662500095367413,4
James Cook,RB,2026,3,2026,5,2,0.0,16.150663375854492,False,7,2.4833691596984853,30.311975860595695,4
James Cook,RB,2026,3,2026,6,3,0.0,16.222620010375977,False,14,2.0950346946716305,29.751849269866934,4
James Cook,RB,2026,3,2026,7,4,0.0,16.09221076965332,False,21,1.8044565200805671,29.643763256072987,4
James Cook,RB,2026,3,2026,8,5,0.0,15.93250560760498,False,28,1.494055366516113,28.875498223304746,4
James Cook,RB,2026,3,2026,9,6,0.0,15.84436321258545,False,35,1.3109620094299306,28.06105518341064,4
James Cook,RB,2026,3,2026,10,7,0.0,15.859858512878418,False,42,1.2542057991027828,27.473414611816402,4
James Cook,RB,2026,3,2026,11,8,0.0,15.947319984436035,False,49,1.2918717384338372,26.964247512817376,4
James Cook,RB,2026,3,2026,12,9,0.0,16.00052833557129,False,56,1.298711299896242,25.906406784057587,4
James Cook,RB,2026,3,2026,13,10,0.0,16.081707000732422,False,63,1.3169800758361827,25.3526793718338,4
James Cook,RB,2026,3,2026,14,11,0.0,16.1002197265625,False,70,1.2889460563659672,25.102864122390738,4
James Cook,RB,2026,3,2026,15,12,0.0,16.055156707763672,False,77,1.2123517036437992,24.501991558074945,4
James Cook,RB,2026,3,2026,16,13,0.0,16.008193969726562,False,84,1.155596446990966,23.655182456970206,4
James Cook,RB,2026,3,2026,17,14,0.0,15.945425987243652,False,91,1.0621331214904792,21.55860531330108,4
Jameson Williams,WR,2026,3,2026,4,1,0.0,12.477461814880371,False,0,1.378846359252929,27.193221759796124,4
Jameson Williams,WR,2026,3,2026,5,2,0.0,12.876897811889648,False,7,0.0,27.03821029663085,4
Jameson Williams,WR,2026,3,2026,6,3,0.0,13.420853614807129,False,14,0.0,26.950082874298086,4
Jameson Williams,WR,2026,3,2026,7,4,0.0,13.758082389831543,False,21,0.0,27.30963487625121,4
Jameson Williams,WR,2026,3,2026,8,5,0.0,13.979344367980957,False,28,0.0,26.922336983680722,4
Jameson Williams,WR,2026,3,2026,9,6,0.0,14.176863670349121,False,35,0.0,26.393555641174313,4
Jameson Williams,WR,2026,3,2026,10,7,0.0,14.365755081176758,False,42,0.0,25.979311180114742,4
Jameson Williams,WR,2026,3,2026,11,8,0.0,14.529867172241211,False,49,0.0,25.546794700622552,4
Jameson Williams,WR,2026,3,2026,12,9,0.0,14.627958297729492,False,56,0.0,24.53383674621579,4
Jameson Williams,WR,2026,3,2026,13,10,0.0,14.718734741210938,False,63,0.0,23.989707112312317,4
Jameson Williams,WR,2026,3,2026,14,11,0.0,14.724982261657715,False,70,0.0,23.727626657485953,4
Jameson Williams,WR,2026,3,2026,15,12,0.0,14.68612003326416,False,77,0.0,23.132954883575433,4
Jameson Williams,WR,2026,3,2026,16,13,0.0,14.651773452758789,False,84,0.0,22.298761940002432,4
Jameson Williams,WR,2026,3,2026,17,14,0.0,14.603211402893066,False,91,0.0,20.216390728950493,4
Jared Wayne,WR,2026,3,2026,4,1,0.0,3.2070388793945312,False,0,0.0,17.922798824310284,4
Jared Wayne,WR,2026,3,2026,5,2,0.0,2.9350500106811523,False,7,0.0,17.096362495422355,4
Jared Wayne,WR,2026,3,2026,6,3,0.0,2.83420467376709,False,14,0.0,16.363433933258047,4
Jared Wayne,WR,2026,3,2026,7,4,0.0,2.739043712615967,False,21,0.0,16.290596199035633,4
Jared Wayne,WR,2026,3,2026,8,5,0.0,2.677767038345337,False,28,0.0,15.620759654045102,4
Jared Wayne,WR,2026,3,2026,9,6,0.0,2.5997626781463623,False,35,0.0,14.816454648971554,4
Jared Wayne,WR,2026,3,2026,10,7,0.0,2.5339486598968506,False,42,0.0,14.147504758834835,4
Jared Wayne,WR,2026,3,2026,11,8,0.0,2.5105538368225098,False,49,0.0,13.527481365203851,4
Jared Wayne,WR,2026,3,2026,12,9,0.0,2.4759294986724854,False,56,0.0,12.381807947158785,4
Jared Wayne,WR,2026,3,2026,13,10,0.0,2.465764284133911,False,63,0.0,11.73673665523529,4
Jared Wayne,WR,2026,3,2026,14,11,0.0,2.451770782470703,False,70,0.0,11.454415178298941,4
Jared Wayne,WR,2026,3,2026,15,12,0.0,2.467288017272949,False,77,0.0,10.914122867584222,4
Jared Wayne,WR,2026,3,2026,16,13,0.0,2.48245906829834,False,84,0.0,10.129447555541983,4
Jared Wayne,WR,2026,3,2026,17,14,0.0,2.501760959625244,False,91,0.0,8.114940285682671,4
Jauan Jennings,WR,2026,3,2026,4,1,0.0,4.701518535614014,False,0,0.0,19.417278480529767,4
Jauan Jennings,WR,2026,3,2026,5,2,0.0,4.242552280426025,False,7,0.0,18.403864765167228,4
Jauan Jennings,WR,2026,3,2026,6,3,0.0,4.068296432495117,False,14,0.0,17.597525691986075,4
Jauan Jennings,WR,2026,3,2026,7,4,0.0,4.009974002838135,False,21,0.0,17.5615264892578,4
Jauan Jennings,WR,2026,3,2026,8,5,0.0,3.9904322624206543,False,28,0.0,16.93342487812042,4
Jauan Jennings,WR,2026,3,2026,9,6,0.0,3.9698688983917236,False,35,0.0,16.186560869216915,4
Jauan Jennings,WR,2026,3,2026,10,7,0.0,4.022191524505615,False,42,0.0,15.6357476234436,4
Jauan Jennings,WR,2026,3,2026,11,8,0.0,4.255058765411377,False,49,0.0,15.271986293792718,4
Jauan Jennings,WR,2026,3,2026,12,9,0.0,4.535192966461182,False,56,0.0,14.441071414947482,4
Jauan Jennings,WR,2026,3,2026,13,10,0.0,4.836108684539795,False,63,0.0,14.107081055641174,4
Jauan Jennings,WR,2026,3,2026,14,11,0.0,5.0471930503845215,False,70,0.0,14.04983744621276,4
Jauan Jennings,WR,2026,3,2026,15,12,0.0,5.1857523918151855,False,77,0.0,13.632587242126458,4
Jauan Jennings,WR,2026,3,2026,16,13,0.0,5.256021976470947,False,84,0.0,12.90301046371459,4
Jauan Jennings,WR,2026,3,2026,17,14,0.0,5.285206317901611,False,91,0.0,10.898385643959038,4
Javonte Williams,RB,2026,3,2026,4,1,0.0,13.316878318786621,False,0,2.218262863159179,28.032638263702374,4
Javonte Williams,RB,2026,3,2026,5,2,0.0,13.282490730285645,False,7,0.0,27.443803215026847,4
Javonte Williams,RB,2026,3,2026,6,3,0.0,13.183979988098145,False,14,0.0,26.713209247589102,4
Javonte Williams,RB,2026,3,2026,7,4,0.0,12.967825889587402,False,21,0.0,26.51937837600707,4
Javonte Williams,RB,2026,3,2026,8,5,0.0,12.753464698791504,False,28,0.0,25.69645731449127,4
Javonte Williams,RB,2026,3,2026,9,6,0.0,12.57291030883789,False,35,0.0,24.789602279663082,4
Javonte Williams,RB,2026,3,2026,10,7,0.0,12.448101997375488,False,42,0.0,24.061658096313472,4
Javonte Williams,RB,2026,3,2026,11,8,0.0,12.33071231842041,False,49,0.0,23.34763984680175,4
Javonte Williams,RB,2026,3,2026,12,9,0.0,12.126738548278809,False,56,0.0,22.032616996765107,4
Javonte Williams,RB,2026,3,2026,13,10,0.0,11.918092727661133,False,63,0.0,21.189065098762512,4
Javonte Williams,RB,2026,3,2026,14,11,0.0,11.726214408874512,False,70,0.0,20.72885880470275,4
Javonte Williams,RB,2026,3,2026,15,12,0.0,11.535195350646973,False,77,0.0,19.982030200958246,4
Javonte Williams,RB,2026,3,2026,16,13,0.0,11.378005027770996,False,84,0.0,19.02499351501464,4
Javonte Williams,RB,2026,3,2026,17,14,0.0,11.250741958618164,False,91,0.0,16.86392128467559,4
Jaxon Smith-Njigba,WR,2026,3,2026,4,1,0.0,18.586177825927734,False,0,7.487562370300292,33.30193777084349,4
Jaxon Smith-Njigba,WR,2026,3,2026,5,2,0.0,21.956369400024414,False,7,8.289075183868407,36.11768188476562,4
Jaxon Smith-Njigba,WR,2026,3,2026,6,3,0.0,22.366546630859375,False,14,8.238961315155029,35.895775890350336,4
Jaxon Smith-Njigba,WR,2026,3,2026,7,4,0.0,22.613788604736328,False,21,8.326034355163575,36.165341091155994,4
Jaxon Smith-Njigba,WR,2026,3,2026,8,5,0.0,22.85391616821289,False,28,8.415465927124023,35.796908783912656,4
Jaxon Smith-Njigba,WR,2026,3,2026,9,6,0.0,23.038719177246094,False,35,8.505317974090575,35.25541114807129,4
Jaxon Smith-Njigba,WR,2026,3,2026,10,7,0.0,23.17855453491211,False,42,8.572901821136474,34.79211063385009,4
Jaxon Smith-Njigba,WR,2026,3,2026,11,8,0.0,23.299089431762695,False,49,8.643641185760497,34.31601696014404,4
Jaxon Smith-Njigba,WR,2026,3,2026,12,9,0.0,23.34490203857422,False,56,8.643085002899172,33.25078048706052,4
Jaxon Smith-Njigba,WR,2026,3,2026,13,10,0.0,23.375953674316406,False,63,8.611226749420167,32.646926045417786,4
Jaxon Smith-Njigba,WR,2026,3,2026,14,11,0.0,23.370832443237305,False,70,8.559558773040772,32.373476839065546,4
Jaxon Smith-Njigba,WR,2026,3,2026,15,12,0.0,23.31745147705078,False,77,8.474646472930909,31.764286327362054,4
Jaxon Smith-Njigba,WR,2026,3,2026,16,13,0.0,23.208101272583008,False,84,8.355503749847411,30.85508975982665,4
Jaxon Smith-Njigba,WR,2026,3,2026,17,14,0.0,23.071931838989258,False,91,8.188638973236085,28.685111165046685,4
Jayden Reed,WR,2026,3,2026,4,1,0.0,5.028956890106201,False,0,0.0,19.744716835021954,4
Jayden Reed,WR,2026,3,2026,5,2,0.0,4.631211757659912,False,7,0.0,18.792524242401115,4
Jayden Reed,WR,2026,3,2026,6,3,0.0,4.447076797485352,False,14,0.0,17.97630605697631,4
Jayden Reed,WR,2026,3,2026,7,4,0.0,4.343332767486572,False,21,0.0,17.89488525390624,4
Jayden Reed,WR,2026,3,2026,8,5,0.0,4.283468723297119,False,28,0.0,17.226461338996884,4
Jayden Reed,WR,2026,3,2026,9,6,0.0,4.2415642738342285,False,35,0.0,16.45825624465942,4
Jayden Reed,WR,2026,3,2026,10,7,0.0,4.246978759765625,False,42,0.0,15.860534858703609,4
Jayden Reed,WR,2026,3,2026,11,8,0.0,4.338952541351318,False,49,0.0,15.35588006973266,4
Jayden Reed,WR,2026,3,2026,12,9,0.0,4.376672267913818,False,56,0.0,14.282550716400118,4
Jayden Reed,WR,2026,3,2026,13,10,0.0,4.3998332023620605,False,63,0.0,13.67080557346344,4
Jayden Reed,WR,2026,3,2026,14,11,0.0,4.411451816558838,False,70,0.0,13.414096212387076,4
Jayden Reed,WR,2026,3,2026,15,12,0.0,4.435319423675537,False,77,0.0,12.88215427398681,4
Jayden Reed,WR,2026,3,2026,16,13,0.0,4.453939914703369,False,84,0.0,12.100928401947012,4
Jayden Reed,WR,2026,3,2026,17,14,0.0,4.469046115875244,False,91,0.0,10.082225441932671,4
Jaylen Waddle,WR,2026,3,2026,4,1,0.0,10.659140586853027,False,0,0.0,25.37490053176878,4
Jaylen Waddle,WR,2026,3,2026,5,2,0.0,11.017965316772461,False,7,0.0,25.179277801513663,4
Jaylen Waddle,WR,2026,3,2026,6,3,0.0,11.781338691711426,False,14,0.0,25.310567951202383,4
Jaylen Waddle,WR,2026,3,2026,7,4,0.0,12.48784065246582,False,21,0.0,26.039393138885487,4
Jaylen Waddle,WR,2026,3,2026,8,5,0.0,13.025185585021973,False,28,0.0,25.968178200721738,4
Jaylen Waddle,WR,2026,3,2026,9,6,0.0,13.40078353881836,False,35,0.0,25.61747550964355,4
Jaylen Waddle,WR,2026,3,2026,10,7,0.0,13.710033416748047,False,42,0.0,25.32358951568603,4
Jaylen Waddle,WR,2026,3,2026,11,8,0.0,13.96274471282959,False,49,0.0,24.97967224121093,4
Jaylen Waddle,WR,2026,3,2026,12,9,0.0,14.112431526184082,False,56,0.0,24.01830997467038,4
Jaylen Waddle,WR,2026,3,2026,13,10,0.0,14.238639831542969,False,63,0.0,23.509612202644348,4
Jaylen Waddle,WR,2026,3,2026,14,11,0.0,14.26232624053955,False,70,0.0,23.26497063636779,4
Jaylen Waddle,WR,2026,3,2026,15,12,0.0,14.229351997375488,False,77,0.0,22.67618684768676,4
Jaylen Waddle,WR,2026,3,2026,16,13,0.0,14.195708274841309,False,84,0.0,21.84269676208495,4
Jaylen Waddle,WR,2026,3,2026,17,14,0.0,14.147467613220215,False,91,0.0,19.760646939277642,4
Jaylen Warren,RB,2026,3,2026,4,1,0.0,13.206252098083496,False,0,2.107636642456054,27.92201204299925,4
Jaylen Warren,RB,2026,3,2026,5,2,0.0,13.170336723327637,False,7,0.0,27.33164920806884,4
Jaylen Warren,RB,2026,3,2026,6,3,0.0,13.17463207244873,False,14,0.0,26.703861331939688,4
Jaylen Warren,RB,2026,3,2026,7,4,0.0,13.149747848510742,False,21,0.0,26.70130033493041,4
Jaylen Warren,RB,2026,3,2026,8,5,0.0,13.154669761657715,False,28,0.0,26.09766237735748,4
Jaylen Warren,RB,2026,3,2026,9,6,0.0,13.175505638122559,False,35,0.0,25.39219760894775,4
Jaylen Warren,RB,2026,3,2026,10,7,0.0,13.218043327331543,False,42,0.0,24.831599426269527,4
Jaylen Warren,RB,2026,3,2026,11,8,0.0,13.249467849731445,False,49,0.0,24.266395378112787,4
Jaylen Warren,RB,2026,3,2026,12,9,0.0,13.199098587036133,False,56,0.0,23.10497703552243,4
Jaylen Warren,RB,2026,3,2026,13,10,0.0,13.136688232421875,False,63,0.0,22.407660603523254,4
Jaylen Warren,RB,2026,3,2026,14,11,0.0,13.050522804260254,False,70,0.0,22.05316720008849,4
Jaylen Warren,RB,2026,3,2026,15,12,0.0,12.958608627319336,False,77,0.0,21.40544347763061,4
Jaylen Warren,RB,2026,3,2026,16,13,0.0,12.884028434753418,False,84,0.0,20.53101692199706,4
Jaylen Warren,RB,2026,3,2026,17,14,0.0,12.813313484191895,False,91,0.0,18.42649281024932,4
Jaylen Wright,RB,2026,3,2026,4,1,0.0,3.9183716773986816,False,0,0.0,18.634131622314435,4
Jaylen Wright,RB,2026,3,2026,5,2,0.0,3.9154622554779053,False,7,0.0,18.076774740219108,4
Jaylen Wright,RB,2026,3,2026,6,3,0.0,3.9160141944885254,False,14,0.0,17.445243453979483,4
Jaylen Wright,RB,2026,3,2026,7,4,0.0,3.838594436645508,False,21,0.0,17.390146923065174,4
Jaylen Wright,RB,2026,3,2026,8,5,0.0,3.696652412414551,False,28,0.0,16.639645028114316,4
Jaylen Wright,RB,2026,3,2026,9,6,0.0,3.5131912231445312,False,35,0.0,15.729883193969723,4
Jaylen Wright,RB,2026,3,2026,10,7,0.0,3.3075718879699707,False,42,0.0,14.921127986907955,4
Jaylen Wright,RB,2026,3,2026,11,8,0.0,3.1466994285583496,False,49,0.0,14.16362695693969,4
Jaylen Wright,RB,2026,3,2026,12,9,0.0,2.9750289916992188,False,56,0.0,12.880907440185519,4
Jaylen Wright,RB,2026,3,2026,13,10,0.0,2.9064786434173584,False,63,0.0,12.177451014518738,4
Jaylen Wright,RB,2026,3,2026,14,11,0.0,2.9021518230438232,False,70,0.0,11.904796218872061,4
Jaylen Wright,RB,2026,3,2026,15,12,0.0,2.9318950176239014,False,77,0.0,11.378729867935174,4
Jaylen Wright,RB,2026,3,2026,16,13,0.0,2.9549713134765625,False,84,0.0,10.601959800720206,4
Jaylen Wright,RB,2026,3,2026,17,14,0.0,2.981166362762451,False,91,0.0,8.594345688819878,4
Jaylin Lane,WR,2026,3,2026,4,1,0.0,1.1597900390625,False,0,0.0,15.875549983978253,4
Jaylin Lane,WR,2026,3,2026,5,2,0.0,1.0383082628250122,False,7,0.0,15.199620747566216,4
Jaylin Lane,WR,2026,3,2026,6,3,0.0,0.9941983222961426,False,14,0.0,14.5234275817871,4
Jaylin Lane,WR,2026,3,2026,7,4,0.0,0.8978354930877686,False,21,0.0,14.449387979507433,4
Jaylin Lane,WR,2026,3,2026,8,5,0.0,0.850502610206604,False,28,0.0,13.79349522590637,4
Jaylin Lane,WR,2026,3,2026,9,6,0.0,0.8420939445495605,False,35,0.0,13.058785915374752,4
Jaylin Lane,WR,2026,3,2026,10,7,0.0,0.8980896472930908,False,42,0.0,12.511645746231075,4
Jaylin Lane,WR,2026,3,2026,11,8,0.0,0.9989373683929443,False,49,0.0,12.015864896774286,4
Jaylin Lane,WR,2026,3,2026,12,9,0.0,1.0997416973114014,False,56,0.0,11.005620145797701,4
Jaylin Lane,WR,2026,3,2026,13,10,0.0,1.1551165580749512,False,63,0.0,10.42608892917633,4
Jaylin Lane,WR,2026,3,2026,14,11,0.0,1.1802358627319336,False,70,0.0,10.182880258560171,4
Jaylin Lane,WR,2026,3,2026,15,12,0.0,1.233122706413269,False,77,0.0,9.679957556724542,4
Jaylin Lane,WR,2026,3,2026,16,13,0.0,1.2675106525421143,False,84,0.0,8.914499139785757,4
Jaylin Lane,WR,2026,3,2026,17,14,0.0,1.2853249311447144,False,91,0.0,6.898504257202142,4
Jaylin Noel,WR,2026,3,2026,4,1,0.0,5.285939693450928,False,0,0.0,20.00169963836668,4
Jaylin Noel,WR,2026,3,2026,5,2,0.0,4.890115261077881,False,7,0.0,19.051427745819083,4
Jaylin Noel,WR,2026,3,2026,6,3,0.0,4.7157793045043945,False,14,0.0,18.245008563995352,4
Jaylin Noel,WR,2026,3,2026,7,4,0.0,4.630138874053955,False,21,0.0,18.18169136047362,4
Jaylin Noel,WR,2026,3,2026,8,5,0.0,4.593496799468994,False,28,0.0,17.53648941516876,4
Jaylin Noel,WR,2026,3,2026,9,6,0.0,4.579537868499756,False,35,0.0,16.796229839324948,4
Jaylin Noel,WR,2026,3,2026,10,7,0.0,4.615938663482666,False,42,0.0,16.22949476242065,4
Jaylin Noel,WR,2026,3,2026,11,8,0.0,4.736806392669678,False,49,0.0,15.753733921051019,4
Jaylin Noel,WR,2026,3,2026,12,9,0.0,4.787360668182373,False,56,0.0,14.693239116668673,4
Jaylin Noel,WR,2026,3,2026,13,10,0.0,4.803093433380127,False,63,0.0,14.074065804481506,4
Jaylin Noel,WR,2026,3,2026,14,11,0.0,4.797473430633545,False,70,0.0,13.800117826461783,4
Jaylin Noel,WR,2026,3,2026,15,12,0.0,4.802144527435303,False,77,0.0,13.248979377746576,4
Jaylin Noel,WR,2026,3,2026,16,13,0.0,4.803691387176514,False,84,0.0,12.450679874420157,4
Jaylin Noel,WR,2026,3,2026,17,14,0.0,4.805875301361084,False,91,0.0,10.419054627418511,4
Jeremiyah Love,RB,2026,3,2026,4,1,0.0,4.447277545928955,False,0,0.0,19.163037490844708,4
Jeremiyah Love,RB,2026,3,2026,5,2,0.0,4.337226390838623,False,7,0.0,18.498538875579825,4
Jeremiyah Love,RB,2026,3,2026,6,3,0.0,4.53073787689209,False,14,0.0,18.059967136383047,4
Jeremiyah Love,RB,2026,3,2026,7,4,0.0,4.720040798187256,False,21,0.0,18.271593284606922,4
Jeremiyah Love,RB,2026,3,2026,8,5,0.0,4.878617763519287,False,28,0.0,17.821610379219052,4
Jeremiyah Love,RB,2026,3,2026,9,6,0.0,5.0520501136779785,False,35,0.0,17.26874208450317,4
Jeremiyah Love,RB,2026,3,2026,10,7,0.0,5.342748165130615,False,42,0.0,16.9563042640686,4
Jeremiyah Love,RB,2026,3,2026,11,8,0.0,5.811081409454346,False,49,0.0,16.828008937835687,4
Jeremiyah Love,RB,2026,3,2026,12,9,0.0,6.280085563659668,False,56,0.0,16.185964012145966,4
Jeremiyah Love,RB,2026,3,2026,13,10,0.0,6.771355152130127,False,63,0.0,16.042327523231506,4
Jeremiyah Love,RB,2026,3,2026,14,11,0.0,7.117185592651367,False,70,0.0,16.119829988479605,4
Jeremiyah Love,RB,2026,3,2026,15,12,0.0,7.284847736358643,False,77,0.0,15.731682586669915,4
Jeremiyah Love,RB,2026,3,2026,16,13,0.0,7.336827754974365,False,84,0.0,14.983816242218008,4
Jeremiyah Love,RB,2026,3,2026,17,14,0.0,7.350698947906494,False,91,0.0,12.963878273963921,4
Jerry Jeudy,WR,2026,3,2026,4,1,0.0,9.212213516235352,False,0,0.0,23.927973461151105,4
Jerry Jeudy,WR,2026,3,2026,5,2,0.0,9.311720848083496,False,7,0.0,23.4730333328247,4
Jerry Jeudy,WR,2026,3,2026,6,3,0.0,9.60379695892334,False,14,0.0,23.133026218414297,4
Jerry Jeudy,WR,2026,3,2026,7,4,0.0,9.988842964172363,False,21,0.0,23.54039545059203,4
Jerry Jeudy,WR,2026,3,2026,8,5,0.0,10.30511474609375,False,28,0.0,23.248107361793515,4
Jerry Jeudy,WR,2026,3,2026,9,6,0.0,10.474787712097168,False,35,0.0,22.69147968292236,4
Jerry Jeudy,WR,2026,3,2026,10,7,0.0,10.545797348022461,False,42,0.0,22.159353446960445,4
Jerry Jeudy,WR,2026,3,2026,11,8,0.0,10.54096508026123,False,49,0.0,21.55789260864257,4
Jerry Jeudy,WR,2026,3,2026,12,9,0.0,10.367819786071777,False,56,0.0,20.273698234558076,4
Jerry Jeudy,WR,2026,3,2026,13,10,0.0,10.154043197631836,False,63,0.0,19.425015568733215,4
Jerry Jeudy,WR,2026,3,2026,14,11,0.0,9.952535629272461,False,70,0.0,18.9551800251007,4
Jerry Jeudy,WR,2026,3,2026,15,12,0.0,9.758023262023926,False,77,0.0,18.2048581123352,4
Jerry Jeudy,WR,2026,3,2026,16,13,0.0,9.593305587768555,False,84,0.0,17.240294075012198,4
Jerry Jeudy,WR,2026,3,2026,17,14,0.0,9.468489646911621,False,91,0.0,15.081668972969048,4
Jeshaun Jones,WR,2026,3,2026,4,1,0.0,1.6794631481170654,False,0,0.0,16.39522309303282,4
Jeshaun Jones,WR,2026,3,2026,5,2,0.0,1.6465082168579102,False,7,0.0,15.807820701599114,4
Jeshaun Jones,WR,2026,3,2026,6,3,0.0,1.7370457649230957,False,14,0.0,15.266275024414053,4
Jeshaun Jones,WR,2026,3,2026,7,4,0.0,1.7331854104995728,False,21,0.0,15.284737896919237,4
Jeshaun Jones,WR,2026,3,2026,8,5,0.0,1.7335809469223022,False,28,0.0,14.676573562622067,4
Jeshaun Jones,WR,2026,3,2026,9,6,0.0,1.7231699228286743,False,35,0.0,13.939861893653866,4
Jeshaun Jones,WR,2026,3,2026,10,7,0.0,1.7722135782241821,False,42,0.0,13.385769677162166,4
Jeshaun Jones,WR,2026,3,2026,11,8,0.0,1.8831321001052856,False,49,0.0,12.900059628486627,4
Jeshaun Jones,WR,2026,3,2026,12,9,0.0,1.989884376525879,False,56,0.0,11.895762825012179,4
Jeshaun Jones,WR,2026,3,2026,13,10,0.0,2.076810359954834,False,63,0.0,11.347782731056213,4
Jeshaun Jones,WR,2026,3,2026,14,11,0.0,2.118008852005005,False,70,0.0,11.120653247833243,4
Jeshaun Jones,WR,2026,3,2026,15,12,0.0,2.173274517059326,False,77,0.0,10.620109367370599,4
Jeshaun Jones,WR,2026,3,2026,16,13,0.0,2.214904546737671,False,84,0.0,9.861893033981314,4
Jeshaun Jones,WR,2026,3,2026,17,14,0.0,2.247380495071411,False,91,0.0,7.860559821128839,4
Jimmy Horn Jr.,WR,2026,3,2026,4,1,0.0,1.7769774198532104,False,0,0.0,16.492737364768963,4
Jimmy Horn Jr.,WR,2026,3,2026,5,2,0.0,1.7551518678665161,False,7,0.0,15.91646435260772,4
Jimmy Horn Jr.,WR,2026,3,2026,6,3,0.0,1.8031158447265625,False,14,0.0,15.33234510421752,4
Jimmy Horn Jr.,WR,2026,3,2026,7,4,0.0,1.7660373449325562,False,21,0.0,15.31758983135222,4
Jimmy Horn Jr.,WR,2026,3,2026,8,5,0.0,1.7385393381118774,False,28,0.0,14.681531953811643,4
Jimmy Horn Jr.,WR,2026,3,2026,9,6,0.0,1.6902910470962524,False,35,0.0,13.906983017921444,4
Jimmy Horn Jr.,WR,2026,3,2026,10,7,0.0,1.6743305921554565,False,42,0.0,13.28788669109344,4
Jimmy Horn Jr.,WR,2026,3,2026,11,8,0.0,1.690622091293335,False,49,0.0,12.707549619674676,4
Jimmy Horn Jr.,WR,2026,3,2026,12,9,0.0,1.7065116167068481,False,56,0.0,11.612390065193148,4
Jimmy Horn Jr.,WR,2026,3,2026,13,10,0.0,1.7285529375076294,False,63,0.0,10.999525308609009,4
Jimmy Horn Jr.,WR,2026,3,2026,14,11,0.0,1.7308837175369263,False,70,0.0,10.733528113365164,4
Jimmy Horn Jr.,WR,2026,3,2026,15,12,0.0,1.7611757516860962,False,77,0.0,10.208010601997369,4
Jimmy Horn Jr.,WR,2026,3,2026,16,13,0.0,1.7908051013946533,False,84,0.0,9.437793588638296,4
Jimmy Horn Jr.,WR,2026,3,2026,17,14,0.0,1.819826602935791,False,91,0.0,7.433005928993219,4
John Metchie III,WR,2026,3,2026,4,1,0.0,2.3731868267059326,False,0,0.0,17.088946771621686,4
John Metchie III,WR,2026,3,2026,5,2,0.0,2.3832294940948486,False,7,0.0,16.54454197883605,4
John Metchie III,WR,2026,3,2026,6,3,0.0,2.609558582305908,False,14,0.0,16.138787841796866,4
John Metchie III,WR,2026,3,2026,7,4,0.0,2.760133743286133,False,21,0.0,16.3116862297058,4
John Metchie III,WR,2026,3,2026,8,5,0.0,2.9043760299682617,False,28,0.0,15.847368645668027,4
John Metchie III,WR,2026,3,2026,9,6,0.0,3.051227569580078,False,35,0.0,15.26791954040527,4
John Metchie III,WR,2026,3,2026,10,7,0.0,3.2705883979797363,False,42,0.0,14.88414449691772,4
John Metchie III,WR,2026,3,2026,11,8,0.0,3.586547613143921,False,49,0.0,14.603475141525262,4
John Metchie III,WR,2026,3,2026,12,9,0.0,3.8795647621154785,False,56,0.0,13.785443210601779,4
John Metchie III,WR,2026,3,2026,13,10,0.0,4.119143486022949,False,63,0.0,13.390115857124329,4
John Metchie III,WR,2026,3,2026,14,11,0.0,4.25409460067749,False,70,0.0,13.256738996505728,4
John Metchie III,WR,2026,3,2026,15,12,0.0,4.357770919799805,False,77,0.0,12.804605770111078,4
John Metchie III,WR,2026,3,2026,16,13,0.0,4.421308994293213,False,84,0.0,12.068297481536856,4
John Metchie III,WR,2026,3,2026,17,14,0.0,4.459805965423584,False,91,0.0,10.072985291481011,4
Jonah Coleman,RB,2026,3,2026,4,1,0.0,2.0451486110687256,False,0,0.0,16.76090855598448,4
Jonah Coleman,RB,2026,3,2026,5,2,0.0,1.9603593349456787,False,7,0.0,16.12167181968688,4
Jonah Coleman,RB,2026,3,2026,6,3,0.0,2.162107229232788,False,14,0.0,15.691336488723746,4
Jonah Coleman,RB,2026,3,2026,7,4,0.0,2.2800545692443848,False,21,0.0,15.83160705566405,4
Jonah Coleman,RB,2026,3,2026,8,5,0.0,2.3770689964294434,False,28,0.0,15.320061612129209,4
Jonah Coleman,RB,2026,3,2026,9,6,0.0,2.48935866355896,False,35,0.0,14.706050634384152,4
Jonah Coleman,RB,2026,3,2026,10,7,0.0,2.691105842590332,False,42,0.0,14.304661941528316,4
Jonah Coleman,RB,2026,3,2026,11,8,0.0,2.9952034950256348,False,49,0.0,14.012131023406976,4
Jonah Coleman,RB,2026,3,2026,12,9,0.0,3.314450263977051,False,56,0.0,13.22032871246335,4
Jonah Coleman,RB,2026,3,2026,13,10,0.0,3.6431336402893066,False,63,0.0,12.914106011390686,4
Jonah Coleman,RB,2026,3,2026,14,11,0.0,3.867819309234619,False,70,0.0,12.870463705062857,4
Jonah Coleman,RB,2026,3,2026,15,12,0.0,4.0422749519348145,False,77,0.0,12.489109802246087,4
Jonah Coleman,RB,2026,3,2026,16,13,0.0,4.149786949157715,False,84,0.0,11.796775436401358,4
Jonah Coleman,RB,2026,3,2026,17,14,0.0,4.209719657897949,False,91,0.0,9.822898983955376,4
Jonathan Mingo,WR,2026,3,2026,4,1,0.0,1.5631368160247803,False,0,0.0,16.278896760940533,4
Jonathan Mingo,WR,2026,3,2026,5,2,0.0,1.5372673273086548,False,7,0.0,15.698579812049859,4
Jonathan Mingo,WR,2026,3,2026,6,3,0.0,1.607405424118042,False,14,0.0,15.136634683609,4
Jonathan Mingo,WR,2026,3,2026,7,4,0.0,1.5877403020858765,False,21,0.0,15.139292788505541,4
Jonathan Mingo,WR,2026,3,2026,8,5,0.0,1.578790545463562,False,28,0.0,14.521783161163327,4
Jonathan Mingo,WR,2026,3,2026,9,6,0.0,1.565830945968628,False,35,0.0,13.78252291679382,4
Jonathan Mingo,WR,2026,3,2026,10,7,0.0,1.594935417175293,False,42,0.0,13.208491516113277,4
Jonathan Mingo,WR,2026,3,2026,11,8,0.0,1.654313325881958,False,49,0.0,12.6712408542633,4
Jonathan Mingo,WR,2026,3,2026,12,9,0.0,1.7049616575241089,False,56,0.0,11.610840106010409,4
Jonathan Mingo,WR,2026,3,2026,13,10,0.0,1.7459872961044312,False,63,0.0,11.01695966720581,4
Jonathan Mingo,WR,2026,3,2026,14,11,0.0,1.7624279260635376,False,70,0.0,10.765072321891775,4
Jonathan Mingo,WR,2026,3,2026,15,12,0.0,1.8043464422225952,False,77,0.0,10.251181292533868,4
Jonathan Mingo,WR,2026,3,2026,16,13,0.0,1.8433114290237427,False,84,0.0,9.490299916267386,4
Jonathan Mingo,WR,2026,3,2026,17,14,0.0,1.8776397705078125,False,91,0.0,7.49081909656524,4
Jonathan Taylor,RB,2026,3,2026,4,1,0.0,16.214096069335938,False,0,5.115480613708495,30.92985601425169,4
Jonathan Taylor,RB,2026,3,2026,5,2,0.0,16.315967559814453,False,7,2.648673343658446,30.477280044555656,4
Jonathan Taylor,RB,2026,3,2026,6,3,0.0,16.29132843017578,False,14,2.163743114471435,29.82055768966674,4
Jonathan Taylor,RB,2026,3,2026,7,4,0.0,16.340749740600586,False,21,2.0529954910278327,29.892302227020252,4
Jonathan Taylor,RB,2026,3,2026,8,5,0.0,16.460071563720703,False,28,2.0216213226318356,29.40306417942047,4
Jonathan Taylor,RB,2026,3,2026,9,6,0.0,16.601715087890625,False,35,2.0683138847351064,28.818407058715817,4
Jonathan Taylor,RB,2026,3,2026,10,7,0.0,16.731754302978516,False,42,2.1261015892028805,28.3453104019165,4
Jonathan Taylor,RB,2026,3,2026,11,8,0.0,16.869911193847656,False,49,2.2144629478454583,27.886838722228998,4
Jonathan Taylor,RB,2026,3,2026,12,9,0.0,16.966320037841797,False,56,2.26450300216675,26.872198486328095,4
Jonathan Taylor,RB,2026,3,2026,13,10,0.0,17.12816047668457,False,63,2.363433551788331,26.39913284778595,4
Jonathan Taylor,RB,2026,3,2026,14,11,0.0,17.213451385498047,False,70,2.402177715301514,26.216095781326285,4
Jonathan Taylor,RB,2026,3,2026,15,12,0.0,17.199718475341797,False,77,2.356913471221924,25.64655332565307,4
Jonathan Taylor,RB,2026,3,2026,16,13,0.0,17.165681838989258,False,84,2.3130843162536614,24.8126703262329,4
Jonathan Taylor,RB,2026,3,2026,17,14,0.0,17.109561920166016,False,91,2.2262690544128425,22.722741246223443,4
Jonathon Brooks,RB,2026,3,2026,4,1,0.0,2.0089595317840576,False,0,0.0,16.72471947669981,4
Jonathon Brooks,RB,2026,3,2026,5,2,0.0,1.9518553018569946,False,7,0.0,16.113167786598197,4
Jonathon Brooks,RB,2026,3,2026,6,3,0.0,2.0339889526367188,False,14,0.0,15.563218212127676,4
Jonathon Brooks,RB,2026,3,2026,7,4,0.0,2.029449462890625,False,21,0.0,15.58100194931029,4
Jonathon Brooks,RB,2026,3,2026,8,5,0.0,2.0312886238098145,False,28,0.0,14.97428123950958,4
Jonathon Brooks,RB,2026,3,2026,9,6,0.0,2.0150251388549805,False,35,0.0,14.231717109680172,4
Jonathon Brooks,RB,2026,3,2026,10,7,0.0,2.041701555252075,False,42,0.0,13.65525765419006,4
Jonathon Brooks,RB,2026,3,2026,11,8,0.0,2.1166188716888428,False,49,0.0,13.133546400070184,4
Jonathon Brooks,RB,2026,3,2026,12,9,0.0,2.1762728691101074,False,56,0.0,12.082151317596407,4
Jonathon Brooks,RB,2026,3,2026,13,10,0.0,2.225302219390869,False,63,0.0,11.496274590492249,4
Jonathon Brooks,RB,2026,3,2026,14,11,0.0,2.2419581413269043,False,70,0.0,11.244602537155142,4
Jonathon Brooks,RB,2026,3,2026,15,12,0.0,2.279611349105835,False,77,0.0,10.726446199417108,4
Jonathon Brooks,RB,2026,3,2026,16,13,0.0,2.312258720397949,False,84,0.0,9.959247207641592,4
Jonathon Brooks,RB,2026,3,2026,17,14,0.0,2.34134578704834,False,91,0.0,7.954525113105768,4
Jordan Addison,WR,2026,3,2026,4,1,0.0,12.317042350769043,False,0,1.2184268951416009,27.032802295684796,4
Jordan Addison,WR,2026,3,2026,5,2,0.0,12.62472915649414,False,7,0.0,26.786041641235343,4
Jordan Addison,WR,2026,3,2026,6,3,0.0,12.9935884475708,False,14,0.0,26.52281770706176,4
Jordan Addison,WR,2026,3,2026,7,4,0.0,13.053208351135254,False,21,0.0,26.60476083755492,4
Jordan Addison,WR,2026,3,2026,8,5,0.0,13.003469467163086,False,28,0.0,25.94646208286285,4
Jordan Addison,WR,2026,3,2026,9,6,0.0,12.92250919342041,False,35,0.0,25.139201164245602,4
Jordan Addison,WR,2026,3,2026,10,7,0.0,12.869363784790039,False,42,0.0,24.482919883728023,4
Jordan Addison,WR,2026,3,2026,11,8,0.0,12.8204927444458,False,49,0.0,23.837420272827142,4
Jordan Addison,WR,2026,3,2026,12,9,0.0,12.68843936920166,False,56,0.0,22.59431781768796,4
Jordan Addison,WR,2026,3,2026,13,10,0.0,12.545491218566895,False,63,0.0,21.816463589668274,4
Jordan Addison,WR,2026,3,2026,14,11,0.0,12.387887954711914,False,70,0.0,21.390532350540152,4
Jordan Addison,WR,2026,3,2026,15,12,0.0,12.221723556518555,False,77,0.0,20.668558406829828,4
Jordan Addison,WR,2026,3,2026,16,13,0.0,12.079432487487793,False,84,0.0,19.726420974731436,4
Jordan Addison,WR,2026,3,2026,17,14,0.0,11.958128929138184,False,91,0.0,17.57130825519561,4
Jordan James,RB,2026,3,2026,4,1,0.0,1.5662684440612793,False,0,0.0,16.282028388977032,4
Jordan James,RB,2026,3,2026,5,2,0.0,1.575777530670166,False,7,0.0,15.73709001541137,4
Jordan James,RB,2026,3,2026,6,3,0.0,1.6821714639663696,False,14,0.0,15.211400723457327,4
Jordan James,RB,2026,3,2026,7,4,0.0,1.6783417463302612,False,21,0.0,15.229894232749926,4
Jordan James,RB,2026,3,2026,8,5,0.0,1.683958888053894,False,28,0.0,14.62695150375366,4
Jordan James,RB,2026,3,2026,9,6,0.0,1.6931294202804565,False,35,0.0,13.909821391105648,4
Jordan James,RB,2026,3,2026,10,7,0.0,1.7487529516220093,False,42,0.0,13.362309050559993,4
Jordan James,RB,2026,3,2026,11,8,0.0,1.8389374017715454,False,49,0.0,12.855864930152887,4
Jordan James,RB,2026,3,2026,12,9,0.0,1.9148025512695312,False,56,0.0,11.820680999755831,4
Jordan James,RB,2026,3,2026,13,10,0.0,1.9724804162979126,False,63,0.0,11.243452787399292,4
Jordan James,RB,2026,3,2026,14,11,0.0,1.9996100664138794,False,70,0.0,11.002254462242117,4
Jordan James,RB,2026,3,2026,15,12,0.0,2.048008918762207,False,77,0.0,10.49484376907348,4
Jordan James,RB,2026,3,2026,16,13,0.0,2.0920023918151855,False,84,0.0,9.738990879058829,4
Jordan James,RB,2026,3,2026,17,14,0.0,2.1291756629943848,False,91,0.0,7.742354989051813,4
Jordan Mason,RB,2026,3,2026,4,1,0.0,5.840585231781006,False,0,0.0,20.55634517669676,4
Jordan Mason,RB,2026,3,2026,5,2,0.0,5.795639991760254,False,7,0.0,19.956952476501456,4
Jordan Mason,RB,2026,3,2026,6,3,0.0,5.899975299835205,False,14,0.0,19.429204559326163,4
Jordan Mason,RB,2026,3,2026,7,4,0.0,5.993249416351318,False,21,0.0,19.544801902770985,4
Jordan Mason,RB,2026,3,2026,8,5,0.0,5.983349800109863,False,28,0.0,18.92634241580963,4
Jordan Mason,RB,2026,3,2026,9,6,0.0,5.8576459884643555,False,35,0.0,18.074337959289547,4
Jordan Mason,RB,2026,3,2026,10,7,0.0,5.656489849090576,False,42,0.0,17.27004594802856,4
Jordan Mason,RB,2026,3,2026,11,8,0.0,5.419985294342041,False,49,0.0,16.436912822723382,4
Jordan Mason,RB,2026,3,2026,12,9,0.0,5.091914653778076,False,56,0.0,14.997793102264376,4
Jordan Mason,RB,2026,3,2026,13,10,0.0,4.808930397033691,False,63,0.0,14.07990276813507,4
Jordan Mason,RB,2026,3,2026,14,11,0.0,4.636684894561768,False,70,0.0,13.639329290390005,4
Jordan Mason,RB,2026,3,2026,15,12,0.0,4.536072731018066,False,77,0.0,12.98290758132934,4
Jordan Mason,RB,2026,3,2026,16,13,0.0,4.473360538482666,False,84,0.0,12.12034902572631,4
Jordan Mason,RB,2026,3,2026,17,14,0.0,4.446455955505371,False,91,0.0,10.059635281562798,4
Jordan Watkins,WR,2026,3,2026,4,1,0.0,2.0431923866271973,False,0,0.0,16.75895233154295,4
Jordan Watkins,WR,2026,3,2026,5,2,0.0,1.9692734479904175,False,7,0.0,16.13058593273162,4
Jordan Watkins,WR,2026,3,2026,6,3,0.0,2.035729169845581,False,14,0.0,15.564958429336539,4
Jordan Watkins,WR,2026,3,2026,7,4,0.0,2.0189154148101807,False,21,0.0,15.570467901229845,4
Jordan Watkins,WR,2026,3,2026,8,5,0.0,2.0097482204437256,False,28,0.0,14.95274083614349,4
Jordan Watkins,WR,2026,3,2026,9,6,0.0,1.9941436052322388,False,35,0.0,14.21083557605743,4
Jordan Watkins,WR,2026,3,2026,10,7,0.0,2.0290229320526123,False,42,0.0,13.642579030990596,4
Jordan Watkins,WR,2026,3,2026,11,8,0.0,2.112840175628662,False,49,0.0,13.129767704010003,4
Jordan Watkins,WR,2026,3,2026,12,9,0.0,2.17891788482666,False,56,0.0,12.08479633331296,4
Jordan Watkins,WR,2026,3,2026,13,10,0.0,2.230677604675293,False,63,0.0,11.501649975776672,4
Jordan Watkins,WR,2026,3,2026,14,11,0.0,2.2521181106567383,False,70,0.0,11.254762506484976,4
Jordan Watkins,WR,2026,3,2026,15,12,0.0,2.2941019535064697,False,77,0.0,10.740936803817743,4
Jordan Watkins,WR,2026,3,2026,16,13,0.0,2.3308112621307373,False,84,0.0,9.97779974937438,4
Jordan Watkins,WR,2026,3,2026,17,14,0.0,2.36309814453125,False,91,0.0,7.976277470588678,4
Jordan Whittington,WR,2026,3,2026,4,1,0.0,1.3847556114196777,False,0,0.0,16.10051555633543,4
Jordan Whittington,WR,2026,3,2026,5,2,0.0,1.3221244812011719,False,7,0.0,15.483436965942376,4
Jordan Whittington,WR,2026,3,2026,6,3,0.0,1.3111320734024048,False,14,0.0,14.840361332893362,4
Jordan Whittington,WR,2026,3,2026,7,4,0.0,1.2357655763626099,False,21,0.0,14.787318062782274,4
Jordan Whittington,WR,2026,3,2026,8,5,0.0,1.1828371286392212,False,28,0.0,14.125829744338986,4
Jordan Whittington,WR,2026,3,2026,9,6,0.0,1.128229022026062,False,35,0.0,13.344920992851254,4
Jordan Whittington,WR,2026,3,2026,10,7,0.0,1.1060898303985596,False,42,0.0,12.719645929336544,4
Jordan Whittington,WR,2026,3,2026,11,8,0.0,1.110444188117981,False,49,0.0,12.127371716499322,4
Jordan Whittington,WR,2026,3,2026,12,9,0.0,1.1275789737701416,False,56,0.0,11.033457422256442,4
Jordan Whittington,WR,2026,3,2026,13,10,0.0,1.1469123363494873,False,63,0.0,10.417884707450867,4
Jordan Whittington,WR,2026,3,2026,14,11,0.0,1.1526890993118286,False,70,0.0,10.155333495140066,4
Jordan Whittington,WR,2026,3,2026,15,12,0.0,1.1871469020843506,False,77,0.0,9.633981752395623,4
Jordan Whittington,WR,2026,3,2026,16,13,0.0,1.2193045616149902,False,84,0.0,8.866293048858633,4
Jordan Whittington,WR,2026,3,2026,17,14,0.0,1.251261830329895,False,91,0.0,6.864441156387323,4
Josh Cameron,WR,2026,3,2026,4,1,0.0,3.616044044494629,False,0,0.0,18.331803989410382,4
Josh Cameron,WR,2026,3,2026,5,2,0.0,3.565023899078369,False,7,0.0,17.72633638381957,4
Josh Cameron,WR,2026,3,2026,6,3,0.0,3.787991523742676,False,14,0.0,17.317220783233633,4
Josh Cameron,WR,2026,3,2026,7,4,0.0,3.9284749031066895,False,21,0.0,17.480027389526356,4
Josh Cameron,WR,2026,3,2026,8,5,0.0,4.036889553070068,False,28,0.0,16.979882168769834,4
Josh Cameron,WR,2026,3,2026,9,6,0.0,4.14869499206543,False,35,0.0,16.36538696289062,4
Josh Cameron,WR,2026,3,2026,10,7,0.0,4.332656383514404,False,42,0.0,15.946212482452388,4
Josh Cameron,WR,2026,3,2026,11,8,0.0,4.634662628173828,False,49,0.0,15.65159015655517,4
Josh Cameron,WR,2026,3,2026,12,9,0.0,4.954998970031738,False,56,0.0,14.860877418518038,4
Josh Cameron,WR,2026,3,2026,13,10,0.0,5.280540943145752,False,63,0.0,14.551513314247131,4
Josh Cameron,WR,2026,3,2026,14,11,0.0,5.491169452667236,False,70,0.0,14.493813848495474,4
Josh Cameron,WR,2026,3,2026,15,12,0.0,5.6259026527404785,False,77,0.0,14.072737503051751,4
Josh Cameron,WR,2026,3,2026,16,13,0.0,5.698330402374268,False,84,0.0,13.34531888961791,4
Josh Cameron,WR,2026,3,2026,17,14,0.0,5.727707386016846,False,91,0.0,11.340886712074273,4
Josh Downs,WR,2026,3,2026,4,1,0.0,9.277908325195312,False,0,0.0,23.993668270111066,4
Josh Downs,WR,2026,3,2026,5,2,0.0,9.100082397460938,False,7,0.0,23.26139488220214,4
Josh Downs,WR,2026,3,2026,6,3,0.0,9.735821723937988,False,14,0.0,23.265050983428946,4
Josh Downs,WR,2026,3,2026,7,4,0.0,10.499348640441895,False,21,0.0,24.05090112686156,4
Josh Downs,WR,2026,3,2026,8,5,0.0,11.388562202453613,False,28,0.0,24.33155481815338,4
Josh Downs,WR,2026,3,2026,9,6,0.0,12.105097770690918,False,35,0.0,24.32178974151611,4
Josh Downs,WR,2026,3,2026,10,7,0.0,12.568169593811035,False,42,0.0,24.18172569274902,4
Josh Downs,WR,2026,3,2026,11,8,0.0,12.876347541809082,False,49,0.0,23.893275070190423,4
Josh Downs,WR,2026,3,2026,12,9,0.0,13.046278953552246,False,56,0.0,22.952157402038544,4
Josh Downs,WR,2026,3,2026,13,10,0.0,13.194906234741211,False,63,0.0,22.46587860584259,4
Josh Downs,WR,2026,3,2026,14,11,0.0,13.228140830993652,False,70,0.0,22.23078522682189,4
Josh Downs,WR,2026,3,2026,15,12,0.0,13.180636405944824,False,77,0.0,21.627471256256097,4
Josh Downs,WR,2026,3,2026,16,13,0.0,13.126678466796875,False,84,0.0,20.773666954040518,4
Josh Downs,WR,2026,3,2026,17,14,0.0,13.0647611618042,False,91,0.0,18.677940487861626,4
Josh Palmer,WR,2026,3,2026,4,1,0.0,6.042459011077881,False,0,0.0,20.758218955993634,4
Josh Palmer,WR,2026,3,2026,5,2,0.0,5.818785190582275,False,7,0.0,19.980097675323478,4
Josh Palmer,WR,2026,3,2026,6,3,0.0,5.618506908416748,False,14,0.0,19.147736167907706,4
Josh Palmer,WR,2026,3,2026,7,4,0.0,5.4816155433654785,False,21,0.0,19.033168029785145,4
Josh Palmer,WR,2026,3,2026,8,5,0.0,5.373408794403076,False,28,0.0,18.31640141010284,4
Josh Palmer,WR,2026,3,2026,9,6,0.0,5.286657333374023,False,35,0.0,17.503349304199215,4
Josh Palmer,WR,2026,3,2026,10,7,0.0,5.226475238800049,False,42,0.0,16.840031337738033,4
Josh Palmer,WR,2026,3,2026,11,8,0.0,5.205037593841553,False,49,0.0,16.221965122222894,4
Josh Palmer,WR,2026,3,2026,12,9,0.0,5.08517599105835,False,56,0.0,14.99105443954465,4
Josh Palmer,WR,2026,3,2026,13,10,0.0,4.972091197967529,False,63,0.0,14.243063569068909,4
Josh Palmer,WR,2026,3,2026,14,11,0.0,4.904724597930908,False,70,0.0,13.907368993759146,4
Josh Palmer,WR,2026,3,2026,15,12,0.0,4.867112159729004,False,77,0.0,13.313947010040277,4
Josh Palmer,WR,2026,3,2026,16,13,0.0,4.839840412139893,False,84,0.0,12.486828899383536,4
Josh Palmer,WR,2026,3,2026,17,14,0.0,4.83413553237915,False,91,0.0,10.447314858436577,4
Josh Williams,RB,2026,3,2026,4,1,0.0,1.0504592657089233,False,0,0.0,15.766219210624676,4
Josh Williams,RB,2026,3,2026,5,2,0.0,1.1376758813858032,False,7,0.0,15.298988366127007,4
Josh Williams,RB,2026,3,2026,6,3,0.0,1.2121036052703857,False,14,0.0,14.741332864761343,4
Josh Williams,RB,2026,3,2026,7,4,0.0,1.1757354736328125,False,21,0.0,14.727287960052477,4
Josh Williams,RB,2026,3,2026,8,5,0.0,1.1603864431381226,False,28,0.0,14.103379058837888,4
Josh Williams,RB,2026,3,2026,9,6,0.0,1.156321406364441,False,35,0.0,13.373013377189633,4
Josh Williams,RB,2026,3,2026,10,7,0.0,1.1908135414123535,False,42,0.0,12.804369640350338,4
Josh Williams,RB,2026,3,2026,11,8,0.0,1.2458573579788208,False,49,0.0,12.262784886360162,4
Josh Williams,RB,2026,3,2026,12,9,0.0,1.2994096279144287,False,56,0.0,11.205288076400729,4
Josh Williams,RB,2026,3,2026,13,10,0.0,1.3400747776031494,False,63,0.0,10.611047148704529,4
Josh Williams,RB,2026,3,2026,14,11,0.0,1.357672929763794,False,70,0.0,10.360317325592032,4
Josh Williams,RB,2026,3,2026,15,12,0.0,1.4017506837844849,False,77,0.0,9.848585534095758,4
Josh Williams,RB,2026,3,2026,16,13,0.0,1.442247986793518,False,84,0.0,9.089236474037161,4
Josh Williams,RB,2026,3,2026,17,14,0.0,1.4786180257797241,False,91,0.0,7.091797351837152,4
Julius Chestnut,RB,2026,3,2026,4,1,0.0,1.0840405225753784,False,0,0.0,15.799800467491131,4
Julius Chestnut,RB,2026,3,2026,5,2,0.0,1.1466065645217896,False,7,0.0,15.307919049262994,4
Julius Chestnut,RB,2026,3,2026,6,3,0.0,1.19191312789917,False,14,0.0,14.721142387390127,4
Julius Chestnut,RB,2026,3,2026,7,4,0.0,1.134207010269165,False,21,0.0,14.68575949668883,4
Julius Chestnut,RB,2026,3,2026,8,5,0.0,1.1093792915344238,False,28,0.0,14.052371907234189,4
Julius Chestnut,RB,2026,3,2026,9,6,0.0,1.1013736724853516,False,35,0.0,13.318065643310543,4
Julius Chestnut,RB,2026,3,2026,10,7,0.0,1.1241426467895508,False,42,0.0,12.737698745727535,4
Julius Chestnut,RB,2026,3,2026,11,8,0.0,1.160758137702942,False,49,0.0,12.177685666084283,4
Julius Chestnut,RB,2026,3,2026,12,9,0.0,1.1987537145614624,False,56,0.0,11.104632163047762,4
Julius Chestnut,RB,2026,3,2026,13,10,0.0,1.230512022972107,False,63,0.0,10.501484394073486,4
Julius Chestnut,RB,2026,3,2026,14,11,0.0,1.2426897287368774,False,70,0.0,10.245334124565115,4
Julius Chestnut,RB,2026,3,2026,15,12,0.0,1.2839245796203613,False,77,0.0,9.730759429931634,4
Julius Chestnut,RB,2026,3,2026,16,13,0.0,1.3225592374801636,False,84,0.0,8.969547724723807,4
Julius Chestnut,RB,2026,3,2026,17,14,0.0,1.3566666841506958,False,91,0.0,6.969846010208124,4
Justice Hill,RB,2026,3,2026,4,1,0.0,2.941826820373535,False,0,0.0,17.657586765289288,4
Justice Hill,RB,2026,3,2026,5,2,0.0,2.9437475204467773,False,7,0.0,17.10506000518798,4
Justice Hill,RB,2026,3,2026,6,3,0.0,3.1400482654571533,False,14,0.0,16.66927752494811,4
Justice Hill,RB,2026,3,2026,7,4,0.0,3.290032386779785,False,21,0.0,16.84158487319945,4
Justice Hill,RB,2026,3,2026,8,5,0.0,3.4061899185180664,False,28,0.0,16.34918253421783,4
Justice Hill,RB,2026,3,2026,9,6,0.0,3.52468204498291,False,35,0.0,15.741374015808102,4
Justice Hill,RB,2026,3,2026,10,7,0.0,3.737619161605835,False,42,0.0,15.351175260543819,4
Justice Hill,RB,2026,3,2026,11,8,0.0,4.116759300231934,False,49,0.0,15.133686828613275,4
Justice Hill,RB,2026,3,2026,12,9,0.0,4.540455341339111,False,56,0.0,14.446333789825411,4
Justice Hill,RB,2026,3,2026,13,10,0.0,5.021277904510498,False,63,0.0,14.292250275611877,4
Justice Hill,RB,2026,3,2026,14,11,0.0,5.406937599182129,False,70,0.0,14.409581995010367,4
Justice Hill,RB,2026,3,2026,15,12,0.0,5.682532787322998,False,77,0.0,14.129367637634271,4
Justice Hill,RB,2026,3,2026,16,13,0.0,5.835958480834961,False,84,0.0,13.482946968078604,4
Justice Hill,RB,2026,3,2026,17,14,0.0,5.907881259918213,False,91,0.0,11.52106058597564,4
Justin Jefferson,WR,2026,3,2026,4,1,0.0,11.43355655670166,False,0,0.33494110107421804,26.149316501617413,4
Justin Jefferson,WR,2026,3,2026,5,2,0.0,11.887200355529785,False,7,0.0,26.048512840270988,4
Justin Jefferson,WR,2026,3,2026,6,3,0.0,12.630118370056152,False,14,0.0,26.15934762954711,4
Justin Jefferson,WR,2026,3,2026,7,4,0.0,13.182665824890137,False,21,0.0,26.734218311309803,4
Justin Jefferson,WR,2026,3,2026,8,5,0.0,13.540444374084473,False,28,0.0,26.483436989784238,4
Justin Jefferson,WR,2026,3,2026,9,6,0.0,13.80940055847168,False,35,0.0,26.02609252929687,4
Justin Jefferson,WR,2026,3,2026,10,7,0.0,14.046154975891113,False,42,0.0,25.659711074829097,4
Justin Jefferson,WR,2026,3,2026,11,8,0.0,14.239550590515137,False,49,0.0,25.256478118896478,4
Justin Jefferson,WR,2026,3,2026,12,9,0.0,14.344958305358887,False,56,0.0,24.250836753845185,4
Justin Jefferson,WR,2026,3,2026,13,10,0.0,14.424969673156738,False,63,0.0,23.695942044258118,4
Justin Jefferson,WR,2026,3,2026,14,11,0.0,14.421098709106445,False,70,0.0,23.423743104934683,4
Justin Jefferson,WR,2026,3,2026,15,12,0.0,14.379162788391113,False,77,0.0,22.825997638702386,4
Justin Jefferson,WR,2026,3,2026,16,13,0.0,14.343643188476562,False,84,0.0,21.990631675720206,4
Justin Jefferson,WR,2026,3,2026,17,14,0.0,14.295119285583496,False,91,0.0,19.908298611640923,4
KC Concepcion,WR,2026,3,2026,4,1,0.0,4.074640274047852,False,0,0.0,18.790400218963605,4
KC Concepcion,WR,2026,3,2026,5,2,0.0,3.9025254249572754,False,7,0.0,18.063837909698478,4
KC Concepcion,WR,2026,3,2026,6,3,0.0,4.0254058837890625,False,14,0.0,17.55463514328002,4
KC Concepcion,WR,2026,3,2026,7,4,0.0,4.214128017425537,False,21,0.0,17.765680503845203,4
KC Concepcion,WR,2026,3,2026,8,5,0.0,4.404366970062256,False,28,0.0,17.34735958576202,4
KC Concepcion,WR,2026,3,2026,9,6,0.0,4.621325969696045,False,35,0.0,16.838017940521237,4
KC Concepcion,WR,2026,3,2026,10,7,0.0,4.9653849601745605,False,42,0.0,16.578941059112545,4
KC Concepcion,WR,2026,3,2026,11,8,0.0,5.498751163482666,False,49,0.0,16.515678691864007,4
KC Concepcion,WR,2026,3,2026,12,9,0.0,6.096944332122803,False,56,0.0,16.0028227806091,4
KC Concepcion,WR,2026,3,2026,13,10,0.0,6.777324676513672,False,63,0.0,16.04829704761505,4
KC Concepcion,WR,2026,3,2026,14,11,0.0,7.31912899017334,False,70,0.0,16.321773386001578,4
KC Concepcion,WR,2026,3,2026,15,12,0.0,7.640905380249023,False,77,0.0,16.087740230560296,4
KC Concepcion,WR,2026,3,2026,16,13,0.0,7.767788410186768,False,84,0.0,15.41477689743041,4
KC Concepcion,WR,2026,3,2026,17,14,0.0,7.764073848724365,False,91,0.0,13.377253174781792,4
KaVontae Turpin,WR,2026,3,2026,4,1,0.0,7.186706066131592,False,0,0.0,21.902466011047345,4
KaVontae Turpin,WR,2026,3,2026,5,2,0.0,6.856961250305176,False,7,0.0,21.018273735046378,4
KaVontae Turpin,WR,2026,3,2026,6,3,0.0,6.607569217681885,False,14,0.0,20.136798477172842,4
KaVontae Turpin,WR,2026,3,2026,7,4,0.0,6.485326766967773,False,21,0.0,20.03687925338744,4
KaVontae Turpin,WR,2026,3,2026,8,5,0.0,6.442118167877197,False,28,0.0,19.385110783576962,4
KaVontae Turpin,WR,2026,3,2026,9,6,0.0,6.439966201782227,False,35,0.0,18.65665817260742,4
KaVontae Turpin,WR,2026,3,2026,10,7,0.0,6.4609551429748535,False,42,0.0,18.074511241912838,4
KaVontae Turpin,WR,2026,3,2026,11,8,0.0,6.488746166229248,False,49,0.0,17.50567369461059,4
KaVontae Turpin,WR,2026,3,2026,12,9,0.0,6.384741306304932,False,56,0.0,16.29061975479123,4
KaVontae Turpin,WR,2026,3,2026,13,10,0.0,6.245397090911865,False,63,0.0,15.516369462013245,4
KaVontae Turpin,WR,2026,3,2026,14,11,0.0,6.133111953735352,False,70,0.0,15.13575634956359,4
KaVontae Turpin,WR,2026,3,2026,15,12,0.0,6.04785680770874,False,77,0.0,14.494691658020013,4
KaVontae Turpin,WR,2026,3,2026,16,13,0.0,5.977808952331543,False,84,0.0,13.624797439575186,4
KaVontae Turpin,WR,2026,3,2026,17,14,0.0,5.94163179397583,False,91,0.0,11.554811120033257,4
Kaden Davis,WR,2026,3,2026,4,1,0.0,1.5266988277435303,False,0,0.0,16.242458772659283,4
Kaden Davis,WR,2026,3,2026,5,2,0.0,1.5116617679595947,False,7,0.0,15.672974252700799,4
Kaden Davis,WR,2026,3,2026,6,3,0.0,1.5506702661514282,False,14,0.0,15.079899525642386,4
Kaden Davis,WR,2026,3,2026,7,4,0.0,1.511173129081726,False,21,0.0,15.06272561550139,4
Kaden Davis,WR,2026,3,2026,8,5,0.0,1.4854968786239624,False,28,0.0,14.428489494323728,4
Kaden Davis,WR,2026,3,2026,9,6,0.0,1.438285231590271,False,35,0.0,13.654977202415463,4
Kaden Davis,WR,2026,3,2026,10,7,0.0,1.4271483421325684,False,42,0.0,13.040704441070552,4
Kaden Davis,WR,2026,3,2026,11,8,0.0,1.4559193849563599,False,49,0.0,12.472846913337701,4
Kaden Davis,WR,2026,3,2026,12,9,0.0,1.4883109331130981,False,56,0.0,11.394189381599398,4
Kaden Davis,WR,2026,3,2026,13,10,0.0,1.518377423286438,False,63,0.0,10.789349794387817,4
Kaden Davis,WR,2026,3,2026,14,11,0.0,1.5268064737319946,False,70,0.0,10.529450869560232,4
Kaden Davis,WR,2026,3,2026,15,12,0.0,1.5626205205917358,False,77,0.0,10.009455370903009,4
Kaden Davis,WR,2026,3,2026,16,13,0.0,1.593572735786438,False,84,0.0,9.240561223030081,4
Kaden Davis,WR,2026,3,2026,17,14,0.0,1.623770833015442,False,91,0.0,7.23695015907287,4
Kaden Wetjen,WR,2026,3,2026,4,1,0.0,1.295511245727539,False,0,0.0,16.011271190643292,4
Kaden Wetjen,WR,2026,3,2026,5,2,0.0,1.3335598707199097,False,7,0.0,15.494872355461114,4
Kaden Wetjen,WR,2026,3,2026,6,3,0.0,1.4941906929016113,False,14,0.0,15.023419952392569,4
Kaden Wetjen,WR,2026,3,2026,7,4,0.0,1.5296951532363892,False,21,0.0,15.081247639656054,4
Kaden Wetjen,WR,2026,3,2026,8,5,0.0,1.559962272644043,False,28,0.0,14.502954888343808,4
Kaden Wetjen,WR,2026,3,2026,9,6,0.0,1.5869280099868774,False,35,0.0,13.80361998081207,4
Kaden Wetjen,WR,2026,3,2026,10,7,0.0,1.6688283681869507,False,42,0.0,13.282384467124935,4
Kaden Wetjen,WR,2026,3,2026,11,8,0.0,1.8021868467330933,False,49,0.0,12.819114375114435,4
Kaden Wetjen,WR,2026,3,2026,12,9,0.0,1.9412115812301636,False,56,0.0,11.847090029716464,4
Kaden Wetjen,WR,2026,3,2026,13,10,0.0,2.0543606281280518,False,63,0.0,11.325332999229431,4
Kaden Wetjen,WR,2026,3,2026,14,11,0.0,2.113743543624878,False,70,0.0,11.116387939453116,4
Kaden Wetjen,WR,2026,3,2026,15,12,0.0,2.1844754219055176,False,77,0.0,10.63131027221679,4
Kaden Wetjen,WR,2026,3,2026,16,13,0.0,2.241042137145996,False,84,0.0,9.88803062438964,4
Kaden Wetjen,WR,2026,3,2026,17,14,0.0,2.2843360900878906,False,91,0.0,7.8975154161453185,4
Kaelon Black,RB,2026,3,2026,4,1,0.0,4.409411907196045,False,0,0.0,19.125171852111798,4
Kaelon Black,RB,2026,3,2026,5,2,0.0,4.345104217529297,False,7,0.0,18.5064167022705,4
Kaelon Black,RB,2026,3,2026,6,3,0.0,4.647815227508545,False,14,0.0,18.177044486999502,4
Kaelon Black,RB,2026,3,2026,7,4,0.0,4.943995952606201,False,21,0.0,18.495548439025868,4
Kaelon Black,RB,2026,3,2026,8,5,0.0,5.1865315437316895,False,28,0.0,18.129524159431455,4
Kaelon Black,RB,2026,3,2026,9,6,0.0,5.443118572235107,False,35,0.0,17.6598105430603,4
Kaelon Black,RB,2026,3,2026,10,7,0.0,5.829324245452881,False,42,0.0,17.442880344390865,4
Kaelon Black,RB,2026,3,2026,11,8,0.0,6.3857645988464355,False,49,0.0,17.402692127227777,4
Kaelon Black,RB,2026,3,2026,12,9,0.0,6.928657054901123,False,56,0.0,16.83453550338742,4
Kaelon Black,RB,2026,3,2026,13,10,0.0,7.484243869781494,False,63,0.0,16.755216240882874,4
Kaelon Black,RB,2026,3,2026,14,11,0.0,7.871835231781006,False,70,0.0,16.874479627609244,4
Kaelon Black,RB,2026,3,2026,15,12,0.0,8.059938430786133,False,77,0.0,16.506773281097406,4
Kaelon Black,RB,2026,3,2026,16,13,0.0,8.10763931274414,False,84,0.0,15.754627799987784,4
Kaelon Black,RB,2026,3,2026,17,14,0.0,8.095340728759766,False,91,0.0,13.708520054817193,4
Kaleb Johnson,RB,2026,3,2026,4,1,0.0,4.013558864593506,False,0,0.0,18.72931880950926,4
Kaleb Johnson,RB,2026,3,2026,5,2,0.0,3.826577663421631,False,7,0.0,17.987890148162833,4
Kaleb Johnson,RB,2026,3,2026,6,3,0.0,3.727774143218994,False,14,0.0,17.25700340270995,4
Kaleb Johnson,RB,2026,3,2026,7,4,0.0,3.639199733734131,False,21,0.0,17.190752220153797,4
Kaleb Johnson,RB,2026,3,2026,8,5,0.0,3.5662648677825928,False,28,0.0,16.509257483482358,4
Kaleb Johnson,RB,2026,3,2026,9,6,0.0,3.479160785675049,False,35,0.0,15.69585275650024,4
Kaleb Johnson,RB,2026,3,2026,10,7,0.0,3.3969051837921143,False,42,0.0,15.010461282730098,4
Kaleb Johnson,RB,2026,3,2026,11,8,0.0,3.3756611347198486,False,49,0.0,14.39258866310119,4
Kaleb Johnson,RB,2026,3,2026,12,9,0.0,3.318955898284912,False,56,0.0,13.224834346771212,4
Kaleb Johnson,RB,2026,3,2026,13,10,0.0,3.30757474899292,False,63,0.0,12.5785471200943,4
Kaleb Johnson,RB,2026,3,2026,14,11,0.0,3.312722682952881,False,70,0.0,12.315367078781119,4
Kaleb Johnson,RB,2026,3,2026,15,12,0.0,3.3333334922790527,False,77,0.0,11.780168342590326,4
Kaleb Johnson,RB,2026,3,2026,16,13,0.0,3.340427875518799,False,84,0.0,10.987416362762442,4
Kaleb Johnson,RB,2026,3,2026,17,14,0.0,3.3534135818481445,False,91,0.0,8.966592907905572,4
Kalif Raymond,WR,2026,3,2026,4,1,0.0,7.872661113739014,False,0,0.0,22.588421058654767,4
Kalif Raymond,WR,2026,3,2026,5,2,0.0,7.41643762588501,False,7,0.0,21.577750110626212,4
Kalif Raymond,WR,2026,3,2026,6,3,0.0,7.040096759796143,False,14,0.0,20.5693260192871,4
Kalif Raymond,WR,2026,3,2026,7,4,0.0,6.908660888671875,False,21,0.0,20.46021337509154,4
Kalif Raymond,WR,2026,3,2026,8,5,0.0,6.9030232429504395,False,28,0.0,19.846015858650205,4
Kalif Raymond,WR,2026,3,2026,9,6,0.0,6.978241443634033,False,35,0.0,19.194933414459225,4
Kalif Raymond,WR,2026,3,2026,10,7,0.0,7.150129795074463,False,42,0.0,18.763685894012447,4
Kalif Raymond,WR,2026,3,2026,11,8,0.0,7.415221691131592,False,49,0.0,18.432149219512933,4
Kalif Raymond,WR,2026,3,2026,12,9,0.0,7.57827615737915,False,56,0.0,17.48415460586545,4
Kalif Raymond,WR,2026,3,2026,13,10,0.0,7.666107654571533,False,63,0.0,16.937080025672913,4
Kalif Raymond,WR,2026,3,2026,14,11,0.0,7.672431945800781,False,70,0.0,16.67507634162902,4
Kalif Raymond,WR,2026,3,2026,15,12,0.0,7.634213924407959,False,77,0.0,16.081048774719232,4
Kalif Raymond,WR,2026,3,2026,16,13,0.0,7.584721565246582,False,84,0.0,15.231710052490225,4
Kalif Raymond,WR,2026,3,2026,17,14,0.0,7.526134014129639,False,91,0.0,13.139313340187066,4
Kameron Johnson,WR,2026,3,2026,4,1,0.0,0.9761415719985962,False,0,0.0,15.69190151691435,4
Kameron Johnson,WR,2026,3,2026,5,2,0.0,1.0714503526687622,False,7,0.0,15.232762837409966,4
Kameron Johnson,WR,2026,3,2026,6,3,0.0,1.1381793022155762,False,14,0.0,14.667408561706534,4
Kameron Johnson,WR,2026,3,2026,7,4,0.0,1.095296025276184,False,21,0.0,14.646848511695849,4
Kameron Johnson,WR,2026,3,2026,8,5,0.0,1.0776419639587402,False,28,0.0,14.020634579658505,4
Kameron Johnson,WR,2026,3,2026,9,6,0.0,1.0699738264083862,False,35,0.0,13.286665797233578,4
Kameron Johnson,WR,2026,3,2026,10,7,0.0,1.0937657356262207,False,42,0.0,12.707321834564205,4
Kameron Johnson,WR,2026,3,2026,11,8,0.0,1.133596420288086,False,49,0.0,12.150523948669427,4
Kameron Johnson,WR,2026,3,2026,12,9,0.0,1.176167368888855,False,56,0.0,11.082045817375155,4
Kameron Johnson,WR,2026,3,2026,13,10,0.0,1.209533452987671,False,63,0.0,10.48050582408905,4
Kameron Johnson,WR,2026,3,2026,14,11,0.0,1.2230949401855469,False,70,0.0,10.225739336013785,4
Kameron Johnson,WR,2026,3,2026,15,12,0.0,1.2640736103057861,False,77,0.0,9.710908460617059,4
Kameron Johnson,WR,2026,3,2026,16,13,0.0,1.3030191659927368,False,84,0.0,8.95000765323638,4
Kameron Johnson,WR,2026,3,2026,17,14,0.0,1.3388515710830688,False,91,0.0,6.952030897140497,4
Kayshon Boutte,WR,2026,3,2026,4,1,0.0,5.260377883911133,False,0,0.0,19.976137828826886,4
Kayshon Boutte,WR,2026,3,2026,5,2,0.0,5.2862324714660645,False,7,0.0,19.447544956207267,4
Kayshon Boutte,WR,2026,3,2026,6,3,0.0,5.630398273468018,False,14,0.0,19.159627532958975,4
Kayshon Boutte,WR,2026,3,2026,7,4,0.0,5.911180019378662,False,21,0.0,19.46273250579833,4
Kayshon Boutte,WR,2026,3,2026,8,5,0.0,6.156069278717041,False,28,0.0,19.099061894416806,4
Kayshon Boutte,WR,2026,3,2026,9,6,0.0,6.451712131500244,False,35,0.0,18.668404102325436,4
Kayshon Boutte,WR,2026,3,2026,10,7,0.0,6.887881278991699,False,42,0.0,18.501437377929683,4
Kayshon Boutte,WR,2026,3,2026,11,8,0.0,7.493404388427734,False,49,0.0,18.510331916809076,4
Kayshon Boutte,WR,2026,3,2026,12,9,0.0,8.063934326171875,False,56,0.0,17.969812774658173,4
Kayshon Boutte,WR,2026,3,2026,13,10,0.0,8.517899513244629,False,63,0.0,17.78887188434601,4
Kayshon Boutte,WR,2026,3,2026,14,11,0.0,8.735028266906738,False,70,0.0,17.737672662734976,4
Kayshon Boutte,WR,2026,3,2026,15,12,0.0,8.787625312805176,False,77,0.0,17.23446016311645,4
Kayshon Boutte,WR,2026,3,2026,16,13,0.0,8.772724151611328,False,84,0.0,16.41971263885497,4
Kayshon Boutte,WR,2026,3,2026,17,14,0.0,8.720489501953125,False,91,0.0,14.333668828010552,4
Kaytron Allen,RB,2026,3,2026,4,1,0.0,2.0097708702087402,False,0,0.0,16.725530815124493,4
Kaytron Allen,RB,2026,3,2026,5,2,0.0,1.9754142761230469,False,7,0.0,16.13672676086425,4
Kaytron Allen,RB,2026,3,2026,6,3,0.0,2.14219331741333,False,14,0.0,15.671422576904288,4
Kaytron Allen,RB,2026,3,2026,7,4,0.0,2.200014591217041,False,21,0.0,15.751567077636706,4
Kaytron Allen,RB,2026,3,2026,8,5,0.0,2.24666166305542,False,28,0.0,15.189654278755185,4
Kaytron Allen,RB,2026,3,2026,9,6,0.0,2.3088927268981934,False,35,0.0,14.525584697723385,4
Kaytron Allen,RB,2026,3,2026,10,7,0.0,2.4511196613311768,False,42,0.0,14.06467576026916,4
Kaytron Allen,RB,2026,3,2026,11,8,0.0,2.6697323322296143,False,49,0.0,13.686659860610956,4
Kaytron Allen,RB,2026,3,2026,12,9,0.0,2.893160820007324,False,56,0.0,12.799039268493624,4
Kaytron Allen,RB,2026,3,2026,13,10,0.0,3.1020989418029785,False,63,0.0,12.373071312904358,4
Kaytron Allen,RB,2026,3,2026,14,11,0.0,3.2204580307006836,False,70,0.0,12.223102426528921,4
Kaytron Allen,RB,2026,3,2026,15,12,0.0,3.319833755493164,False,77,0.0,11.766668605804437,4
Kaytron Allen,RB,2026,3,2026,16,13,0.0,3.381985902786255,False,84,0.0,11.028974390029898,4
Kaytron Allen,RB,2026,3,2026,17,14,0.0,3.420955181121826,False,91,0.0,9.034134507179253,4
Ke'Shawn Williams,WR,2026,3,2026,4,1,0.0,0.8855061531066895,False,0,0.0,15.601266098022442,4
Ke'Shawn Williams,WR,2026,3,2026,5,2,0.0,1.013042688369751,False,7,0.0,15.174355173110955,4
Ke'Shawn Williams,WR,2026,3,2026,6,3,0.0,1.1182655096054077,False,14,0.0,14.647494769096365,4
Ke'Shawn Williams,WR,2026,3,2026,7,4,0.0,1.098539113998413,False,21,0.0,14.650091600418078,4
Ke'Shawn Williams,WR,2026,3,2026,8,5,0.0,1.1003204584121704,False,28,0.0,14.043313074111936,4
Ke'Shawn Williams,WR,2026,3,2026,9,6,0.0,1.1057112216949463,False,35,0.0,13.322403192520138,4
Ke'Shawn Williams,WR,2026,3,2026,10,7,0.0,1.1387360095977783,False,42,0.0,12.752292108535762,4
Ke'Shawn Williams,WR,2026,3,2026,11,8,0.0,1.184707760810852,False,49,0.0,12.201635289192193,4
Ke'Shawn Williams,WR,2026,3,2026,12,9,0.0,1.2322832345962524,False,56,0.0,11.138161683082552,4
Ke'Shawn Williams,WR,2026,3,2026,13,10,0.0,1.2694157361984253,False,63,0.0,10.540388107299805,4
Ke'Shawn Williams,WR,2026,3,2026,14,11,0.0,1.284496784210205,False,70,0.0,10.287141180038443,4
Ke'Shawn Williams,WR,2026,3,2026,15,12,0.0,1.3265037536621094,False,77,0.0,9.773338603973382,4
Ke'Shawn Williams,WR,2026,3,2026,16,13,0.0,1.367872714996338,False,84,0.0,9.014861202239981,4
Ke'Shawn Williams,WR,2026,3,2026,17,14,0.0,1.4050328731536865,False,91,0.0,7.018212199211114,4
KeAndre Lambert-Smith,WR,2026,3,2026,4,1,0.0,1.371109962463379,False,0,0.0,16.086869907379132,4
KeAndre Lambert-Smith,WR,2026,3,2026,5,2,0.0,1.4292389154434204,False,7,0.0,15.590551400184625,4
KeAndre Lambert-Smith,WR,2026,3,2026,6,3,0.0,1.563909649848938,False,14,0.0,15.093138909339896,4
KeAndre Lambert-Smith,WR,2026,3,2026,7,4,0.0,1.577140212059021,False,21,0.0,15.128692698478686,4
KeAndre Lambert-Smith,WR,2026,3,2026,8,5,0.0,1.5960829257965088,False,28,0.0,14.539075541496274,4
KeAndre Lambert-Smith,WR,2026,3,2026,9,6,0.0,1.6146544218063354,False,35,0.0,13.831346392631527,4
KeAndre Lambert-Smith,WR,2026,3,2026,10,7,0.0,1.6789308786392212,False,42,0.0,13.292486977577205,4
KeAndre Lambert-Smith,WR,2026,3,2026,11,8,0.0,1.7745479345321655,False,49,0.0,12.791475462913507,4
KeAndre Lambert-Smith,WR,2026,3,2026,12,9,0.0,1.8571010828018188,False,56,0.0,11.762979531288119,4
KeAndre Lambert-Smith,WR,2026,3,2026,13,10,0.0,1.9209800958633423,False,63,0.0,11.191952466964722,4
KeAndre Lambert-Smith,WR,2026,3,2026,14,11,0.0,1.9495763778686523,False,70,0.0,10.95222077369689,4
KeAndre Lambert-Smith,WR,2026,3,2026,15,12,0.0,1.999527096748352,False,77,0.0,10.446361947059625,4
KeAndre Lambert-Smith,WR,2026,3,2026,16,13,0.0,2.0432474613189697,False,84,0.0,9.690235948562613,4
KeAndre Lambert-Smith,WR,2026,3,2026,17,14,0.0,2.079686403274536,False,91,0.0,7.692865729331964,4
Keaton Mitchell,RB,2026,3,2026,4,1,0.0,4.4491753578186035,False,0,0.0,19.164935302734357,4
Keaton Mitchell,RB,2026,3,2026,5,2,0.0,4.531113624572754,False,7,0.0,18.692426109313956,4
Keaton Mitchell,RB,2026,3,2026,6,3,0.0,4.946462154388428,False,14,0.0,18.475691413879385,4
Keaton Mitchell,RB,2026,3,2026,7,4,0.0,5.322420597076416,False,21,0.0,18.873973083496082,4
Keaton Mitchell,RB,2026,3,2026,8,5,0.0,5.613189220428467,False,28,0.0,18.556181836128232,4
Keaton Mitchell,RB,2026,3,2026,9,6,0.0,5.8832478523254395,False,35,0.0,18.09993982315063,4
Keaton Mitchell,RB,2026,3,2026,10,7,0.0,6.2531819343566895,False,42,0.0,17.866738033294673,4
Keaton Mitchell,RB,2026,3,2026,11,8,0.0,6.789929389953613,False,49,0.0,17.806856918334955,4
Keaton Mitchell,RB,2026,3,2026,12,9,0.0,7.379115104675293,False,56,0.0,17.28499355316159,4
Keaton Mitchell,RB,2026,3,2026,13,10,0.0,7.971154689788818,False,63,0.0,17.242127060890198,4
Keaton Mitchell,RB,2026,3,2026,14,11,0.0,8.347129821777344,False,70,0.0,17.34977421760558,4
Keaton Mitchell,RB,2026,3,2026,15,12,0.0,8.507518768310547,False,77,0.0,16.95435361862182,4
Keaton Mitchell,RB,2026,3,2026,16,13,0.0,8.536996841430664,False,84,0.0,16.183985328674307,4
Keaton Mitchell,RB,2026,3,2026,17,14,0.0,8.50670337677002,False,91,0.0,14.119882702827447,4
Keenan Allen,WR,2026,3,2026,4,1,0.0,9.858198165893555,False,0,0.0,24.573958110809308,4
Keenan Allen,WR,2026,3,2026,5,2,0.0,10.012520790100098,False,7,0.0,24.1738332748413,4
Keenan Allen,WR,2026,3,2026,6,3,0.0,10.304398536682129,False,14,0.0,23.833627796173086,4
Keenan Allen,WR,2026,3,2026,7,4,0.0,10.666197776794434,False,21,0.0,24.2177502632141,4
Keenan Allen,WR,2026,3,2026,8,5,0.0,10.92594051361084,False,28,0.0,23.868933129310605,4
Keenan Allen,WR,2026,3,2026,9,6,0.0,11.089068412780762,False,35,0.0,23.305760383605953,4
Keenan Allen,WR,2026,3,2026,10,7,0.0,11.244841575622559,False,42,0.0,22.858397674560543,4
Keenan Allen,WR,2026,3,2026,11,8,0.0,11.40185832977295,False,49,0.0,22.41878585815429,4
Keenan Allen,WR,2026,3,2026,12,9,0.0,11.463229179382324,False,56,0.0,21.369107627868623,4
Keenan Allen,WR,2026,3,2026,13,10,0.0,11.484612464904785,False,63,0.0,20.755584836006165,4
Keenan Allen,WR,2026,3,2026,14,11,0.0,11.432772636413574,False,70,0.0,20.435417032241812,4
Keenan Allen,WR,2026,3,2026,15,12,0.0,11.33614444732666,False,77,0.0,19.782979297637933,4
Keenan Allen,WR,2026,3,2026,16,13,0.0,11.242383003234863,False,84,0.0,18.889371490478506,4
Keenan Allen,WR,2026,3,2026,17,14,0.0,11.156244277954102,False,91,0.0,16.76942360401153,4
Kendre Miller,RB,2026,3,2026,4,1,0.0,8.613694190979004,False,0,0.0,23.329454135894757,4
Kendre Miller,RB,2026,3,2026,5,2,0.0,8.860452651977539,False,7,0.0,23.02176513671874,4
Kendre Miller,RB,2026,3,2026,6,3,0.0,8.940131187438965,False,14,0.0,22.469360446929922,4
Kendre Miller,RB,2026,3,2026,7,4,0.0,9.007347106933594,False,21,0.0,22.55889959335326,4
Kendre Miller,RB,2026,3,2026,8,5,0.0,9.003458976745605,False,28,0.0,21.94645159244537,4
Kendre Miller,RB,2026,3,2026,9,6,0.0,8.903350830078125,False,35,0.0,21.120042800903317,4
Kendre Miller,RB,2026,3,2026,10,7,0.0,8.726532936096191,False,42,0.0,20.340089035034175,4
Kendre Miller,RB,2026,3,2026,11,8,0.0,8.469053268432617,False,49,0.0,19.48598079681396,4
Kendre Miller,RB,2026,3,2026,12,9,0.0,8.086661338806152,False,56,0.0,17.99253978729245,4
Kendre Miller,RB,2026,3,2026,13,10,0.0,7.7300944328308105,False,63,0.0,17.00106680393219,4
Kendre Miller,RB,2026,3,2026,14,11,0.0,7.478365421295166,False,70,0.0,16.481009817123404,4
Kendre Miller,RB,2026,3,2026,15,12,0.0,7.3019561767578125,False,77,0.0,15.748791027069085,4
Kendre Miller,RB,2026,3,2026,16,13,0.0,7.172993183135986,False,84,0.0,14.81998167037963,4
Kendre Miller,RB,2026,3,2026,17,14,0.0,7.100573539733887,False,91,0.0,12.713752865791314,4
Kendrick Bourne,WR,2026,3,2026,4,1,0.0,5.794707775115967,False,0,0.0,20.51046772003172,4
Kendrick Bourne,WR,2026,3,2026,5,2,0.0,5.4643354415893555,False,7,0.0,19.625647926330558,4
Kendrick Bourne,WR,2026,3,2026,6,3,0.0,5.2653303146362305,False,14,0.0,18.794559574127188,4
Kendrick Bourne,WR,2026,3,2026,7,4,0.0,5.145812034606934,False,21,0.0,18.6973645210266,4
Kendrick Bourne,WR,2026,3,2026,8,5,0.0,5.076898097991943,False,28,0.0,18.01989071369171,4
Kendrick Bourne,WR,2026,3,2026,9,6,0.0,5.045297622680664,False,35,0.0,17.261989593505856,4
Kendrick Bourne,WR,2026,3,2026,10,7,0.0,5.0700154304504395,False,42,0.0,16.683571529388423,4
Kendrick Bourne,WR,2026,3,2026,11,8,0.0,5.171639442443848,False,49,0.0,16.18856697082519,4
Kendrick Bourne,WR,2026,3,2026,12,9,0.0,5.1859307289123535,False,56,0.0,15.091809177398654,4
Kendrick Bourne,WR,2026,3,2026,13,10,0.0,5.166440963745117,False,63,0.0,14.437413334846497,4
Kendrick Bourne,WR,2026,3,2026,14,11,0.0,5.140753269195557,False,70,0.0,14.143397665023794,4
Kendrick Bourne,WR,2026,3,2026,15,12,0.0,5.121917247772217,False,77,0.0,13.56875209808349,4
Kendrick Bourne,WR,2026,3,2026,16,13,0.0,5.10291051864624,False,84,0.0,12.749899005889883,4
Kendrick Bourne,WR,2026,3,2026,17,14,0.0,5.096514701843262,False,91,0.0,10.709694027900689,4
Kene Nwangwu,RB,2026,3,2026,4,1,0.0,1.4538518190383911,False,0,0.0,16.169611763954144,4
Kene Nwangwu,RB,2026,3,2026,5,2,0.0,1.4674400091171265,False,7,0.0,15.62875249385833,4
Kene Nwangwu,RB,2026,3,2026,6,3,0.0,1.5254358053207397,False,14,0.0,15.054665064811697,4
Kene Nwangwu,RB,2026,3,2026,7,4,0.0,1.4896879196166992,False,21,0.0,15.041240406036364,4
Kene Nwangwu,RB,2026,3,2026,8,5,0.0,1.4771389961242676,False,28,0.0,14.420131611824033,4
Kene Nwangwu,RB,2026,3,2026,9,6,0.0,1.4895236492156982,False,35,0.0,13.70621562004089,4
Kene Nwangwu,RB,2026,3,2026,10,7,0.0,1.5704911947250366,False,42,0.0,13.18404729366302,4
Kene Nwangwu,RB,2026,3,2026,11,8,0.0,1.6970125436782837,False,49,0.0,12.713940072059625,4
Kene Nwangwu,RB,2026,3,2026,12,9,0.0,1.8171035051345825,False,56,0.0,11.722981953620883,4
Kene Nwangwu,RB,2026,3,2026,13,10,0.0,1.9103436470031738,False,63,0.0,11.181316018104553,4
Kene Nwangwu,RB,2026,3,2026,14,11,0.0,1.9597939252853394,False,70,0.0,10.962438321113577,4
Kene Nwangwu,RB,2026,3,2026,15,12,0.0,2.026859760284424,False,77,0.0,10.473694610595697,4
Kene Nwangwu,RB,2026,3,2026,16,13,0.0,2.0784080028533936,False,84,0.0,9.725396490097037,4
Kene Nwangwu,RB,2026,3,2026,17,14,0.0,2.116440773010254,False,91,0.0,7.729620099067682,4
Kenneth Walker III,RB,2026,3,2026,4,1,0.0,13.834855079650879,False,0,2.736239624023437,28.550615024566632,4
Kenneth Walker III,RB,2026,3,2026,5,2,0.0,14.15955638885498,False,7,0.49226217269897354,28.320868873596183,4
Kenneth Walker III,RB,2026,3,2026,6,3,0.0,14.552716255187988,False,14,0.4251309394836422,28.081945514678946,4
Kenneth Walker III,RB,2026,3,2026,7,4,0.0,15.020919799804688,False,21,0.7331655502319343,28.572472286224354,4
Kenneth Walker III,RB,2026,3,2026,8,5,0.0,15.487808227539062,False,28,1.049357986450195,28.430800843238828,4
Kenneth Walker III,RB,2026,3,2026,9,6,0.0,15.833964347839355,False,35,1.3005631446838368,28.050656318664547,4
Kenneth Walker III,RB,2026,3,2026,10,7,0.0,16.126171112060547,False,42,1.5205183982849118,27.73972721099853,4
Kenneth Walker III,RB,2026,3,2026,11,8,0.0,16.405075073242188,False,49,1.7496268272399895,27.42200260162353,4
Kenneth Walker III,RB,2026,3,2026,12,9,0.0,16.578792572021484,False,56,1.8769755363464373,26.484671020507783,4
Kenneth Walker III,RB,2026,3,2026,13,10,0.0,16.77743148803711,False,63,2.01270456314087,26.04840385913849,4
Kenneth Walker III,RB,2026,3,2026,14,11,0.0,16.90740203857422,False,70,2.096128368377686,25.910046434402457,4
Kenneth Walker III,RB,2026,3,2026,15,12,0.0,16.941238403320312,False,77,2.09843339920044,25.388073253631585,4
Kenneth Walker III,RB,2026,3,2026,16,13,0.0,16.934810638427734,False,84,2.082213115692138,24.581799125671377,4
Kenneth Walker III,RB,2026,3,2026,17,14,0.0,16.887723922729492,False,91,2.004431056976319,22.50090324878692,4
Kenny Gainwell,RB,2026,3,2026,4,1,0.0,12.141584396362305,False,0,1.0429689407348626,26.857344341278058,4
Kenny Gainwell,RB,2026,3,2026,5,2,0.0,11.959845542907715,False,7,0.0,26.121158027648917,4
Kenny Gainwell,RB,2026,3,2026,6,3,0.0,11.860480308532715,False,14,0.0,25.389709568023672,4
Kenny Gainwell,RB,2026,3,2026,7,4,0.0,11.700876235961914,False,21,0.0,25.25242872238158,4
Kenny Gainwell,RB,2026,3,2026,8,5,0.0,11.412566184997559,False,28,0.0,24.355558800697324,4
Kenny Gainwell,RB,2026,3,2026,9,6,0.0,11.048968315124512,False,35,0.0,23.265660285949703,4
Kenny Gainwell,RB,2026,3,2026,10,7,0.0,10.670980453491211,False,42,0.0,22.284536552429195,4
Kenny Gainwell,RB,2026,3,2026,11,8,0.0,10.254206657409668,False,49,0.0,21.27113418579101,4
Kenny Gainwell,RB,2026,3,2026,12,9,0.0,9.764460563659668,False,56,0.0,19.670339012145966,4
Kenny Gainwell,RB,2026,3,2026,13,10,0.0,9.328465461730957,False,63,0.0,18.599437832832336,4
Kenny Gainwell,RB,2026,3,2026,14,11,0.0,9.024131774902344,False,70,0.0,18.02677617073058,4
Kenny Gainwell,RB,2026,3,2026,15,12,0.0,8.790328025817871,False,77,0.0,17.237162876129144,4
Kenny Gainwell,RB,2026,3,2026,16,13,0.0,8.621659278869629,False,84,0.0,16.268647766113272,4
Kenny Gainwell,RB,2026,3,2026,17,14,0.0,8.514253616333008,False,91,0.0,14.127432942390435,4
Keon Coleman,WR,2026,3,2026,4,1,0.0,4.208917617797852,False,0,0.0,18.924677562713605,4
Keon Coleman,WR,2026,3,2026,5,2,0.0,4.303300857543945,False,7,0.0,18.464613342285148,4
Keon Coleman,WR,2026,3,2026,6,3,0.0,4.6295485496521,False,14,0.0,18.158777809143057,4
Keon Coleman,WR,2026,3,2026,7,4,0.0,4.938575267791748,False,21,0.0,18.490127754211414,4
Keon Coleman,WR,2026,3,2026,8,5,0.0,5.180436611175537,False,28,0.0,18.123429226875302,4
Keon Coleman,WR,2026,3,2026,9,6,0.0,5.438742160797119,False,35,0.0,17.65543413162231,4
Keon Coleman,WR,2026,3,2026,10,7,0.0,5.833624362945557,False,42,0.0,17.44718046188354,4
Keon Coleman,WR,2026,3,2026,11,8,0.0,6.450046539306641,False,49,0.0,17.466974067687982,4
Keon Coleman,WR,2026,3,2026,12,9,0.0,7.1419878005981445,False,56,0.0,17.047866249084443,4
Keon Coleman,WR,2026,3,2026,13,10,0.0,7.833639621734619,False,63,0.0,17.104611992836,4
Keon Coleman,WR,2026,3,2026,14,11,0.0,8.301959037780762,False,70,0.0,17.304603433609,4
Keon Coleman,WR,2026,3,2026,15,12,0.0,8.538355827331543,False,77,0.0,16.985190677642816,4
Keon Coleman,WR,2026,3,2026,16,13,0.0,8.624581336975098,False,84,0.0,16.27156982421874,4
Keon Coleman,WR,2026,3,2026,17,14,0.0,8.629477500915527,False,91,0.0,14.242656826972954,4
Kevin Austin Jr.,WR,2026,3,2026,4,1,0.0,2.522038698196411,False,0,0.0,17.237798643112164,4
Kevin Austin Jr.,WR,2026,3,2026,5,2,0.0,2.398603677749634,False,7,0.0,16.559916162490836,4
Kevin Austin Jr.,WR,2026,3,2026,6,3,0.0,2.4966702461242676,False,14,0.0,16.025899505615225,4
Kevin Austin Jr.,WR,2026,3,2026,7,4,0.0,2.519636631011963,False,21,0.0,16.07118911743163,4
Kevin Austin Jr.,WR,2026,3,2026,8,5,0.0,2.5436441898345947,False,28,0.0,15.48663680553436,4
Kevin Austin Jr.,WR,2026,3,2026,9,6,0.0,2.556697368621826,False,35,0.0,14.773389339447018,4
Kevin Austin Jr.,WR,2026,3,2026,10,7,0.0,2.6300435066223145,False,42,0.0,14.243599605560298,4
Kevin Austin Jr.,WR,2026,3,2026,11,8,0.0,2.7900679111480713,False,49,0.0,13.806995439529413,4
Kevin Austin Jr.,WR,2026,3,2026,12,9,0.0,2.9423532485961914,False,56,0.0,12.848231697082491,4
Kevin Austin Jr.,WR,2026,3,2026,13,10,0.0,3.0682215690612793,False,63,0.0,12.339193940162659,4
Kevin Austin Jr.,WR,2026,3,2026,14,11,0.0,3.131728172302246,False,70,0.0,12.134372568130484,4
Kevin Austin Jr.,WR,2026,3,2026,15,12,0.0,3.197253704071045,False,77,0.0,11.644088554382318,4
Kevin Austin Jr.,WR,2026,3,2026,16,13,0.0,3.2418437004089355,False,84,0.0,10.888832187652579,4
Kevin Austin Jr.,WR,2026,3,2026,17,14,0.0,3.2752509117126465,False,91,0.0,8.888430237770073,4
Kevin Coleman Jr.,WR,2026,3,2026,4,1,0.0,1.0518850088119507,False,0,0.0,15.767644953727704,4
Kevin Coleman Jr.,WR,2026,3,2026,5,2,0.0,1.0488831996917725,False,7,0.0,15.210195684432977,4
Kevin Coleman Jr.,WR,2026,3,2026,6,3,0.0,1.1620560884475708,False,14,0.0,14.691285347938528,4
Kevin Coleman Jr.,WR,2026,3,2026,7,4,0.0,1.167288064956665,False,21,0.0,14.71884055137633,4
Kevin Coleman Jr.,WR,2026,3,2026,8,5,0.0,1.1636837720870972,False,28,0.0,14.106676387786862,4
Kevin Coleman Jr.,WR,2026,3,2026,9,6,0.0,1.1687349081039429,False,35,0.0,13.385426878929135,4
Kevin Coleman Jr.,WR,2026,3,2026,10,7,0.0,1.2692893743515015,False,42,0.0,12.882845473289485,4
Kevin Coleman Jr.,WR,2026,3,2026,11,8,0.0,1.4417577981948853,False,49,0.0,12.458685326576227,4
Kevin Coleman Jr.,WR,2026,3,2026,12,9,0.0,1.6517616510391235,False,56,0.0,11.557640099525424,4
Kevin Coleman Jr.,WR,2026,3,2026,13,10,0.0,1.8493956327438354,False,63,0.0,11.120368003845215,4
Kevin Coleman Jr.,WR,2026,3,2026,14,11,0.0,1.9650652408599854,False,70,0.0,10.967709636688223,4
Kevin Coleman Jr.,WR,2026,3,2026,15,12,0.0,2.0709736347198486,False,77,0.0,10.517808485031122,4
Kevin Coleman Jr.,WR,2026,3,2026,16,13,0.0,2.1387815475463867,False,84,0.0,9.78577003479003,4
Kevin Coleman Jr.,WR,2026,3,2026,17,14,0.0,2.1849215030670166,False,91,0.0,7.7981008291244445,4
KhaDarel Hodge,WR,2026,3,2026,4,1,0.0,1.1466044187545776,False,0,0.0,15.86236436367033,4
KhaDarel Hodge,WR,2026,3,2026,5,2,0.0,1.1978904008865356,False,7,0.0,15.35920288562774,4
KhaDarel Hodge,WR,2026,3,2026,6,3,0.0,1.2524503469467163,False,14,0.0,14.781679606437674,4
KhaDarel Hodge,WR,2026,3,2026,7,4,0.0,1.2036112546920776,False,21,0.0,14.755163741111742,4
KhaDarel Hodge,WR,2026,3,2026,8,5,0.0,1.1768550872802734,False,28,0.0,14.119847702980039,4
KhaDarel Hodge,WR,2026,3,2026,9,6,0.0,1.1585159301757812,False,35,0.0,13.375207901000973,4
KhaDarel Hodge,WR,2026,3,2026,10,7,0.0,1.1750518083572388,False,42,0.0,12.788607907295223,4
KhaDarel Hodge,WR,2026,3,2026,11,8,0.0,1.2097969055175781,False,49,0.0,12.22672443389892,4
KhaDarel Hodge,WR,2026,3,2026,12,9,0.0,1.2459139823913574,False,56,0.0,11.151792430877657,4
KhaDarel Hodge,WR,2026,3,2026,13,10,0.0,1.2765775918960571,False,63,0.0,10.547549962997437,4
KhaDarel Hodge,WR,2026,3,2026,14,11,0.0,1.288118839263916,False,70,0.0,10.290763235092154,4
KhaDarel Hodge,WR,2026,3,2026,15,12,0.0,1.3265966176986694,False,77,0.0,9.773431468009942,4
KhaDarel Hodge,WR,2026,3,2026,16,13,0.0,1.3632735013961792,False,84,0.0,9.010261988639822,4
KhaDarel Hodge,WR,2026,3,2026,17,14,0.0,1.3980296850204468,False,91,0.0,7.011209011077875,4
Khalil Shakir,WR,2026,3,2026,4,1,0.0,8.384498596191406,False,0,0.0,23.10025854110716,4
Khalil Shakir,WR,2026,3,2026,5,2,0.0,8.445262908935547,False,7,0.0,22.60657539367675,4
Khalil Shakir,WR,2026,3,2026,6,3,0.0,8.86818790435791,False,14,0.0,22.397417163848868,4
Khalil Shakir,WR,2026,3,2026,7,4,0.0,9.288708686828613,False,21,0.0,22.84026117324828,4
Khalil Shakir,WR,2026,3,2026,8,5,0.0,9.88671588897705,False,28,0.0,22.829708504676816,4
Khalil Shakir,WR,2026,3,2026,9,6,0.0,10.62307071685791,False,35,0.0,22.839762687683102,4
Khalil Shakir,WR,2026,3,2026,10,7,0.0,11.31373119354248,False,42,0.0,22.927287292480464,4
Khalil Shakir,WR,2026,3,2026,11,8,0.0,11.843101501464844,False,49,0.0,22.860029029846185,4
Khalil Shakir,WR,2026,3,2026,12,9,0.0,12.18526554107666,False,56,0.0,22.09114398956296,4
Khalil Shakir,WR,2026,3,2026,13,10,0.0,12.480234146118164,False,63,0.0,21.751206517219543,4
Khalil Shakir,WR,2026,3,2026,14,11,0.0,12.626240730285645,False,70,0.0,21.628885126113882,4
Khalil Shakir,WR,2026,3,2026,15,12,0.0,12.665227890014648,False,77,0.0,21.11206274032592,4
Khalil Shakir,WR,2026,3,2026,16,13,0.0,12.669987678527832,False,84,0.0,20.316976165771475,4
Khalil Shakir,WR,2026,3,2026,17,14,0.0,12.634781837463379,False,91,0.0,18.247961163520806,4
Kimani Vidal,RB,2026,3,2026,4,1,0.0,6.902076721191406,False,0,0.0,21.61783666610716,4
Kimani Vidal,RB,2026,3,2026,5,2,0.0,6.727688312530518,False,7,0.0,20.88900079727172,4
Kimani Vidal,RB,2026,3,2026,6,3,0.0,6.674706935882568,False,14,0.0,20.203936195373526,4
Kimani Vidal,RB,2026,3,2026,7,4,0.0,6.708124160766602,False,21,0.0,20.259676647186268,4
Kimani Vidal,RB,2026,3,2026,8,5,0.0,6.804205894470215,False,28,0.0,19.74719851016998,4
Kimani Vidal,RB,2026,3,2026,9,6,0.0,6.933823585510254,False,35,0.0,19.150515556335446,4
Kimani Vidal,RB,2026,3,2026,10,7,0.0,7.080985069274902,False,42,0.0,18.694541168212886,4
Kimani Vidal,RB,2026,3,2026,11,8,0.0,7.231631278991699,False,49,0.0,18.24855880737304,4
Kimani Vidal,RB,2026,3,2026,12,9,0.0,7.2259087562561035,False,56,0.0,17.131787204742402,4
Kimani Vidal,RB,2026,3,2026,13,10,0.0,7.139981746673584,False,63,0.0,16.410954117774963,4
Kimani Vidal,RB,2026,3,2026,14,11,0.0,7.031500339508057,False,70,0.0,16.034144735336294,4
Kimani Vidal,RB,2026,3,2026,15,12,0.0,6.930112361907959,False,77,0.0,15.376947212219232,4
Kimani Vidal,RB,2026,3,2026,16,13,0.0,6.8447794914245605,False,84,0.0,14.491767978668204,4
Kimani Vidal,RB,2026,3,2026,17,14,0.0,6.792361736297607,False,91,0.0,12.405541062355034,4
Kolbe Katsis,WR,2026,3,2026,4,1,0.0,1.0527775287628174,False,0,0.0,15.76853747367857,4
Kolbe Katsis,WR,2026,3,2026,5,2,0.0,1.1078821420669556,False,7,0.0,15.26919462680816,4
Kolbe Katsis,WR,2026,3,2026,6,3,0.0,1.2728288173675537,False,14,0.0,14.802058076858511,4
Kolbe Katsis,WR,2026,3,2026,7,4,0.0,1.307910442352295,False,21,0.0,14.85946292877196,4
Kolbe Katsis,WR,2026,3,2026,8,5,0.0,1.338852047920227,False,28,0.0,14.281844663619992,4
Kolbe Katsis,WR,2026,3,2026,9,6,0.0,1.378158450126648,False,35,0.0,13.59485042095184,4
Kolbe Katsis,WR,2026,3,2026,10,7,0.0,1.4848462343215942,False,42,0.0,13.098402333259578,4
Kolbe Katsis,WR,2026,3,2026,11,8,0.0,1.6408894062042236,False,49,0.0,12.657816934585565,4
Kolbe Katsis,WR,2026,3,2026,12,9,0.0,1.815980076789856,False,56,0.0,11.721858525276156,4
Kolbe Katsis,WR,2026,3,2026,13,10,0.0,1.9647332429885864,False,63,0.0,11.235705614089966,4
Kolbe Katsis,WR,2026,3,2026,14,11,0.0,2.0457568168640137,False,70,0.0,11.048401212692252,4
Kolbe Katsis,WR,2026,3,2026,15,12,0.0,2.1331584453582764,False,77,0.0,10.57999329566955,4
Kolbe Katsis,WR,2026,3,2026,16,13,0.0,2.199151039123535,False,84,0.0,9.846139526367178,4
Kolbe Katsis,WR,2026,3,2026,17,14,0.0,2.247340202331543,False,91,0.0,7.860519528388971,4
Konata Mumpfield,WR,2026,3,2026,4,1,0.0,2.8035528659820557,False,0,0.0,17.51931281089781,4
Konata Mumpfield,WR,2026,3,2026,5,2,0.0,2.4537973403930664,False,7,0.0,16.61510982513427,4
Konata Mumpfield,WR,2026,3,2026,6,3,0.0,2.3548145294189453,False,14,0.0,15.884043788909903,4
Konata Mumpfield,WR,2026,3,2026,7,4,0.0,2.2512857913970947,False,21,0.0,15.80283827781676,4
Konata Mumpfield,WR,2026,3,2026,8,5,0.0,2.178276777267456,False,28,0.0,15.121269392967221,4
Konata Mumpfield,WR,2026,3,2026,9,6,0.0,2.1207737922668457,False,35,0.0,14.337465763092037,4
Konata Mumpfield,WR,2026,3,2026,10,7,0.0,2.1327309608459473,False,42,0.0,13.746287059783931,4
Konata Mumpfield,WR,2026,3,2026,11,8,0.0,2.2222859859466553,False,49,0.0,13.239213514327997,4
Konata Mumpfield,WR,2026,3,2026,12,9,0.0,2.3011231422424316,False,56,0.0,12.207001590728732,4
Konata Mumpfield,WR,2026,3,2026,13,10,0.0,2.366880178451538,False,63,0.0,11.637852549552917,4
Konata Mumpfield,WR,2026,3,2026,14,11,0.0,2.4007856845855713,False,70,0.0,11.40343008041381,4
Konata Mumpfield,WR,2026,3,2026,15,12,0.0,2.452315330505371,False,77,0.0,10.899150180816644,4
Konata Mumpfield,WR,2026,3,2026,16,13,0.0,2.4910130500793457,False,84,0.0,10.138001537322989,4
Konata Mumpfield,WR,2026,3,2026,17,14,0.0,2.5229389667510986,False,91,0.0,8.136118292808526,4
Kyle Juszczyk,RB,2026,3,2026,4,1,0.0,1.4828492403030396,False,0,0.0,16.198609185218793,4
Kyle Juszczyk,RB,2026,3,2026,5,2,0.0,1.5017977952957153,False,7,0.0,15.66311028003692,4
Kyle Juszczyk,RB,2026,3,2026,6,3,0.0,1.6150118112564087,False,14,0.0,15.144241070747366,4
Kyle Juszczyk,RB,2026,3,2026,7,4,0.0,1.6147040128707886,False,21,0.0,15.166256499290453,4
Kyle Juszczyk,RB,2026,3,2026,8,5,0.0,1.6245282888412476,False,28,0.0,14.567520904541013,4
Kyle Juszczyk,RB,2026,3,2026,9,6,0.0,1.6383954286575317,False,35,0.0,13.855087399482723,4
Kyle Juszczyk,RB,2026,3,2026,10,7,0.0,1.6969209909439087,False,42,0.0,13.310477089881893,4
Kyle Juszczyk,RB,2026,3,2026,11,8,0.0,1.7879244089126587,False,49,0.0,12.804851937294,4
Kyle Juszczyk,RB,2026,3,2026,12,9,0.0,1.8660517930984497,False,56,0.0,11.77193024158475,4
Kyle Juszczyk,RB,2026,3,2026,13,10,0.0,1.9255832433700562,False,63,0.0,11.196555614471436,4
Kyle Juszczyk,RB,2026,3,2026,14,11,0.0,1.9543465375900269,False,70,0.0,10.956990933418265,4
Kyle Juszczyk,RB,2026,3,2026,15,12,0.0,2.0043909549713135,False,77,0.0,10.451225805282586,4
Kyle Juszczyk,RB,2026,3,2026,16,13,0.0,2.050234794616699,False,84,0.0,9.697223281860342,4
Kyle Juszczyk,RB,2026,3,2026,17,14,0.0,2.088531970977783,False,91,0.0,7.701711297035211,4
Kyle Monangai,RB,2026,3,2026,4,1,0.0,8.898755073547363,False,0,0.0,23.614515018463116,4
Kyle Monangai,RB,2026,3,2026,5,2,0.0,8.42164134979248,False,7,0.0,22.582953834533683,4
Kyle Monangai,RB,2026,3,2026,6,3,0.0,8.066550254821777,False,14,0.0,21.595779514312735,4
Kyle Monangai,RB,2026,3,2026,7,4,0.0,7.870419502258301,False,21,0.0,21.421971988677967,4
Kyle Monangai,RB,2026,3,2026,8,5,0.0,7.6721577644348145,False,28,0.0,20.61515038013458,4
Kyle Monangai,RB,2026,3,2026,9,6,0.0,7.437070369720459,False,35,0.0,19.65376234054565,4
Kyle Monangai,RB,2026,3,2026,10,7,0.0,7.188665866851807,False,42,0.0,18.80222196578979,4
Kyle Monangai,RB,2026,3,2026,11,8,0.0,6.917892932891846,False,49,0.0,17.934820461273187,4
Kyle Monangai,RB,2026,3,2026,12,9,0.0,6.5618767738342285,False,56,0.0,16.467755222320527,4
Kyle Monangai,RB,2026,3,2026,13,10,0.0,6.238646507263184,False,63,0.0,15.509618878364563,4
Kyle Monangai,RB,2026,3,2026,14,11,0.0,6.02243185043335,False,70,0.0,15.025076246261587,4
Kyle Monangai,RB,2026,3,2026,15,12,0.0,5.87444543838501,False,77,0.0,14.321280288696283,4
Kyle Monangai,RB,2026,3,2026,16,13,0.0,5.765871524810791,False,84,0.0,13.412860012054434,4
Kyle Monangai,RB,2026,3,2026,17,14,0.0,5.709288597106934,False,91,0.0,11.32246792316436,4
Kyle Williams,WR,2026,3,2026,4,1,0.0,5.345947742462158,False,0,0.0,20.06170768737791,4
Kyle Williams,WR,2026,3,2026,5,2,0.0,5.277650356292725,False,7,0.0,19.438962841033927,4
Kyle Williams,WR,2026,3,2026,6,3,0.0,5.699391841888428,False,14,0.0,19.228621101379385,4
Kyle Williams,WR,2026,3,2026,7,4,0.0,6.158746242523193,False,21,0.0,19.71029872894286,4
Kyle Williams,WR,2026,3,2026,8,5,0.0,6.606988430023193,False,28,0.0,19.54998104572296,4
Kyle Williams,WR,2026,3,2026,9,6,0.0,7.118546962738037,False,35,0.0,19.33523893356323,4
Kyle Williams,WR,2026,3,2026,10,7,0.0,7.8034234046936035,False,42,0.0,19.416979503631588,4
Kyle Williams,WR,2026,3,2026,11,8,0.0,8.724323272705078,False,49,0.0,19.74125080108642,4
Kyle Williams,WR,2026,3,2026,12,9,0.0,9.67263412475586,False,56,0.0,19.578512573242158,4
Kyle Williams,WR,2026,3,2026,13,10,0.0,10.459750175476074,False,63,0.0,19.730722546577454,4
Kyle Williams,WR,2026,3,2026,14,11,0.0,10.868205070495605,False,70,0.0,19.870849466323843,4
Kyle Williams,WR,2026,3,2026,15,12,0.0,11.014900207519531,False,77,0.0,19.461735057830804,4
Kyle Williams,WR,2026,3,2026,16,13,0.0,11.050405502319336,False,84,0.0,18.69739398956298,4
Kyle Williams,WR,2026,3,2026,17,14,0.0,11.012099266052246,False,91,0.0,16.625278592109673,4
Kyren Williams,RB,2026,3,2026,4,1,0.0,15.56229305267334,False,0,4.463677597045898,30.278052997589093,4
Kyren Williams,RB,2026,3,2026,5,2,0.0,15.659993171691895,False,7,1.9926989555358876,29.821305656433097,4
Kyren Williams,RB,2026,3,2026,6,3,0.0,15.826740264892578,False,14,1.699154949188232,29.355969524383536,4
Kyren Williams,RB,2026,3,2026,7,4,0.0,15.842658996582031,False,21,1.554904747009278,29.394211483001698,4
Kyren Williams,RB,2026,3,2026,8,5,0.0,15.717357635498047,False,28,1.2789073944091793,28.660350251197812,4
Kyren Williams,RB,2026,3,2026,9,6,0.0,15.504545211791992,False,35,0.9711440086364735,27.721237182617184,4
Kyren Williams,RB,2026,3,2026,10,7,0.0,15.264324188232422,False,42,0.6586714744567868,26.877880287170406,4
Kyren Williams,RB,2026,3,2026,11,8,0.0,15.02266788482666,False,49,0.3672196388244622,26.039595413208,4
Kyren Williams,RB,2026,3,2026,12,9,0.0,14.74047565460205,False,56,0.03865861892700373,24.64635410308835,4
Kyren Williams,RB,2026,3,2026,13,10,0.0,14.525736808776855,False,63,0.0,23.796709179878235,4
Kyren Williams,RB,2026,3,2026,14,11,0.0,14.385322570800781,False,70,0.0,23.38796696662902,4
Kyren Williams,RB,2026,3,2026,15,12,0.0,14.263142585754395,False,77,0.0,22.709977436065667,4
Kyren Williams,RB,2026,3,2026,16,13,0.0,14.168145179748535,False,84,0.0,21.81513366699218,4
Kyren Williams,RB,2026,3,2026,17,14,0.0,14.079495429992676,False,91,0.0,19.692674756050103,4
LaJohntay Wester,WR,2026,3,2026,4,1,0.0,1.2675421237945557,False,0,0.0,15.983302068710309,4
LaJohntay Wester,WR,2026,3,2026,5,2,0.0,1.3084814548492432,False,7,0.0,15.469793939590447,4
LaJohntay Wester,WR,2026,3,2026,6,3,0.0,1.3892656564712524,False,14,0.0,14.91849491596221,4
LaJohntay Wester,WR,2026,3,2026,7,4,0.0,1.3637845516204834,False,21,0.0,14.915337038040148,4
LaJohntay Wester,WR,2026,3,2026,8,5,0.0,1.3619098663330078,False,28,0.0,14.304902482032773,4
LaJohntay Wester,WR,2026,3,2026,9,6,0.0,1.3879441022872925,False,35,0.0,13.604636073112484,4
LaJohntay Wester,WR,2026,3,2026,10,7,0.0,1.4678031206130981,False,42,0.0,13.081359219551082,4
LaJohntay Wester,WR,2026,3,2026,11,8,0.0,1.5824767351150513,False,49,0.0,12.599404263496393,4
LaJohntay Wester,WR,2026,3,2026,12,9,0.0,1.6856435537338257,False,56,0.0,11.591522002220126,4
LaJohntay Wester,WR,2026,3,2026,13,10,0.0,1.76051926612854,False,63,0.0,11.03149163722992,4
LaJohntay Wester,WR,2026,3,2026,14,11,0.0,1.798540472984314,False,70,0.0,10.801184868812552,4
LaJohntay Wester,WR,2026,3,2026,15,12,0.0,1.8564701080322266,False,77,0.0,10.3033049583435,4
LaJohntay Wester,WR,2026,3,2026,16,13,0.0,1.9048174619674683,False,84,0.0,9.551805949211111,4
LaJohntay Wester,WR,2026,3,2026,17,14,0.0,1.943623661994934,False,91,0.0,7.556802988052362,4
Ladd McConkey,WR,2026,3,2026,4,1,0.0,10.385968208312988,False,0,0.0,25.10172815322874,4
Ladd McConkey,WR,2026,3,2026,5,2,0.0,10.294486045837402,False,7,0.0,24.455798530578605,4
Ladd McConkey,WR,2026,3,2026,6,3,0.0,10.360406875610352,False,14,0.0,23.88963613510131,4
Ladd McConkey,WR,2026,3,2026,7,4,0.0,10.593174934387207,False,21,0.0,24.144727420806873,4
Ladd McConkey,WR,2026,3,2026,8,5,0.0,10.804732322692871,False,28,0.0,23.747724938392636,4
Ladd McConkey,WR,2026,3,2026,9,6,0.0,10.945160865783691,False,35,0.0,23.161852836608883,4
Ladd McConkey,WR,2026,3,2026,10,7,0.0,11.09526538848877,False,42,0.0,22.708821487426754,4
Ladd McConkey,WR,2026,3,2026,11,8,0.0,11.27461051940918,False,49,0.0,22.29153804779052,4
Ladd McConkey,WR,2026,3,2026,12,9,0.0,11.36452865600586,False,56,0.0,21.270407104492158,4
Ladd McConkey,WR,2026,3,2026,13,10,0.0,11.406725883483887,False,63,0.0,20.677698254585266,4
Ladd McConkey,WR,2026,3,2026,14,11,0.0,11.369379997253418,False,70,0.0,20.372024393081656,4
Ladd McConkey,WR,2026,3,2026,15,12,0.0,11.27571964263916,False,77,0.0,19.722554492950433,4
Ladd McConkey,WR,2026,3,2026,16,13,0.0,11.182122230529785,False,84,0.0,18.82911071777343,4
Ladd McConkey,WR,2026,3,2026,17,14,0.0,11.093343734741211,False,91,0.0,16.706523060798638,4
Lan Larison,RB,2026,3,2026,4,1,0.0,1.506781816482544,False,0,0.0,16.222541761398297,4
Lan Larison,RB,2026,3,2026,5,2,0.0,1.5137476921081543,False,7,0.0,15.675060176849358,4
Lan Larison,RB,2026,3,2026,6,3,0.0,1.6713114976882935,False,14,0.0,15.200540757179251,4
Lan Larison,RB,2026,3,2026,7,4,0.0,1.7066835165023804,False,21,0.0,15.258236002922045,4
Lan Larison,RB,2026,3,2026,8,5,0.0,1.7612324953079224,False,28,0.0,14.704225111007688,4
Lan Larison,RB,2026,3,2026,9,6,0.0,1.8442927598953247,False,35,0.0,14.060984730720516,4
Lan Larison,RB,2026,3,2026,10,7,0.0,1.976936936378479,False,42,0.0,13.590493035316463,4
Lan Larison,RB,2026,3,2026,11,8,0.0,2.155728578567505,False,49,0.0,13.172656106948846,4
Lan Larison,RB,2026,3,2026,12,9,0.0,2.3272652626037598,False,56,0.0,12.23314371109006,4
Lan Larison,RB,2026,3,2026,13,10,0.0,2.4629604816436768,False,63,0.0,11.733932852745056,4
Lan Larison,RB,2026,3,2026,14,11,0.0,2.5406365394592285,False,70,0.0,11.543280935287466,4
Lan Larison,RB,2026,3,2026,15,12,0.0,2.624530076980591,False,77,0.0,11.071364927291864,4
Lan Larison,RB,2026,3,2026,16,13,0.0,2.6910359859466553,False,84,0.0,10.338024473190298,4
Lan Larison,RB,2026,3,2026,17,14,0.0,2.7382795810699463,False,91,0.0,8.351458907127373,4
Laquon Treadwell,WR,2026,3,2026,4,1,0.0,1.5468684434890747,False,0,0.0,16.262628388404828,4
Laquon Treadwell,WR,2026,3,2026,5,2,0.0,1.5751837491989136,False,7,0.0,15.736496233940118,4
Laquon Treadwell,WR,2026,3,2026,6,3,0.0,1.5841565132141113,False,14,0.0,15.113385772705069,4
Laquon Treadwell,WR,2026,3,2026,7,4,0.0,1.5050805807113647,False,21,0.0,15.05663306713103,4
Laquon Treadwell,WR,2026,3,2026,8,5,0.0,1.4290744066238403,False,28,0.0,14.372067022323606,4
Laquon Treadwell,WR,2026,3,2026,9,6,0.0,1.3384836912155151,False,35,0.0,13.555175662040707,4
Laquon Treadwell,WR,2026,3,2026,10,7,0.0,1.2803541421890259,False,42,0.0,12.89391024112701,4
Laquon Treadwell,WR,2026,3,2026,11,8,0.0,1.261070966720581,False,49,0.0,12.277998495101922,4
Laquon Treadwell,WR,2026,3,2026,12,9,0.0,1.2617565393447876,False,56,0.0,11.167634987831088,4
Laquon Treadwell,WR,2026,3,2026,13,10,0.0,1.2745736837387085,False,63,0.0,10.545546054840088,4
Laquon Treadwell,WR,2026,3,2026,14,11,0.0,1.2735871076583862,False,70,0.0,10.276231503486624,4
Laquon Treadwell,WR,2026,3,2026,15,12,0.0,1.3040956258773804,False,77,0.0,9.750930476188653,4
Laquon Treadwell,WR,2026,3,2026,16,13,0.0,1.3327583074569702,False,84,0.0,8.979746794700613,4
Laquon Treadwell,WR,2026,3,2026,17,14,0.0,1.3623732328414917,False,91,0.0,6.97555255889892,4
LeQuint Allen Jr.,RB,2026,3,2026,4,1,0.0,0.8756598234176636,False,0,0.0,15.591419768333417,4
LeQuint Allen Jr.,RB,2026,3,2026,5,2,0.0,0.9984467029571533,False,7,0.0,15.159759187698358,4
LeQuint Allen Jr.,RB,2026,3,2026,6,3,0.0,1.081394076347351,False,14,0.0,14.610623335838309,4
LeQuint Allen Jr.,RB,2026,3,2026,7,4,0.0,1.051287055015564,False,21,0.0,14.602839541435229,4
LeQuint Allen Jr.,RB,2026,3,2026,8,5,0.0,1.0380096435546875,False,28,0.0,13.981002259254453,4
LeQuint Allen Jr.,RB,2026,3,2026,9,6,0.0,1.0266982316970825,False,35,0.0,13.243390202522274,4
LeQuint Allen Jr.,RB,2026,3,2026,10,7,0.0,1.047710657119751,False,42,0.0,12.661266756057735,4
LeQuint Allen Jr.,RB,2026,3,2026,11,8,0.0,1.086767554283142,False,49,0.0,12.103695082664483,4
LeQuint Allen Jr.,RB,2026,3,2026,12,9,0.0,1.1317051649093628,False,56,0.0,11.037583613395663,4
LeQuint Allen Jr.,RB,2026,3,2026,13,10,0.0,1.1659530401229858,False,63,0.0,10.436925411224365,4
LeQuint Allen Jr.,RB,2026,3,2026,14,11,0.0,1.1812903881072998,False,70,0.0,10.183934783935538,4
LeQuint Allen Jr.,RB,2026,3,2026,15,12,0.0,1.2233242988586426,False,77,0.0,9.670159149169915,4
LeQuint Allen Jr.,RB,2026,3,2026,16,13,0.0,1.2630761861801147,False,84,0.0,8.910064673423758,4
LeQuint Allen Jr.,RB,2026,3,2026,17,14,0.0,1.2994704246520996,False,91,0.0,6.9126497507095275,4
Lew Nichols III,RB,2026,3,2026,4,1,0.0,0.9459569454193115,False,0,0.0,15.661716890335065,4
Lew Nichols III,RB,2026,3,2026,5,2,0.0,1.0535650253295898,False,7,0.0,15.214877510070794,4
Lew Nichols III,RB,2026,3,2026,6,3,0.0,1.1341118812561035,False,14,0.0,14.663341140747061,4
Lew Nichols III,RB,2026,3,2026,7,4,0.0,1.0994707345962524,False,21,0.0,14.651023221015917,4
Lew Nichols III,RB,2026,3,2026,8,5,0.0,1.0870150327682495,False,28,0.0,14.030007648468015,4
Lew Nichols III,RB,2026,3,2026,9,6,0.0,1.0810807943344116,False,35,0.0,13.297772765159603,4
Lew Nichols III,RB,2026,3,2026,10,7,0.0,1.1064467430114746,False,42,0.0,12.720002841949459,4
Lew Nichols III,RB,2026,3,2026,11,8,0.0,1.1473218202590942,False,49,0.0,12.164249348640435,4
Lew Nichols III,RB,2026,3,2026,12,9,0.0,1.1902836561203003,False,56,0.0,11.0961621046066,4
Lew Nichols III,RB,2026,3,2026,13,10,0.0,1.2241076231002808,False,63,0.0,10.49507999420166,4
Lew Nichols III,RB,2026,3,2026,14,11,0.0,1.2369590997695923,False,70,0.0,10.23960349559783,4
Lew Nichols III,RB,2026,3,2026,15,12,0.0,1.2776018381118774,False,77,0.0,9.72443668842315,4
Lew Nichols III,RB,2026,3,2026,16,13,0.0,1.3161979913711548,False,84,0.0,8.963186478614798,4
Lew Nichols III,RB,2026,3,2026,17,14,0.0,1.3511550426483154,False,91,0.0,6.964334368705743,4
Lewis Bond,WR,2026,3,2026,4,1,0.0,1.2264598608016968,False,0,0.0,15.94221980571745,4
Lewis Bond,WR,2026,3,2026,5,2,0.0,1.249402642250061,False,7,0.0,15.410715126991265,4
Lewis Bond,WR,2026,3,2026,6,3,0.0,1.3754336833953857,False,14,0.0,14.904662942886343,4
Lewis Bond,WR,2026,3,2026,7,4,0.0,1.3822486400604248,False,21,0.0,14.93380112648009,4
Lewis Bond,WR,2026,3,2026,8,5,0.0,1.388814926147461,False,28,0.0,14.331807541847226,4
Lewis Bond,WR,2026,3,2026,9,6,0.0,1.412009596824646,False,35,0.0,13.628701567649838,4
Lewis Bond,WR,2026,3,2026,10,7,0.0,1.502561330795288,False,42,0.0,13.116117429733272,4
Lewis Bond,WR,2026,3,2026,11,8,0.0,1.6386269330978394,False,49,0.0,12.65555446147918,4
Lewis Bond,WR,2026,3,2026,12,9,0.0,1.780877947807312,False,56,0.0,11.686756396293612,4
Lewis Bond,WR,2026,3,2026,13,10,0.0,1.894872784614563,False,63,0.0,11.165845155715942,4
Lewis Bond,WR,2026,3,2026,14,11,0.0,1.950264573097229,False,70,0.0,10.952908968925467,4
Lewis Bond,WR,2026,3,2026,15,12,0.0,2.0176026821136475,False,77,0.0,10.46443753242492,4
Lewis Bond,WR,2026,3,2026,16,13,0.0,2.0672426223754883,False,84,0.0,9.714231109619131,4
Lewis Bond,WR,2026,3,2026,17,14,0.0,2.104914903640747,False,91,0.0,7.718094229698175,4
Lil'Jordan Humphrey,WR,2026,3,2026,4,1,0.0,2.68076753616333,False,0,0.0,17.396527481079083,4
Lil'Jordan Humphrey,WR,2026,3,2026,5,2,0.0,2.512712240219116,False,7,0.0,16.67402472496032,4
Lil'Jordan Humphrey,WR,2026,3,2026,6,3,0.0,2.4732542037963867,False,14,0.0,16.002483463287344,4
Lil'Jordan Humphrey,WR,2026,3,2026,7,4,0.0,2.4068856239318848,False,21,0.0,15.95843811035155,4
Lil'Jordan Humphrey,WR,2026,3,2026,8,5,0.0,2.3676931858062744,False,28,0.0,15.31068580150604,4
Lil'Jordan Humphrey,WR,2026,3,2026,9,6,0.0,2.3229620456695557,False,35,0.0,14.539654016494747,4
Lil'Jordan Humphrey,WR,2026,3,2026,10,7,0.0,2.309864044189453,False,42,0.0,13.923420143127437,4
Lil'Jordan Humphrey,WR,2026,3,2026,11,8,0.0,2.3434510231018066,False,49,0.0,13.360378551483148,4
Lil'Jordan Humphrey,WR,2026,3,2026,12,9,0.0,2.36130428314209,False,56,0.0,12.26718273162839,4
Lil'Jordan Humphrey,WR,2026,3,2026,13,10,0.0,2.376983880996704,False,63,0.0,11.647956252098083,4
Lil'Jordan Humphrey,WR,2026,3,2026,14,11,0.0,2.3808646202087402,False,70,0.0,11.383509016036978,4
Lil'Jordan Humphrey,WR,2026,3,2026,15,12,0.0,2.412388324737549,False,77,0.0,10.859223175048822,4
Lil'Jordan Humphrey,WR,2026,3,2026,16,13,0.0,2.4432876110076904,False,84,0.0,10.090276098251334,4
Lil'Jordan Humphrey,WR,2026,3,2026,17,14,0.0,2.473527669906616,False,91,0.0,8.086706995964043,4
Luke McCaffrey,WR,2026,3,2026,4,1,0.0,0.9631315469741821,False,0,0.0,15.678891491889935,4
Luke McCaffrey,WR,2026,3,2026,5,2,0.0,0.9923681020736694,False,7,0.0,15.153680586814874,4
Luke McCaffrey,WR,2026,3,2026,6,3,0.0,1.0477879047393799,False,14,0.0,14.577017164230337,4
Luke McCaffrey,WR,2026,3,2026,7,4,0.0,0.9986504316329956,False,21,0.0,14.55020291805266,4
Luke McCaffrey,WR,2026,3,2026,8,5,0.0,0.9819856882095337,False,28,0.0,13.924978303909299,4
Luke McCaffrey,WR,2026,3,2026,9,6,0.0,0.9878383874893188,False,35,0.0,13.20453035831451,4
Luke McCaffrey,WR,2026,3,2026,10,7,0.0,1.0331717729568481,False,42,0.0,12.646727871894832,4
Luke McCaffrey,WR,2026,3,2026,11,8,0.0,1.0995901823043823,False,49,0.0,12.116517710685724,4
Luke McCaffrey,WR,2026,3,2026,12,9,0.0,1.1698331832885742,False,56,0.0,11.075711631774874,4
Luke McCaffrey,WR,2026,3,2026,13,10,0.0,1.2204110622406006,False,63,0.0,10.49138343334198,4
Luke McCaffrey,WR,2026,3,2026,14,11,0.0,1.2445908784866333,False,70,0.0,10.247235274314871,4
Luke McCaffrey,WR,2026,3,2026,15,12,0.0,1.2943987846374512,False,77,0.0,9.741233634948724,4
Luke McCaffrey,WR,2026,3,2026,16,13,0.0,1.3377302885055542,False,84,0.0,8.984718775749197,4
Luke McCaffrey,WR,2026,3,2026,17,14,0.0,1.3740121126174927,False,91,0.0,6.9871914386749205,4
Luther Burden III,WR,2026,3,2026,4,1,0.0,9.906013488769531,False,0,0.0,24.621773433685284,4
Luther Burden III,WR,2026,3,2026,5,2,0.0,9.798688888549805,False,7,0.0,23.960001373291007,4
Luther Burden III,WR,2026,3,2026,6,3,0.0,9.700648307800293,False,14,0.0,23.22987756729125,4
Luther Burden III,WR,2026,3,2026,7,4,0.0,9.61152172088623,False,21,0.0,23.163074207305897,4
Luther Burden III,WR,2026,3,2026,8,5,0.0,9.425043106079102,False,28,0.0,22.368035721778867,4
Luther Burden III,WR,2026,3,2026,9,6,0.0,9.164746284484863,False,35,0.0,21.381438255310055,4
Luther Burden III,WR,2026,3,2026,10,7,0.0,8.887105941772461,False,42,0.0,20.500662040710445,4
Luther Burden III,WR,2026,3,2026,11,8,0.0,8.568764686584473,False,49,0.0,19.585692214965814,4
Luther Burden III,WR,2026,3,2026,12,9,0.0,8.16273021697998,False,56,0.0,18.06860866546628,4
Luther Burden III,WR,2026,3,2026,13,10,0.0,7.791773319244385,False,63,0.0,17.062745690345764,4
Luther Burden III,WR,2026,3,2026,14,11,0.0,7.534732818603516,False,70,0.0,16.537377214431753,4
Luther Burden III,WR,2026,3,2026,15,12,0.0,7.351389408111572,False,77,0.0,15.798224258422845,4
Luther Burden III,WR,2026,3,2026,16,13,0.0,7.2161688804626465,False,84,0.0,14.86315736770629,4
Luther Burden III,WR,2026,3,2026,17,14,0.0,7.13932466506958,False,91,0.0,12.752503991127007,4
Mack Hollins,WR,2026,3,2026,4,1,0.0,7.158108711242676,False,0,0.0,21.87386865615843,4
Mack Hollins,WR,2026,3,2026,5,2,0.0,6.785690784454346,False,7,0.0,20.947003269195548,4
Mack Hollins,WR,2026,3,2026,6,3,0.0,6.621322154998779,False,14,0.0,20.150551414489737,4
Mack Hollins,WR,2026,3,2026,7,4,0.0,6.612370014190674,False,21,0.0,20.16392250061034,4
Mack Hollins,WR,2026,3,2026,8,5,0.0,6.672872066497803,False,28,0.0,19.615864682197568,4
Mack Hollins,WR,2026,3,2026,9,6,0.0,6.7960524559021,False,35,0.0,19.01274442672729,4
Mack Hollins,WR,2026,3,2026,10,7,0.0,7.02356481552124,False,42,0.0,18.637120914459224,4
Mack Hollins,WR,2026,3,2026,11,8,0.0,7.3699235916137695,False,49,0.0,18.38685111999511,4
Mack Hollins,WR,2026,3,2026,12,9,0.0,7.660736083984375,False,56,0.0,17.566614532470673,4
Mack Hollins,WR,2026,3,2026,13,10,0.0,7.920179843902588,False,63,0.0,17.191152215003967,4
Mack Hollins,WR,2026,3,2026,14,11,0.0,8.064129829406738,False,70,0.0,17.066774225234976,4
Mack Hollins,WR,2026,3,2026,15,12,0.0,8.109742164611816,False,77,0.0,16.55657701492309,4
Mack Hollins,WR,2026,3,2026,16,13,0.0,8.111746788024902,False,84,0.0,15.758735275268545,4
Mack Hollins,WR,2026,3,2026,17,14,0.0,8.07105827331543,False,91,0.0,13.684237599372857,4
Makai Lemon,WR,2026,3,2026,4,1,0.0,2.5589630603790283,False,0,0.0,17.27472300529478,4
Makai Lemon,WR,2026,3,2026,5,2,0.0,2.430001974105835,False,7,0.0,16.591314458847037,4
Makai Lemon,WR,2026,3,2026,6,3,0.0,2.568946599960327,False,14,0.0,16.098175859451285,4
Makai Lemon,WR,2026,3,2026,7,4,0.0,2.6452293395996094,False,21,0.0,16.196781826019276,4
Makai Lemon,WR,2026,3,2026,8,5,0.0,2.7070846557617188,False,28,0.0,15.650077271461484,4
Makai Lemon,WR,2026,3,2026,9,6,0.0,2.7768568992614746,False,35,0.0,14.993548870086666,4
Makai Lemon,WR,2026,3,2026,10,7,0.0,2.9325990676879883,False,42,0.0,14.546155166625972,4
Makai Lemon,WR,2026,3,2026,11,8,0.0,3.2013864517211914,False,49,0.0,14.218313980102533,4
Makai Lemon,WR,2026,3,2026,12,9,0.0,3.481977701187134,False,56,0.0,13.387856149673434,4
Makai Lemon,WR,2026,3,2026,13,10,0.0,3.767035484313965,False,63,0.0,13.038007855415344,4
Makai Lemon,WR,2026,3,2026,14,11,0.0,3.947216749191284,False,70,0.0,12.949861145019522,4
Makai Lemon,WR,2026,3,2026,15,12,0.0,4.077164173126221,False,77,0.0,12.523999023437494,4
Makai Lemon,WR,2026,3,2026,16,13,0.0,4.15048360824585,False,84,0.0,11.797472095489493,4
Makai Lemon,WR,2026,3,2026,17,14,0.0,4.189586639404297,False,91,0.0,9.802765965461724,4
Malachi Corley,WR,2026,3,2026,4,1,0.0,1.9219601154327393,False,0,0.0,16.637720060348492,4
Malachi Corley,WR,2026,3,2026,5,2,0.0,1.8528389930725098,False,7,0.0,16.014151477813712,4
Malachi Corley,WR,2026,3,2026,6,3,0.0,1.9073837995529175,False,14,0.0,15.436613059043875,4
Malachi Corley,WR,2026,3,2026,7,4,0.0,1.8819774389266968,False,21,0.0,15.433529925346361,4
Malachi Corley,WR,2026,3,2026,8,5,0.0,1.864659309387207,False,28,0.0,14.807651925086972,4
Malachi Corley,WR,2026,3,2026,9,6,0.0,1.8295491933822632,False,35,0.0,14.046241164207455,4
Malachi Corley,WR,2026,3,2026,10,7,0.0,1.8377190828323364,False,42,0.0,13.45127518177032,4
Malachi Corley,WR,2026,3,2026,11,8,0.0,1.896504282951355,False,49,0.0,12.913431811332696,4
Malachi Corley,WR,2026,3,2026,12,9,0.0,1.948599100112915,False,56,0.0,11.854477548599215,4
Malachi Corley,WR,2026,3,2026,13,10,0.0,1.9953538179397583,False,63,0.0,11.266326189041138,4
Malachi Corley,WR,2026,3,2026,14,11,0.0,2.014345407485962,False,70,0.0,11.0169898033142,4
Malachi Corley,WR,2026,3,2026,15,12,0.0,2.0559444427490234,False,77,0.0,10.502779293060296,4
Malachi Corley,WR,2026,3,2026,16,13,0.0,2.0913145542144775,False,84,0.0,9.73830304145812,4
Malachi Corley,WR,2026,3,2026,17,14,0.0,2.1224870681762695,False,91,0.0,7.735666394233697,4
Malachi Fields,WR,2026,3,2026,4,1,0.0,3.571833848953247,False,0,0.0,18.287593793869,4
Malachi Fields,WR,2026,3,2026,5,2,0.0,3.4858078956604004,False,7,0.0,17.647120380401603,4
Malachi Fields,WR,2026,3,2026,6,3,0.0,3.7250077724456787,False,14,0.0,17.254237031936636,4
Malachi Fields,WR,2026,3,2026,7,4,0.0,3.9333114624023438,False,21,0.0,17.48486394882201,4
Malachi Fields,WR,2026,3,2026,8,5,0.0,4.101217269897461,False,28,0.0,17.044209885597226,4
Malachi Fields,WR,2026,3,2026,9,6,0.0,4.285750389099121,False,35,0.0,16.502442359924313,4
Malachi Fields,WR,2026,3,2026,10,7,0.0,4.595200538635254,False,42,0.0,16.208756637573238,4
Malachi Fields,WR,2026,3,2026,11,8,0.0,5.085419178009033,False,49,0.0,16.102346706390374,4
Malachi Fields,WR,2026,3,2026,12,9,0.0,5.605466365814209,False,56,0.0,15.511344814300509,4
Malachi Fields,WR,2026,3,2026,13,10,0.0,6.168095111846924,False,63,0.0,15.439067482948303,4
Malachi Fields,WR,2026,3,2026,14,11,0.0,6.600315570831299,False,70,0.0,15.602959966659537,4
Malachi Fields,WR,2026,3,2026,15,12,0.0,6.889928340911865,False,77,0.0,15.336763191223138,4
Malachi Fields,WR,2026,3,2026,16,13,0.0,7.030644416809082,False,84,0.0,14.677632904052725,4
Malachi Fields,WR,2026,3,2026,17,14,0.0,7.080302715301514,False,91,0.0,12.69348204135894,4
Malik Benson,WR,2026,3,2026,4,1,0.0,2.1668500900268555,False,0,0.0,16.88261003494261,4
Malik Benson,WR,2026,3,2026,5,2,0.0,2.112553358078003,False,7,0.0,16.273865842819205,4
Malik Benson,WR,2026,3,2026,6,3,0.0,2.291323661804199,False,14,0.0,15.820552921295157,4
Malik Benson,WR,2026,3,2026,7,4,0.0,2.3865127563476562,False,21,0.0,15.93806524276732,4
Malik Benson,WR,2026,3,2026,8,5,0.0,2.4670794010162354,False,28,0.0,15.410072016716,4
Malik Benson,WR,2026,3,2026,9,6,0.0,2.561452627182007,False,35,0.0,14.778144598007199,4
Malik Benson,WR,2026,3,2026,10,7,0.0,2.741607904434204,False,42,0.0,14.355164003372188,4
Malik Benson,WR,2026,3,2026,11,8,0.0,3.0200226306915283,False,49,0.0,14.03695015907287,4
Malik Benson,WR,2026,3,2026,12,9,0.0,3.3058595657348633,False,56,0.0,13.211738014221163,4
Malik Benson,WR,2026,3,2026,13,10,0.0,3.5920472145080566,False,63,0.0,12.863019585609436,4
Malik Benson,WR,2026,3,2026,14,11,0.0,3.774013042449951,False,70,0.0,12.776657438278189,4
Malik Benson,WR,2026,3,2026,15,12,0.0,3.911720037460327,False,77,0.0,12.3585548877716,4
Malik Benson,WR,2026,3,2026,16,13,0.0,3.9940104484558105,False,84,0.0,11.640998935699454,4
Malik Benson,WR,2026,3,2026,17,14,0.0,4.038467884063721,False,91,0.0,9.651647210121148,4
Malik McClain,WR,2026,3,2026,4,1,0.0,0.8606879711151123,False,0,0.0,15.576447916030865,4
Malik McClain,WR,2026,3,2026,5,2,0.0,0.9561647176742554,False,7,0.0,15.11747720241546,4
Malik McClain,WR,2026,3,2026,6,3,0.0,1.0722168684005737,False,14,0.0,14.601446127891531,4
Malik McClain,WR,2026,3,2026,7,4,0.0,1.0617905855178833,False,21,0.0,14.613343071937548,4
Malik McClain,WR,2026,3,2026,8,5,0.0,1.0651922225952148,False,28,0.0,14.00818483829498,4
Malik McClain,WR,2026,3,2026,9,6,0.0,1.0782618522644043,False,35,0.0,13.294953823089596,4
Malik McClain,WR,2026,3,2026,10,7,0.0,1.1394785642623901,False,42,0.0,12.753034663200374,4
Malik McClain,WR,2026,3,2026,11,8,0.0,1.2295565605163574,False,49,0.0,12.246484088897699,4
Malik McClain,WR,2026,3,2026,12,9,0.0,1.3277451992034912,False,56,0.0,11.233623647689791,4
Malik McClain,WR,2026,3,2026,13,10,0.0,1.4003314971923828,False,63,0.0,10.671303868293762,4
Malik McClain,WR,2026,3,2026,14,11,0.0,1.4337540864944458,False,70,0.0,10.436398482322684,4
Malik McClain,WR,2026,3,2026,15,12,0.0,1.4896312952041626,False,77,0.0,9.936466145515435,4
Malik McClain,WR,2026,3,2026,16,13,0.0,1.5362340211868286,False,84,0.0,9.183222508430472,4
Malik McClain,WR,2026,3,2026,17,14,0.0,1.5748934745788574,False,91,0.0,7.188072800636285,4
Malik Nabers,WR,2026,3,2026,4,1,0.0,7.438456058502197,False,0,0.0,22.15421600341795,4
Malik Nabers,WR,2026,3,2026,5,2,0.0,7.5241169929504395,False,7,0.0,21.685429477691642,4
Malik Nabers,WR,2026,3,2026,6,3,0.0,7.639599323272705,False,14,0.0,21.168828582763663,4
Malik Nabers,WR,2026,3,2026,7,4,0.0,7.815150737762451,False,21,0.0,21.366703224182118,4
Malik Nabers,WR,2026,3,2026,8,5,0.0,8.096700668334961,False,28,0.0,21.039693284034726,4
Malik Nabers,WR,2026,3,2026,9,6,0.0,8.466543197631836,False,35,0.0,20.683235168457028,4
Malik Nabers,WR,2026,3,2026,10,7,0.0,8.917387962341309,False,42,0.0,20.530944061279293,4
Malik Nabers,WR,2026,3,2026,11,8,0.0,9.372832298278809,False,49,0.0,20.38975982666015,4
Malik Nabers,WR,2026,3,2026,12,9,0.0,9.66932487487793,False,56,0.0,19.575203323364228,4
Malik Nabers,WR,2026,3,2026,13,10,0.0,9.897549629211426,False,63,0.0,19.168522000312805,4
Malik Nabers,WR,2026,3,2026,14,11,0.0,9.969365119934082,False,70,0.0,18.97200951576232,4
Malik Nabers,WR,2026,3,2026,15,12,0.0,9.891497611999512,False,77,0.0,18.338332462310785,4
Malik Nabers,WR,2026,3,2026,16,13,0.0,9.772674560546875,False,84,0.0,17.419663047790518,4
Malik Nabers,WR,2026,3,2026,17,14,0.0,9.665637969970703,False,91,0.0,15.27881729602813,4
Malik Washington,WR,2026,3,2026,4,1,0.0,5.624881267547607,False,0,0.0,20.34064121246336,4
Malik Washington,WR,2026,3,2026,5,2,0.0,5.5557990074157715,False,7,0.0,19.717111492156974,4
Malik Washington,WR,2026,3,2026,6,3,0.0,5.79630708694458,False,14,0.0,19.325536346435538,4
Malik Washington,WR,2026,3,2026,7,4,0.0,6.129787921905518,False,21,0.0,19.681340408325184,4
Malik Washington,WR,2026,3,2026,8,5,0.0,6.498326778411865,False,28,0.0,19.44131939411163,4
Malik Washington,WR,2026,3,2026,9,6,0.0,6.871533393859863,False,35,0.0,19.088225364685055,4
Malik Washington,WR,2026,3,2026,10,7,0.0,7.367182731628418,False,42,0.0,18.980738830566402,4
Malik Washington,WR,2026,3,2026,11,8,0.0,8.05974006652832,False,49,0.0,19.07666759490966,4
Malik Washington,WR,2026,3,2026,12,9,0.0,8.869632720947266,False,56,0.0,18.775511169433564,4
Malik Washington,WR,2026,3,2026,13,10,0.0,9.889927864074707,False,63,0.0,19.160900235176086,4
Malik Washington,WR,2026,3,2026,14,11,0.0,10.812387466430664,False,70,0.0,19.815031862258902,4
Malik Washington,WR,2026,3,2026,15,12,0.0,11.416464805603027,False,77,0.0,19.8632996559143,4
Malik Washington,WR,2026,3,2026,16,13,0.0,11.712862968444824,False,84,0.0,19.359851455688467,4
Malik Washington,WR,2026,3,2026,17,14,0.0,11.821417808532715,False,91,0.0,17.434597134590142,4
MarShawn Lloyd,RB,2026,3,2026,4,1,0.0,2.522613763809204,False,0,0.0,17.238373708724957,4
MarShawn Lloyd,RB,2026,3,2026,5,2,0.0,2.432501792907715,False,7,0.0,16.593814277648917,4
MarShawn Lloyd,RB,2026,3,2026,6,3,0.0,2.5603532791137695,False,14,0.0,16.089582538604727,4
MarShawn Lloyd,RB,2026,3,2026,7,4,0.0,2.614577293395996,False,21,0.0,16.166129779815662,4
MarShawn Lloyd,RB,2026,3,2026,8,5,0.0,2.6740641593933105,False,28,0.0,15.617056775093076,4
MarShawn Lloyd,RB,2026,3,2026,9,6,0.0,2.7694597244262695,False,35,0.0,14.986151695251461,4
MarShawn Lloyd,RB,2026,3,2026,10,7,0.0,2.9542696475982666,False,42,0.0,14.56782574653625,4
MarShawn Lloyd,RB,2026,3,2026,11,8,0.0,3.2492659091949463,False,49,0.0,14.266193437576288,4
MarShawn Lloyd,RB,2026,3,2026,12,9,0.0,3.529468536376953,False,56,0.0,13.435346984863253,4
MarShawn Lloyd,RB,2026,3,2026,13,10,0.0,3.759970188140869,False,63,0.0,13.030942559242249,4
MarShawn Lloyd,RB,2026,3,2026,14,11,0.0,3.892643928527832,False,70,0.0,12.89528832435607,4
MarShawn Lloyd,RB,2026,3,2026,15,12,0.0,3.9932947158813477,False,77,0.0,12.44012956619262,4
MarShawn Lloyd,RB,2026,3,2026,16,13,0.0,4.054416656494141,False,84,0.0,11.701405143737784,4
MarShawn Lloyd,RB,2026,3,2026,17,14,0.0,4.090217590332031,False,91,0.0,9.703396916389458,4
Marquez Valdes-Scantling,WR,2026,3,2026,4,1,0.0,1.9688767194747925,False,0,0.0,16.684636664390545,4
Marquez Valdes-Scantling,WR,2026,3,2026,5,2,0.0,1.9566196203231812,False,7,0.0,16.117932105064384,4
Marquez Valdes-Scantling,WR,2026,3,2026,6,3,0.0,2.0840704441070557,False,14,0.0,15.613299703598013,4
Marquez Valdes-Scantling,WR,2026,3,2026,7,4,0.0,2.1169071197509766,False,21,0.0,15.668459606170641,4
Marquez Valdes-Scantling,WR,2026,3,2026,8,5,0.0,2.168719530105591,False,28,0.0,15.111712145805356,4
Marquez Valdes-Scantling,WR,2026,3,2026,9,6,0.0,2.2816357612609863,False,35,0.0,14.498327732086178,4
Marquez Valdes-Scantling,WR,2026,3,2026,10,7,0.0,2.473050832748413,False,42,0.0,14.086606931686397,4
Marquez Valdes-Scantling,WR,2026,3,2026,11,8,0.0,2.735197067260742,False,49,0.0,13.752124595642083,4
Marquez Valdes-Scantling,WR,2026,3,2026,12,9,0.0,2.991471767425537,False,56,0.0,12.897350215911837,4
Marquez Valdes-Scantling,WR,2026,3,2026,13,10,0.0,3.229482412338257,False,63,0.0,12.500454783439636,4
Marquez Valdes-Scantling,WR,2026,3,2026,14,11,0.0,3.3715291023254395,False,70,0.0,12.374173498153677,4
Marquez Valdes-Scantling,WR,2026,3,2026,15,12,0.0,3.487973213195801,False,77,0.0,11.934808063507074,4
Marquez Valdes-Scantling,WR,2026,3,2026,16,13,0.0,3.5615203380584717,False,84,0.0,11.208508825302115,4
Marquez Valdes-Scantling,WR,2026,3,2026,17,14,0.0,3.604029655456543,False,91,0.0,9.21720898151397,4
Marquise Brown,WR,2026,3,2026,4,1,0.0,4.444178104400635,False,0,0.0,19.159938049316388,4
Marquise Brown,WR,2026,3,2026,5,2,0.0,4.457024097442627,False,7,0.0,18.61833658218383,4
Marquise Brown,WR,2026,3,2026,6,3,0.0,4.783761024475098,False,14,0.0,18.312990283966055,4
Marquise Brown,WR,2026,3,2026,7,4,0.0,5.066717624664307,False,21,0.0,18.618270111083973,4
Marquise Brown,WR,2026,3,2026,8,5,0.0,5.276360988616943,False,28,0.0,18.21935360431671,4
Marquise Brown,WR,2026,3,2026,9,6,0.0,5.473644256591797,False,35,0.0,17.69033622741699,4
Marquise Brown,WR,2026,3,2026,10,7,0.0,5.77201509475708,False,42,0.0,17.385571193695064,4
Marquise Brown,WR,2026,3,2026,11,8,0.0,6.242033958435059,False,49,0.0,17.2589614868164,4
Marquise Brown,WR,2026,3,2026,12,9,0.0,6.750792980194092,False,56,0.0,16.65667142868039,4
Marquise Brown,WR,2026,3,2026,13,10,0.0,7.238612651824951,False,63,0.0,16.50958502292633,4
Marquise Brown,WR,2026,3,2026,14,11,0.0,7.539002895355225,False,70,0.0,16.541647291183462,4
Marquise Brown,WR,2026,3,2026,15,12,0.0,7.671817302703857,False,77,0.0,16.11865215301513,4
Marquise Brown,WR,2026,3,2026,16,13,0.0,7.706324100494385,False,84,0.0,15.353312587738028,4
Marquise Brown,WR,2026,3,2026,17,14,0.0,7.6970696449279785,False,91,0.0,13.310248970985405,4
Marvin Harrison Jr.,WR,2026,3,2026,4,1,0.0,7.992655277252197,False,0,0.0,22.70841522216795,4
Marvin Harrison Jr.,WR,2026,3,2026,5,2,0.0,7.690088748931885,False,7,0.0,21.851401233673087,4
Marvin Harrison Jr.,WR,2026,3,2026,6,3,0.0,7.51127290725708,False,14,0.0,21.040502166748038,4
Marvin Harrison Jr.,WR,2026,3,2026,7,4,0.0,7.43167781829834,False,21,0.0,20.983230304718006,4
Marvin Harrison Jr.,WR,2026,3,2026,8,5,0.0,7.278836727142334,False,28,0.0,20.2218293428421,4
Marvin Harrison Jr.,WR,2026,3,2026,9,6,0.0,7.0343017578125,False,35,0.0,19.25099372863769,4
Marvin Harrison Jr.,WR,2026,3,2026,10,7,0.0,6.748274326324463,False,42,0.0,18.361830425262447,4
Marvin Harrison Jr.,WR,2026,3,2026,11,8,0.0,6.4572434425354,False,49,0.0,17.47417097091674,4
Marvin Harrison Jr.,WR,2026,3,2026,12,9,0.0,6.1021928787231445,False,56,0.0,16.008071327209443,4
Marvin Harrison Jr.,WR,2026,3,2026,13,10,0.0,5.803536891937256,False,63,0.0,15.074509263038635,4
Marvin Harrison Jr.,WR,2026,3,2026,14,11,0.0,5.619619369506836,False,70,0.0,14.622263765335074,4
Marvin Harrison Jr.,WR,2026,3,2026,15,12,0.0,5.499363422393799,False,77,0.0,13.946198272705072,4
Marvin Harrison Jr.,WR,2026,3,2026,16,13,0.0,5.410754680633545,False,84,0.0,13.057743167877188,4
Marvin Harrison Jr.,WR,2026,3,2026,17,14,0.0,5.367903232574463,False,91,0.0,10.98108255863189,4
Marvin Mims Jr.,WR,2026,3,2026,4,1,0.0,6.688713073730469,False,0,0.0,21.40447301864622,4
Marvin Mims Jr.,WR,2026,3,2026,5,2,0.0,6.868476390838623,False,7,0.0,21.029788875579825,4
Marvin Mims Jr.,WR,2026,3,2026,6,3,0.0,7.071303367614746,False,14,0.0,20.600532627105704,4
Marvin Mims Jr.,WR,2026,3,2026,7,4,0.0,7.273590087890625,False,21,0.0,20.82514257431029,4
Marvin Mims Jr.,WR,2026,3,2026,8,5,0.0,7.373366832733154,False,28,0.0,20.31635944843292,4
Marvin Mims Jr.,WR,2026,3,2026,9,6,0.0,7.354678630828857,False,35,0.0,19.57137060165405,4
Marvin Mims Jr.,WR,2026,3,2026,10,7,0.0,7.252434253692627,False,42,0.0,18.86599035263061,4
Marvin Mims Jr.,WR,2026,3,2026,11,8,0.0,7.090534687042236,False,49,0.0,18.107462215423578,4
Marvin Mims Jr.,WR,2026,3,2026,12,9,0.0,6.8116302490234375,False,56,0.0,16.717508697509736,4
Marvin Mims Jr.,WR,2026,3,2026,13,10,0.0,6.552779674530029,False,63,0.0,15.823752045631409,4
Marvin Mims Jr.,WR,2026,3,2026,14,11,0.0,6.383069038391113,False,70,0.0,15.385713434219351,4
Marvin Mims Jr.,WR,2026,3,2026,15,12,0.0,6.2695631980896,False,77,0.0,14.716398048400873,4
Marvin Mims Jr.,WR,2026,3,2026,16,13,0.0,6.189087390899658,False,84,0.0,13.836075878143301,4
Marvin Mims Jr.,WR,2026,3,2026,17,14,0.0,6.142178058624268,False,91,0.0,11.755357384681695,4
Matthew Golden,WR,2026,3,2026,4,1,0.0,7.242668628692627,False,0,0.0,21.95842857360838,4
Matthew Golden,WR,2026,3,2026,5,2,0.0,6.997387409210205,False,7,0.0,21.158699893951407,4
Matthew Golden,WR,2026,3,2026,6,3,0.0,6.883635997772217,False,14,0.0,20.412865257263174,4
Matthew Golden,WR,2026,3,2026,7,4,0.0,6.9039530754089355,False,21,0.0,20.455505561828602,4
Matthew Golden,WR,2026,3,2026,8,5,0.0,7.011331558227539,False,28,0.0,19.954324173927304,4
Matthew Golden,WR,2026,3,2026,9,6,0.0,7.1949968338012695,False,35,0.0,19.41168880462646,4
Matthew Golden,WR,2026,3,2026,10,7,0.0,7.446115970611572,False,42,0.0,19.059672069549556,4
Matthew Golden,WR,2026,3,2026,11,8,0.0,7.73992919921875,False,49,0.0,18.75685672760009,4
Matthew Golden,WR,2026,3,2026,12,9,0.0,7.911953449249268,False,56,0.0,17.817831897735566,4
Matthew Golden,WR,2026,3,2026,13,10,0.0,8.002225875854492,False,63,0.0,17.27319824695587,4
Matthew Golden,WR,2026,3,2026,14,11,0.0,7.997098445892334,False,70,0.0,16.999742841720572,4
Matthew Golden,WR,2026,3,2026,15,12,0.0,7.941417217254639,False,77,0.0,16.38825206756591,4
Matthew Golden,WR,2026,3,2026,16,13,0.0,7.870642185211182,False,84,0.0,15.517630672454825,4
Matthew Golden,WR,2026,3,2026,17,14,0.0,7.792040824890137,False,91,0.0,13.405220150947564,4
Max Bredeson,RB,2026,3,2026,4,1,0.0,1.0586044788360596,False,0,0.0,15.774364423751813,4
Max Bredeson,RB,2026,3,2026,5,2,0.0,1.122187614440918,False,7,0.0,15.283500099182122,4
Max Bredeson,RB,2026,3,2026,6,3,0.0,1.2485989332199097,False,14,0.0,14.777828192710867,4
Max Bredeson,RB,2026,3,2026,7,4,0.0,1.2462416887283325,False,21,0.0,14.797794175147997,4
Max Bredeson,RB,2026,3,2026,8,5,0.0,1.2487274408340454,False,28,0.0,14.19172005653381,4
Max Bredeson,RB,2026,3,2026,9,6,0.0,1.268497347831726,False,35,0.0,13.485189318656918,4
Max Bredeson,RB,2026,3,2026,10,7,0.0,1.3523672819137573,False,42,0.0,12.965923380851741,4
Max Bredeson,RB,2026,3,2026,11,8,0.0,1.4754071235656738,False,49,0.0,12.492334651947015,4
Max Bredeson,RB,2026,3,2026,12,9,0.0,1.6119083166122437,False,56,0.0,11.517786765098544,4
Max Bredeson,RB,2026,3,2026,13,10,0.0,1.7217414379119873,False,63,0.0,10.992713809013367,4
Max Bredeson,RB,2026,3,2026,14,11,0.0,1.7744821310043335,False,70,0.0,10.777126526832571,4
Max Bredeson,RB,2026,3,2026,15,12,0.0,1.8401681184768677,False,77,0.0,10.28700296878814,4
Max Bredeson,RB,2026,3,2026,16,13,0.0,1.8898403644561768,False,84,0.0,9.53682885169982,4
Max Bredeson,RB,2026,3,2026,17,14,0.0,1.9285577535629272,False,91,0.0,7.541737079620355,4
Michael Burton,RB,2026,3,2026,4,1,0.0,1.2400171756744385,False,0,0.0,15.955777120590191,4
Michael Burton,RB,2026,3,2026,5,2,0.0,1.3022600412368774,False,7,0.0,15.463572525978082,4
Michael Burton,RB,2026,3,2026,6,3,0.0,1.4518991708755493,False,14,0.0,14.981128430366507,4
Michael Burton,RB,2026,3,2026,7,4,0.0,1.4747519493103027,False,21,0.0,15.026304435729967,4
Michael Burton,RB,2026,3,2026,8,5,0.0,1.5107975006103516,False,28,0.0,14.453790116310117,4
Michael Burton,RB,2026,3,2026,9,6,0.0,1.553542137145996,False,35,0.0,13.770234107971188,4
Michael Burton,RB,2026,3,2026,10,7,0.0,1.6370617151260376,False,42,0.0,13.250617814064022,4
Michael Burton,RB,2026,3,2026,11,8,0.0,1.7494025230407715,False,49,0.0,12.766330051422113,4
Michael Burton,RB,2026,3,2026,12,9,0.0,1.8462700843811035,False,56,0.0,11.752148532867404,4
Michael Burton,RB,2026,3,2026,13,10,0.0,1.9200308322906494,False,63,0.0,11.191003203392029,4
Michael Burton,RB,2026,3,2026,14,11,0.0,1.9572898149490356,False,70,0.0,10.959934210777273,4
Michael Burton,RB,2026,3,2026,15,12,0.0,2.0135700702667236,False,77,0.0,10.460404920577997,4
Michael Burton,RB,2026,3,2026,16,13,0.0,2.063650369644165,False,84,0.0,9.710638856887808,4
Michael Burton,RB,2026,3,2026,17,14,0.0,2.1039795875549316,False,91,0.0,7.7171589136123595,4
Michael Carter,RB,2026,3,2026,4,1,0.0,7.476463794708252,False,0,0.0,22.192223739624005,4
Michael Carter,RB,2026,3,2026,5,2,0.0,7.0899505615234375,False,7,0.0,21.25126304626464,4
Michael Carter,RB,2026,3,2026,6,3,0.0,6.861317157745361,False,14,0.0,20.39054641723632,4
Michael Carter,RB,2026,3,2026,7,4,0.0,6.799898147583008,False,21,0.0,20.351450634002674,4
Michael Carter,RB,2026,3,2026,8,5,0.0,6.838733196258545,False,28,0.0,19.78172581195831,4
Michael Carter,RB,2026,3,2026,9,6,0.0,6.934625148773193,False,35,0.0,19.151317119598385,4
Michael Carter,RB,2026,3,2026,10,7,0.0,7.091757774353027,False,42,0.0,18.70531387329101,4
Michael Carter,RB,2026,3,2026,11,8,0.0,7.31004524230957,False,49,0.0,18.32697277069091,4
Michael Carter,RB,2026,3,2026,12,9,0.0,7.401614665985107,False,56,0.0,17.307493114471406,4
Michael Carter,RB,2026,3,2026,13,10,0.0,7.407525539398193,False,63,0.0,16.678497910499573,4
Michael Carter,RB,2026,3,2026,14,11,0.0,7.344344615936279,False,70,0.0,16.346989011764517,4
Michael Carter,RB,2026,3,2026,15,12,0.0,7.253499507904053,False,77,0.0,15.700334358215326,4
Michael Carter,RB,2026,3,2026,16,13,0.0,7.166050434112549,False,84,0.0,14.813038921356192,4
Michael Carter,RB,2026,3,2026,17,14,0.0,7.108306884765625,False,91,0.0,12.721486210823052,4
Michael Pittman,WR,2026,3,2026,4,1,0.0,9.910120964050293,False,0,0.0,24.625880908966046,4
Michael Pittman,WR,2026,3,2026,5,2,0.0,10.121272087097168,False,7,0.0,24.28258457183837,4
Michael Pittman,WR,2026,3,2026,6,3,0.0,10.798701286315918,False,14,0.0,24.327930545806876,4
Michael Pittman,WR,2026,3,2026,7,4,0.0,11.539229393005371,False,21,0.0,25.090781879425037,4
Michael Pittman,WR,2026,3,2026,8,5,0.0,12.248461723327637,False,28,0.0,25.191454339027402,4
Michael Pittman,WR,2026,3,2026,9,6,0.0,12.76919174194336,False,35,0.0,24.98588371276855,4
Michael Pittman,WR,2026,3,2026,10,7,0.0,13.156399726867676,False,42,0.0,24.76995582580566,4
Michael Pittman,WR,2026,3,2026,11,8,0.0,13.466357231140137,False,49,0.0,24.483284759521478,4
Michael Pittman,WR,2026,3,2026,12,9,0.0,13.65910530090332,False,56,0.0,23.56498374938962,4
Michael Pittman,WR,2026,3,2026,13,10,0.0,13.836756706237793,False,63,0.0,23.107729077339172,4
Michael Pittman,WR,2026,3,2026,14,11,0.0,13.897649765014648,False,70,0.0,22.900294160842886,4
Michael Pittman,WR,2026,3,2026,15,12,0.0,13.879084587097168,False,77,0.0,22.32591943740844,4
Michael Pittman,WR,2026,3,2026,16,13,0.0,13.849774360656738,False,84,0.0,21.49676284790038,4
Michael Pittman,WR,2026,3,2026,17,14,0.0,13.80240249633789,False,91,0.0,19.415581822395318,4
Michael Wilson,WR,2026,3,2026,4,1,0.0,11.919645309448242,False,0,0.8210298538208001,26.635405254363995,4
Michael Wilson,WR,2026,3,2026,5,2,0.0,11.904226303100586,False,7,0.0,26.06553878784179,4
Michael Wilson,WR,2026,3,2026,6,3,0.0,11.849706649780273,False,14,0.0,25.37893590927123,4
Michael Wilson,WR,2026,3,2026,7,4,0.0,11.734519004821777,False,21,0.0,25.286071491241444,4
Michael Wilson,WR,2026,3,2026,8,5,0.0,11.617348670959473,False,28,0.0,24.560341286659238,4
Michael Wilson,WR,2026,3,2026,9,6,0.0,11.487557411193848,False,35,0.0,23.70424938201904,4
Michael Wilson,WR,2026,3,2026,10,7,0.0,11.376663208007812,False,42,0.0,22.990219306945797,4
Michael Wilson,WR,2026,3,2026,11,8,0.0,11.247371673583984,False,49,0.0,22.264299201965326,4
Michael Wilson,WR,2026,3,2026,12,9,0.0,11.034603118896484,False,56,0.0,20.940481567382783,4
Michael Wilson,WR,2026,3,2026,13,10,0.0,10.809691429138184,False,63,0.0,20.080663800239563,4
Michael Wilson,WR,2026,3,2026,14,11,0.0,10.599498748779297,False,70,0.0,19.602143144607535,4
Michael Wilson,WR,2026,3,2026,15,12,0.0,10.401741981506348,False,77,0.0,18.84857683181762,4
Michael Wilson,WR,2026,3,2026,16,13,0.0,10.24148941040039,False,84,0.0,17.888477897644034,4
Michael Wilson,WR,2026,3,2026,17,14,0.0,10.122099876403809,False,91,0.0,15.735279202461236,4
Mike Evans,WR,2026,3,2026,4,1,0.0,13.536881446838379,False,0,2.438265991210937,28.252641391754132,4
Mike Evans,WR,2026,3,2026,5,2,0.0,14.22233772277832,False,7,0.5550435066223134,28.383650207519523,4
Mike Evans,WR,2026,3,2026,6,3,0.0,14.547467231750488,False,14,0.4198819160461422,28.076696491241446,4
Mike Evans,WR,2026,3,2026,7,4,0.0,14.86260986328125,False,21,0.5748556137084968,28.414162349700916,4
Mike Evans,WR,2026,3,2026,8,5,0.0,15.137065887451172,False,28,0.6986156463623043,28.080058503150937,4
Mike Evans,WR,2026,3,2026,9,6,0.0,15.317898750305176,False,35,0.7844975471496571,27.534590721130368,4
Mike Evans,WR,2026,3,2026,10,7,0.0,15.485299110412598,False,42,0.8796463966369625,27.09885520935058,4
Mike Evans,WR,2026,3,2026,11,8,0.0,15.685585975646973,False,49,1.0301377296447747,26.702513504028314,4
Mike Evans,WR,2026,3,2026,12,9,0.0,15.813584327697754,False,56,1.1117672920227069,25.719462776184052,4
Mike Evans,WR,2026,3,2026,13,10,0.0,15.992500305175781,False,63,1.227773380279542,25.26347267627716,4
Mike Evans,WR,2026,3,2026,14,11,0.0,16.09705924987793,False,70,1.2857855796813968,25.099703645706168,4
Mike Evans,WR,2026,3,2026,15,12,0.0,16.103046417236328,False,77,1.2602414131164554,24.5498812675476,4
Mike Evans,WR,2026,3,2026,16,13,0.0,16.06246566772461,False,84,1.209868144989013,23.709454154968252,4
Mike Evans,WR,2026,3,2026,17,14,0.0,15.989216804504395,False,91,1.1059239387512214,21.60239613056182,4
Mike Washington Jr.,RB,2026,3,2026,4,1,0.0,3.440267562866211,False,0,0.0,18.156027507781964,4
Mike Washington Jr.,RB,2026,3,2026,5,2,0.0,3.3466525077819824,False,7,0.0,17.507964992523185,4
Mike Washington Jr.,RB,2026,3,2026,6,3,0.0,3.5624425411224365,False,14,0.0,17.091671800613394,4
Mike Washington Jr.,RB,2026,3,2026,7,4,0.0,3.7331972122192383,False,21,0.0,17.284749698638905,4
Mike Washington Jr.,RB,2026,3,2026,8,5,0.0,3.864015817642212,False,28,0.0,16.807008433341977,4
Mike Washington Jr.,RB,2026,3,2026,9,6,0.0,4.019504070281982,False,35,0.0,16.236196041107174,4
Mike Washington Jr.,RB,2026,3,2026,10,7,0.0,4.2841973304748535,False,42,0.0,15.897753429412838,4
Mike Washington Jr.,RB,2026,3,2026,11,8,0.0,4.706704139709473,False,49,0.0,15.723631668090814,4
Mike Washington Jr.,RB,2026,3,2026,12,9,0.0,5.163421154022217,False,56,0.0,15.069299602508517,4
Mike Washington Jr.,RB,2026,3,2026,13,10,0.0,5.675426483154297,False,63,0.0,14.946398854255676,4
Mike Washington Jr.,RB,2026,3,2026,14,11,0.0,6.065371036529541,False,70,0.0,15.068015432357779,4
Mike Washington Jr.,RB,2026,3,2026,15,12,0.0,6.324681758880615,False,77,0.0,14.771516609191888,4
Mike Washington Jr.,RB,2026,3,2026,16,13,0.0,6.454105377197266,False,84,0.0,14.101093864440909,4
Mike Washington Jr.,RB,2026,3,2026,17,14,0.0,6.498128414154053,False,91,0.0,12.11130774021148,4
Mitchell Tinsley,WR,2026,3,2026,4,1,0.0,1.4515742063522339,False,0,0.0,16.167334151267987,4
Mitchell Tinsley,WR,2026,3,2026,5,2,0.0,1.4637669324874878,False,7,0.0,15.625079417228692,4
Mitchell Tinsley,WR,2026,3,2026,6,3,0.0,1.5479450225830078,False,14,0.0,15.077174282073965,4
Mitchell Tinsley,WR,2026,3,2026,7,4,0.0,1.5278313159942627,False,21,0.0,15.079383802413927,4
Mitchell Tinsley,WR,2026,3,2026,8,5,0.0,1.516999363899231,False,28,0.0,14.459991979598996,4
Mitchell Tinsley,WR,2026,3,2026,9,6,0.0,1.5025067329406738,False,35,0.0,13.719198703765866,4
Mitchell Tinsley,WR,2026,3,2026,10,7,0.0,1.528740406036377,False,42,0.0,13.142296504974361,4
Mitchell Tinsley,WR,2026,3,2026,11,8,0.0,1.5819569826126099,False,49,0.0,12.598884510993951,4
Mitchell Tinsley,WR,2026,3,2026,12,9,0.0,1.6300811767578125,False,56,0.0,11.535959625244113,4
Mitchell Tinsley,WR,2026,3,2026,13,10,0.0,1.6725939512252808,False,63,0.0,10.94356632232666,4
Mitchell Tinsley,WR,2026,3,2026,14,11,0.0,1.6902073621749878,False,70,0.0,10.692851758003226,4
Mitchell Tinsley,WR,2026,3,2026,15,12,0.0,1.733698844909668,False,77,0.0,10.18053369522094,4
Mitchell Tinsley,WR,2026,3,2026,16,13,0.0,1.7733136415481567,False,84,0.0,9.4203021287918,4
Mitchell Tinsley,WR,2026,3,2026,17,14,0.0,1.807809829711914,False,91,0.0,7.420989155769342,4
Montorie Foster Jr,WR,2026,3,2026,4,1,0.0,1.5799745321273804,False,0,0.0,16.295734477043133,4
Montorie Foster Jr,WR,2026,3,2026,5,2,0.0,1.5776447057724,False,7,0.0,15.738957190513604,4
Montorie Foster Jr,WR,2026,3,2026,6,3,0.0,1.7269151210784912,False,14,0.0,15.256144380569449,4
Montorie Foster Jr,WR,2026,3,2026,7,4,0.0,1.7574857473373413,False,21,0.0,15.309038233757006,4
Montorie Foster Jr,WR,2026,3,2026,8,5,0.0,1.7837088108062744,False,28,0.0,14.72670142650604,4
Montorie Foster Jr,WR,2026,3,2026,9,6,0.0,1.8173012733459473,False,35,0.0,14.033993244171139,4
Montorie Foster Jr,WR,2026,3,2026,10,7,0.0,1.9113174676895142,False,42,0.0,13.524873566627498,4
Montorie Foster Jr,WR,2026,3,2026,11,8,0.0,2.0628409385681152,False,49,0.0,13.079768466949456,4
Montorie Foster Jr,WR,2026,3,2026,12,9,0.0,2.2164061069488525,False,56,0.0,12.122284555435153,4
Montorie Foster Jr,WR,2026,3,2026,13,10,0.0,2.346059560775757,False,63,0.0,11.617031931877136,4
Montorie Foster Jr,WR,2026,3,2026,14,11,0.0,2.413529872894287,False,70,0.0,11.416174268722525,4
Montorie Foster Jr,WR,2026,3,2026,15,12,0.0,2.4858741760253906,False,77,0.0,10.932709026336664,4
Montorie Foster Jr,WR,2026,3,2026,16,13,0.0,2.540550708770752,False,84,0.0,10.187539196014395,4
Montorie Foster Jr,WR,2026,3,2026,17,14,0.0,2.5806188583374023,False,91,0.0,8.19379818439483,4
Myles Price,WR,2026,3,2026,4,1,0.0,1.6595454216003418,False,0,0.0,16.375305366516095,4
Myles Price,WR,2026,3,2026,5,2,0.0,1.6133226156234741,False,7,0.0,15.774635100364678,4
Myles Price,WR,2026,3,2026,6,3,0.0,1.6361819505691528,False,14,0.0,15.16541121006011,4
Myles Price,WR,2026,3,2026,7,4,0.0,1.5806118249893188,False,21,0.0,15.132164311408983,4
Myles Price,WR,2026,3,2026,8,5,0.0,1.5425065755844116,False,28,0.0,14.485499191284177,4
Myles Price,WR,2026,3,2026,9,6,0.0,1.4993816614151,False,35,0.0,13.716073632240292,4
Myles Price,WR,2026,3,2026,10,7,0.0,1.504130244255066,False,42,0.0,13.11768634319305,4
Myles Price,WR,2026,3,2026,11,8,0.0,1.5504034757614136,False,49,0.0,12.567331004142755,4
Myles Price,WR,2026,3,2026,12,9,0.0,1.59298837184906,False,56,0.0,11.49886682033536,4
Myles Price,WR,2026,3,2026,13,10,0.0,1.631224274635315,False,63,0.0,10.902196645736694,4
Myles Price,WR,2026,3,2026,14,11,0.0,1.6457511186599731,False,70,0.0,10.648395514488211,4
Myles Price,WR,2026,3,2026,15,12,0.0,1.6860684156417847,False,77,0.0,10.132903265953058,4
Myles Price,WR,2026,3,2026,16,13,0.0,1.7212036848068237,False,84,0.0,9.368192172050467,4
Myles Price,WR,2026,3,2026,17,14,0.0,1.7526576519012451,False,91,0.0,7.365836977958673,4
Najee Harris,RB,2026,3,2026,4,1,0.0,1.5194824934005737,False,0,0.0,16.235242438316327,4
Najee Harris,RB,2026,3,2026,5,2,0.0,1.4617115259170532,False,7,0.0,15.623024010658257,4
Najee Harris,RB,2026,3,2026,6,3,0.0,1.6167854070663452,False,14,0.0,15.146014666557303,4
Najee Harris,RB,2026,3,2026,7,4,0.0,1.652817726135254,False,21,0.0,15.204370212554918,4
Najee Harris,RB,2026,3,2026,8,5,0.0,1.6973979473114014,False,28,0.0,14.640390563011167,4
Najee Harris,RB,2026,3,2026,9,6,0.0,1.7642849683761597,False,35,0.0,13.980976939201351,4
Najee Harris,RB,2026,3,2026,10,7,0.0,1.8947383165359497,False,42,0.0,13.508294415473934,4
Najee Harris,RB,2026,3,2026,11,8,0.0,2.0779051780700684,False,49,0.0,13.09483270645141,4
Najee Harris,RB,2026,3,2026,12,9,0.0,2.272346019744873,False,56,0.0,12.178224468231173,4
Najee Harris,RB,2026,3,2026,13,10,0.0,2.440188407897949,False,63,0.0,11.711160778999329,4
Najee Harris,RB,2026,3,2026,14,11,0.0,2.5374739170074463,False,70,0.0,11.540118312835684,4
Najee Harris,RB,2026,3,2026,15,12,0.0,2.636413335800171,False,77,0.0,11.083248186111444,4
Najee Harris,RB,2026,3,2026,16,13,0.0,2.710052967071533,False,84,0.0,10.357041454315176,4
Najee Harris,RB,2026,3,2026,17,14,0.0,2.7604594230651855,False,91,0.0,8.373638749122613,4
Nicholas Singleton,RB,2026,3,2026,4,1,0.0,0.8570054769515991,False,0,0.0,15.572765421867352,4
Nicholas Singleton,RB,2026,3,2026,5,2,0.0,0.924462080001831,False,7,0.0,15.085774564743035,4
Nicholas Singleton,RB,2026,3,2026,6,3,0.0,1.0516629219055176,False,14,0.0,14.580892181396475,4
Nicholas Singleton,RB,2026,3,2026,7,4,0.0,1.0509164333343506,False,21,0.0,14.602468919754015,4
Nicholas Singleton,RB,2026,3,2026,8,5,0.0,1.059887170791626,False,28,0.0,14.002879786491391,4
Nicholas Singleton,RB,2026,3,2026,9,6,0.0,1.088321328163147,False,35,0.0,13.305013298988339,4
Nicholas Singleton,RB,2026,3,2026,10,7,0.0,1.179525375366211,False,42,0.0,12.793081474304195,4
Nicholas Singleton,RB,2026,3,2026,11,8,0.0,1.3084675073623657,False,49,0.0,12.325395035743707,4
Nicholas Singleton,RB,2026,3,2026,12,9,0.0,1.4613819122314453,False,56,0.0,11.367260360717745,4
Nicholas Singleton,RB,2026,3,2026,13,10,0.0,1.5870836973190308,False,63,0.0,10.85805606842041,4
Nicholas Singleton,RB,2026,3,2026,14,11,0.0,1.652059555053711,False,70,0.0,10.654703950881949,4
Nicholas Singleton,RB,2026,3,2026,15,12,0.0,1.728817343711853,False,77,0.0,10.175652194023126,4
Nicholas Singleton,RB,2026,3,2026,16,13,0.0,1.7871845960617065,False,84,0.0,9.43417308330535,4
Nicholas Singleton,RB,2026,3,2026,17,14,0.0,1.8319464921951294,False,91,0.0,7.445125818252557,4
Nick Westbrook-Ikhine,WR,2026,3,2026,4,1,0.0,0.9284099340438843,False,0,0.0,15.644169878959637,4
Nick Westbrook-Ikhine,WR,2026,3,2026,5,2,0.0,0.9875128269195557,False,7,0.0,15.14882531166076,4
Nick Westbrook-Ikhine,WR,2026,3,2026,6,3,0.0,1.0553562641143799,False,14,0.0,14.584585523605337,4
Nick Westbrook-Ikhine,WR,2026,3,2026,7,4,0.0,1.0158442258834839,False,21,0.0,14.567396712303148,4
Nick Westbrook-Ikhine,WR,2026,3,2026,8,5,0.0,1.0064507722854614,False,28,0.0,13.949443387985227,4
Nick Westbrook-Ikhine,WR,2026,3,2026,9,6,0.0,1.0188895463943481,False,35,0.0,13.23558151721954,4
Nick Westbrook-Ikhine,WR,2026,3,2026,10,7,0.0,1.0761781930923462,False,42,0.0,12.68973429203033,4
Nick Westbrook-Ikhine,WR,2026,3,2026,11,8,0.0,1.1601452827453613,False,49,0.0,12.177072811126703,4
Nick Westbrook-Ikhine,WR,2026,3,2026,12,9,0.0,1.2472128868103027,False,56,0.0,11.153091335296603,4
Nick Westbrook-Ikhine,WR,2026,3,2026,13,10,0.0,1.3075000047683716,False,63,0.0,10.578472375869751,4
Nick Westbrook-Ikhine,WR,2026,3,2026,14,11,0.0,1.3361165523529053,False,70,0.0,10.338760948181143,4
Nick Westbrook-Ikhine,WR,2026,3,2026,15,12,0.0,1.3888673782348633,False,77,0.0,9.835702228546136,4
Nick Westbrook-Ikhine,WR,2026,3,2026,16,13,0.0,1.4348719120025635,False,84,0.0,9.081860399246207,4
Nick Westbrook-Ikhine,WR,2026,3,2026,17,14,0.0,1.4730151891708374,False,91,0.0,7.086194515228265,4
Nico Collins,WR,2026,3,2026,4,1,0.0,12.738778114318848,False,0,1.6401626586914055,27.4545380592346,4
Nico Collins,WR,2026,3,2026,5,2,0.0,13.02538013458252,False,7,0.0,27.186692619323722,4
Nico Collins,WR,2026,3,2026,6,3,0.0,13.296645164489746,False,14,0.0,26.825874423980704,4
Nico Collins,WR,2026,3,2026,7,4,0.0,13.433669090270996,False,21,0.0,26.985221576690662,4
Nico Collins,WR,2026,3,2026,8,5,0.0,13.529303550720215,False,28,0.0,26.47229616641998,4
Nico Collins,WR,2026,3,2026,9,6,0.0,13.638152122497559,False,35,0.0,25.85484409332275,4
Nico Collins,WR,2026,3,2026,10,7,0.0,13.760710716247559,False,42,0.0,25.374266815185543,4
Nico Collins,WR,2026,3,2026,11,8,0.0,13.864729881286621,False,49,0.0,24.881657409667962,4
Nico Collins,WR,2026,3,2026,12,9,0.0,13.890414237976074,False,56,0.0,23.796292686462373,4
Nico Collins,WR,2026,3,2026,13,10,0.0,13.90268611907959,False,63,0.0,23.17365849018097,4
Nico Collins,WR,2026,3,2026,14,11,0.0,13.862261772155762,False,70,0.0,22.864906167984,4
Nico Collins,WR,2026,3,2026,15,12,0.0,13.800284385681152,False,77,0.0,22.247119235992425,4
Nico Collins,WR,2026,3,2026,16,13,0.0,13.749414443969727,False,84,0.0,21.39640293121337,4
Nico Collins,WR,2026,3,2026,17,14,0.0,13.692984580993652,False,91,0.0,19.30616390705108,4
Nikko Remigio,WR,2026,3,2026,4,1,0.0,0.9084923267364502,False,0,0.0,15.624252271652203,4
Nikko Remigio,WR,2026,3,2026,5,2,0.0,1.0057076215744019,False,7,0.0,15.167020106315606,4
Nikko Remigio,WR,2026,3,2026,6,3,0.0,1.091537356376648,False,14,0.0,14.620766615867606,4
Nikko Remigio,WR,2026,3,2026,7,4,0.0,1.0612022876739502,False,21,0.0,14.612754774093615,4
Nikko Remigio,WR,2026,3,2026,8,5,0.0,1.0581893920898438,False,28,0.0,14.001182007789609,4
Nikko Remigio,WR,2026,3,2026,9,6,0.0,1.0625641345977783,False,35,0.0,13.27925610542297,4
Nikko Remigio,WR,2026,3,2026,10,7,0.0,1.0946577787399292,False,42,0.0,12.708213877677913,4
Nikko Remigio,WR,2026,3,2026,11,8,0.0,1.1402052640914917,False,49,0.0,12.157132792472833,4
Nikko Remigio,WR,2026,3,2026,12,9,0.0,1.1883264780044556,False,56,0.0,11.094204926490756,4
Nikko Remigio,WR,2026,3,2026,13,10,0.0,1.2249910831451416,False,63,0.0,10.495963454246521,4
Nikko Remigio,WR,2026,3,2026,14,11,0.0,1.2391823530197144,False,70,0.0,10.241826748847952,4
Nikko Remigio,WR,2026,3,2026,15,12,0.0,1.2799321413040161,False,77,0.0,9.726766991615289,4
Nikko Remigio,WR,2026,3,2026,16,13,0.0,1.3186073303222656,False,84,0.0,8.965595817565909,4
Nikko Remigio,WR,2026,3,2026,17,14,0.0,1.353340983390808,False,91,0.0,6.966520309448236,4
Odell Beckham Jr.,WR,2026,3,2026,4,1,0.0,3.819863796234131,False,0,0.0,18.535623741149884,4
Odell Beckham Jr.,WR,2026,3,2026,5,2,0.0,3.6739399433135986,False,7,0.0,17.8352524280548,4
Odell Beckham Jr.,WR,2026,3,2026,6,3,0.0,3.667527914047241,False,14,0.0,17.1967571735382,4
Odell Beckham Jr.,WR,2026,3,2026,7,4,0.0,3.649320363998413,False,21,0.0,17.20087285041808,4
Odell Beckham Jr.,WR,2026,3,2026,8,5,0.0,3.652902841567993,False,28,0.0,16.59589545726776,4
Odell Beckham Jr.,WR,2026,3,2026,9,6,0.0,3.640394926071167,False,35,0.0,15.857086896896359,4
Odell Beckham Jr.,WR,2026,3,2026,10,7,0.0,3.633324146270752,False,42,0.0,15.246880245208736,4
Odell Beckham Jr.,WR,2026,3,2026,11,8,0.0,3.65500545501709,False,49,0.0,14.671932983398431,4
Odell Beckham Jr.,WR,2026,3,2026,12,9,0.0,3.6122753620147705,False,56,0.0,13.51815381050107,4
Odell Beckham Jr.,WR,2026,3,2026,13,10,0.0,3.5762429237365723,False,63,0.0,12.847215294837952,4
Odell Beckham Jr.,WR,2026,3,2026,14,11,0.0,3.5492730140686035,False,70,0.0,12.551917409896841,4
Odell Beckham Jr.,WR,2026,3,2026,15,12,0.0,3.5474960803985596,False,77,0.0,11.994330930709832,4
Odell Beckham Jr.,WR,2026,3,2026,16,13,0.0,3.5502026081085205,False,84,0.0,11.197191095352164,4
Odell Beckham Jr.,WR,2026,3,2026,17,14,0.0,3.562480926513672,False,91,0.0,9.175660252571099,4
Olamide Zaccheaus,WR,2026,3,2026,4,1,0.0,4.0692548751831055,False,0,0.0,18.78501482009886,4
Olamide Zaccheaus,WR,2026,3,2026,5,2,0.0,3.685138463973999,False,7,0.0,17.8464509487152,4
Olamide Zaccheaus,WR,2026,3,2026,6,3,0.0,3.500056266784668,False,14,0.0,17.029285526275626,4
Olamide Zaccheaus,WR,2026,3,2026,7,4,0.0,3.3764700889587402,False,21,0.0,16.928022575378407,4
Olamide Zaccheaus,WR,2026,3,2026,8,5,0.0,3.302917718887329,False,28,0.0,16.245910334587094,4
Olamide Zaccheaus,WR,2026,3,2026,9,6,0.0,3.2387185096740723,False,35,0.0,15.455410480499264,4
Olamide Zaccheaus,WR,2026,3,2026,10,7,0.0,3.2013566493988037,False,42,0.0,14.814912748336788,4
Olamide Zaccheaus,WR,2026,3,2026,11,8,0.0,3.2213809490203857,False,49,0.0,14.238308477401727,4
Olamide Zaccheaus,WR,2026,3,2026,12,9,0.0,3.2044665813446045,False,56,0.0,13.110345029830905,4
Olamide Zaccheaus,WR,2026,3,2026,13,10,0.0,3.1964356899261475,False,63,0.0,12.467408061027527,4
Olamide Zaccheaus,WR,2026,3,2026,14,11,0.0,3.1947033405303955,False,70,0.0,12.197347736358633,4
Olamide Zaccheaus,WR,2026,3,2026,15,12,0.0,3.221034049987793,False,77,0.0,11.667868900299066,4
Olamide Zaccheaus,WR,2026,3,2026,16,13,0.0,3.247711420059204,False,84,0.0,10.894699907302847,4
Olamide Zaccheaus,WR,2026,3,2026,17,14,0.0,3.273881196975708,False,91,0.0,8.887060523033135,4
Ollie Gordon II,RB,2026,3,2026,4,1,0.0,7.423223972320557,False,0,0.0,22.13898391723631,4
Ollie Gordon II,RB,2026,3,2026,5,2,0.0,7.5807414054870605,False,7,0.0,21.742053890228263,4
Ollie Gordon II,RB,2026,3,2026,6,3,0.0,7.578413963317871,False,14,0.0,21.10764322280883,4
Ollie Gordon II,RB,2026,3,2026,7,4,0.0,7.578929424285889,False,21,0.0,21.130481910705555,4
Ollie Gordon II,RB,2026,3,2026,8,5,0.0,7.458405017852783,False,28,0.0,20.40139763355255,4
Ollie Gordon II,RB,2026,3,2026,9,6,0.0,7.197396755218506,False,35,0.0,19.414088726043698,4
Ollie Gordon II,RB,2026,3,2026,10,7,0.0,6.855294227600098,False,42,0.0,18.46885032653808,4
Ollie Gordon II,RB,2026,3,2026,11,8,0.0,6.481205463409424,False,49,0.0,17.498132991790765,4
Ollie Gordon II,RB,2026,3,2026,12,9,0.0,6.052570819854736,False,56,0.0,15.958449268341036,4
Ollie Gordon II,RB,2026,3,2026,13,10,0.0,5.7117791175842285,False,63,0.0,14.982751488685608,4
Ollie Gordon II,RB,2026,3,2026,14,11,0.0,5.50531530380249,False,70,0.0,14.507959699630728,4
Ollie Gordon II,RB,2026,3,2026,15,12,0.0,5.379021644592285,False,77,0.0,13.825856494903558,4
Ollie Gordon II,RB,2026,3,2026,16,13,0.0,5.292194366455078,False,84,0.0,12.939182853698721,4
Ollie Gordon II,RB,2026,3,2026,17,14,0.0,5.253240585327148,False,91,0.0,10.866419911384575,4
Omar Cooper Jr.,WR,2026,3,2026,4,1,0.0,1.6202832460403442,False,0,0.0,16.336043190956097,4
Omar Cooper Jr.,WR,2026,3,2026,5,2,0.0,1.6238890886306763,False,7,0.0,15.78520157337188,4
Omar Cooper Jr.,WR,2026,3,2026,6,3,0.0,1.7540568113327026,False,14,0.0,15.28328607082366,4
Omar Cooper Jr.,WR,2026,3,2026,7,4,0.0,1.777395248413086,False,21,0.0,15.32894773483275,4
Omar Cooper Jr.,WR,2026,3,2026,8,5,0.0,1.795777440071106,False,28,0.0,14.738770055770871,4
Omar Cooper Jr.,WR,2026,3,2026,9,6,0.0,1.8072755336761475,False,35,0.0,14.02396750450134,4
Omar Cooper Jr.,WR,2026,3,2026,10,7,0.0,1.8845847845077515,False,42,0.0,13.498140883445735,4
Omar Cooper Jr.,WR,2026,3,2026,11,8,0.0,2.027175188064575,False,49,0.0,13.044102716445916,4
Omar Cooper Jr.,WR,2026,3,2026,12,9,0.0,2.180065631866455,False,56,0.0,12.085944080352755,4
Omar Cooper Jr.,WR,2026,3,2026,13,10,0.0,2.309129238128662,False,63,0.0,11.580101609230042,4
Omar Cooper Jr.,WR,2026,3,2026,14,11,0.0,2.376554250717163,False,70,0.0,11.379198646545401,4
Omar Cooper Jr.,WR,2026,3,2026,15,12,0.0,2.4491429328918457,False,77,0.0,10.895977783203119,4
Omar Cooper Jr.,WR,2026,3,2026,16,13,0.0,2.5030698776245117,False,84,0.0,10.150058364868155,4
Omar Cooper Jr.,WR,2026,3,2026,17,14,0.0,2.5436010360717773,False,91,0.0,8.156780362129204,4
Omarion Hampton,RB,2026,3,2026,4,1,0.0,15.051426887512207,False,0,3.952811431884765,29.76718683242796,4
Omarion Hampton,RB,2026,3,2026,5,2,0.0,15.315851211547852,False,7,1.6485569953918446,29.477163696289054,4
Omarion Hampton,RB,2026,3,2026,6,3,0.0,15.508834838867188,False,14,1.3812495231628414,29.038064098358145,4
Omarion Hampton,RB,2026,3,2026,7,4,0.0,15.628623008728027,False,21,1.3408687591552741,29.180175495147694,4
Omarion Hampton,RB,2026,3,2026,8,5,0.0,15.608061790466309,False,28,1.169611549377441,28.551054406166074,4
Omarion Hampton,RB,2026,3,2026,9,6,0.0,15.480209350585938,False,35,0.9468081474304189,27.69690132141113,4
Omarion Hampton,RB,2026,3,2026,10,7,0.0,15.308993339538574,False,42,0.7033406257629391,26.92254943847656,4
Omarion Hampton,RB,2026,3,2026,11,8,0.0,15.103140830993652,False,49,0.44769258499145437,26.120068359374994,4
Omarion Hampton,RB,2026,3,2026,12,9,0.0,14.747252464294434,False,56,0.04543542861938654,24.653130912780732,4
Omarion Hampton,RB,2026,3,2026,13,10,0.0,14.354209899902344,False,63,0.0,23.625182271003723,4
Omarion Hampton,RB,2026,3,2026,14,11,0.0,14.031927108764648,False,70,0.0,23.034571504592886,4
Omarion Hampton,RB,2026,3,2026,15,12,0.0,13.778613090515137,False,77,0.0,22.22544794082641,4
Omarion Hampton,RB,2026,3,2026,16,13,0.0,13.5852632522583,False,84,0.0,21.232251739501944,4
Omarion Hampton,RB,2026,3,2026,17,14,0.0,13.440337181091309,False,91,0.0,19.053516507148736,4
Parker Washington,WR,2026,3,2026,4,1,0.0,14.80469799041748,False,0,3.7060825347900384,29.520457935333233,4
Parker Washington,WR,2026,3,2026,5,2,0.0,14.48532485961914,False,7,0.8180306434631337,28.646637344360343,4
Parker Washington,WR,2026,3,2026,6,3,0.0,14.553945541381836,False,14,0.4263602256774899,28.083174800872793,4
Parker Washington,WR,2026,3,2026,7,4,0.0,14.462851524353027,False,21,0.17509727478027415,28.014404010772694,4
Parker Washington,WR,2026,3,2026,8,5,0.0,14.231125831604004,False,28,0.0,27.17411844730377,4
Parker Washington,WR,2026,3,2026,9,6,0.0,13.907551765441895,False,35,0.0,26.124243736267086,4
Parker Washington,WR,2026,3,2026,10,7,0.0,13.546250343322754,False,42,0.0,25.159806442260738,4
Parker Washington,WR,2026,3,2026,11,8,0.0,13.135396957397461,False,49,0.0,24.152324485778802,4
Parker Washington,WR,2026,3,2026,12,9,0.0,12.602391242980957,False,56,0.0,22.508269691467255,4
Parker Washington,WR,2026,3,2026,13,10,0.0,12.066296577453613,False,63,0.0,21.337268948554993,4
Parker Washington,WR,2026,3,2026,14,11,0.0,11.656168937683105,False,70,0.0,20.658813333511343,4
Parker Washington,WR,2026,3,2026,15,12,0.0,11.345951080322266,False,77,0.0,19.79278593063354,4
Parker Washington,WR,2026,3,2026,16,13,0.0,11.123135566711426,False,84,0.0,18.77012405395507,4
Parker Washington,WR,2026,3,2026,17,14,0.0,10.965527534484863,False,91,0.0,16.57870686054229,4
Pat Bryant,WR,2026,3,2026,4,1,0.0,5.000197887420654,False,0,0.0,19.715957832336407,4
Pat Bryant,WR,2026,3,2026,5,2,0.0,4.749231815338135,False,7,0.0,18.910544300079337,4
Pat Bryant,WR,2026,3,2026,6,3,0.0,4.732594013214111,False,14,0.0,18.26182327270507,4
Pat Bryant,WR,2026,3,2026,7,4,0.0,4.744500160217285,False,21,0.0,18.29605264663695,4
Pat Bryant,WR,2026,3,2026,8,5,0.0,4.767786026000977,False,28,0.0,17.710778641700742,4
Pat Bryant,WR,2026,3,2026,9,6,0.0,4.801430702209473,False,35,0.0,17.018122673034664,4
Pat Bryant,WR,2026,3,2026,10,7,0.0,4.9059739112854,False,42,0.0,16.519530010223384,4
Pat Bryant,WR,2026,3,2026,11,8,0.0,5.150548458099365,False,49,0.0,16.167475986480706,4
Pat Bryant,WR,2026,3,2026,12,9,0.0,5.376669406890869,False,56,0.0,15.28254785537717,4
Pat Bryant,WR,2026,3,2026,13,10,0.0,5.571984767913818,False,63,0.0,14.842957139015198,4
Pat Bryant,WR,2026,3,2026,14,11,0.0,5.679213523864746,False,70,0.0,14.681857919692984,4
Pat Bryant,WR,2026,3,2026,15,12,0.0,5.736310005187988,False,77,0.0,14.183144855499261,4
Pat Bryant,WR,2026,3,2026,16,13,0.0,5.761989116668701,False,84,0.0,13.408977603912344,4
Pat Bryant,WR,2026,3,2026,17,14,0.0,5.7647881507873535,False,91,0.0,11.37796747684478,4
Patrick Ricard,RB,2026,3,2026,4,1,0.0,1.1637483835220337,False,0,0.0,15.879508328437787,4
Patrick Ricard,RB,2026,3,2026,5,2,0.0,1.2170732021331787,False,7,0.0,15.378385686874383,4
Patrick Ricard,RB,2026,3,2026,6,3,0.0,1.2896536588668823,False,14,0.0,14.81888291835784,4
Patrick Ricard,RB,2026,3,2026,7,4,0.0,1.2551366090774536,False,21,0.0,14.806689095497118,4
Patrick Ricard,RB,2026,3,2026,8,5,0.0,1.2531352043151855,False,28,0.0,14.19612782001495,4
Patrick Ricard,RB,2026,3,2026,9,6,0.0,1.2859406471252441,False,35,0.0,13.502632617950436,4
Patrick Ricard,RB,2026,3,2026,10,7,0.0,1.3705400228500366,False,42,0.0,12.98409612178802,4
Patrick Ricard,RB,2026,3,2026,11,8,0.0,1.488900065422058,False,49,0.0,12.5058275938034,4
Patrick Ricard,RB,2026,3,2026,12,9,0.0,1.6000436544418335,False,56,0.0,11.505922102928134,4
Patrick Ricard,RB,2026,3,2026,13,10,0.0,1.6799174547195435,False,63,0.0,10.950889825820923,4
Patrick Ricard,RB,2026,3,2026,14,11,0.0,1.7216575145721436,False,70,0.0,10.724301910400381,4
Patrick Ricard,RB,2026,3,2026,15,12,0.0,1.7838016748428345,False,77,0.0,10.230636525154107,4
Patrick Ricard,RB,2026,3,2026,16,13,0.0,1.8357619047164917,False,84,0.0,9.482750391960135,4
Patrick Ricard,RB,2026,3,2026,17,14,0.0,1.8765285015106201,False,91,0.0,7.489707827568048,4
Puka Nacua,WR,2026,3,2026,4,1,0.0,17.771095275878906,False,0,6.672479820251464,32.48685522079466,4
Puka Nacua,WR,2026,3,2026,5,2,0.0,18.7369441986084,False,7,5.0696499824523915,32.8982566833496,4
Puka Nacua,WR,2026,3,2026,6,3,0.0,18.766590118408203,False,14,4.639004802703857,32.295819377899164,4
Puka Nacua,WR,2026,3,2026,7,4,0.0,18.83957290649414,False,21,4.551818656921387,32.39112539291381,4
Puka Nacua,WR,2026,3,2026,8,5,0.0,18.870967864990234,False,28,4.432517623901367,31.81396048069,4
Puka Nacua,WR,2026,3,2026,9,6,0.0,18.845291137695312,False,35,4.311889934539794,31.061983108520504,4
Puka Nacua,WR,2026,3,2026,10,7,0.0,18.80876922607422,False,42,4.203116512298584,30.422325325012203,4
Puka Nacua,WR,2026,3,2026,11,8,0.0,18.813405990600586,False,49,4.157957744598388,29.830333518981927,4
Puka Nacua,WR,2026,3,2026,12,9,0.0,18.741085052490234,False,56,4.039268016815187,28.646963500976533,4
Puka Nacua,WR,2026,3,2026,13,10,0.0,18.662872314453125,False,63,3.898145389556886,27.933844685554504,4
Puka Nacua,WR,2026,3,2026,14,11,0.0,18.619224548339844,False,70,3.807950878143311,27.62186894416808,4
Puka Nacua,WR,2026,3,2026,15,12,0.0,18.55158042907715,False,77,3.7087754249572757,26.99841527938842,4
Puka Nacua,WR,2026,3,2026,16,13,0.0,18.471960067749023,False,84,3.619362545013427,26.118948554992667,4
Puka Nacua,WR,2026,3,2026,17,14,0.0,18.38922882080078,False,91,3.505935955047608,24.00240814685821,4
Quentin Johnston,WR,2026,3,2026,4,1,0.0,7.199366092681885,False,0,0.0,21.915126037597638,4
Quentin Johnston,WR,2026,3,2026,5,2,0.0,7.0285725593566895,False,7,0.0,21.189885044097892,4
Quentin Johnston,WR,2026,3,2026,6,3,0.0,6.954580783843994,False,14,0.0,20.48381004333495,4
Quentin Johnston,WR,2026,3,2026,7,4,0.0,6.937915325164795,False,21,0.0,20.48946781158446,4
Quentin Johnston,WR,2026,3,2026,8,5,0.0,6.899659633636475,False,28,0.0,19.84265224933624,4
Quentin Johnston,WR,2026,3,2026,9,6,0.0,6.822128772735596,False,35,0.0,19.038820743560787,4
Quentin Johnston,WR,2026,3,2026,10,7,0.0,6.71565055847168,False,42,0.0,18.329206657409664,4
Quentin Johnston,WR,2026,3,2026,11,8,0.0,6.590999126434326,False,49,0.0,17.607926654815667,4
Quentin Johnston,WR,2026,3,2026,12,9,0.0,6.351638317108154,False,56,0.0,16.257516765594453,4
Quentin Johnston,WR,2026,3,2026,13,10,0.0,6.13173770904541,False,63,0.0,15.40271008014679,4
Quentin Johnston,WR,2026,3,2026,14,11,0.0,5.997122287750244,False,70,0.0,14.999766683578482,4
Quentin Johnston,WR,2026,3,2026,15,12,0.0,5.904819488525391,False,77,0.0,14.351654338836664,4
Quentin Johnston,WR,2026,3,2026,16,13,0.0,5.8297810554504395,False,84,0.0,13.476769542694083,4
Quentin Johnston,WR,2026,3,2026,17,14,0.0,5.791556358337402,False,91,0.0,11.40473568439483,4
Quinshon Judkins,RB,2026,3,2026,4,1,0.0,7.852158069610596,False,0,0.0,22.56791801452635,4
Quinshon Judkins,RB,2026,3,2026,5,2,0.0,7.756890773773193,False,7,0.0,21.918203258514396,4
Quinshon Judkins,RB,2026,3,2026,6,3,0.0,7.6850080490112305,False,14,0.0,21.214237308502188,4
Quinshon Judkins,RB,2026,3,2026,7,4,0.0,7.594598293304443,False,21,0.0,21.14615077972411,4
Quinshon Judkins,RB,2026,3,2026,8,5,0.0,7.342192649841309,False,28,0.0,20.285185265541074,4
Quinshon Judkins,RB,2026,3,2026,9,6,0.0,6.963221073150635,False,35,0.0,19.179913043975827,4
Quinshon Judkins,RB,2026,3,2026,10,7,0.0,6.5565972328186035,False,42,0.0,18.170153331756588,4
Quinshon Judkins,RB,2026,3,2026,11,8,0.0,6.173217296600342,False,49,0.0,17.190144824981683,4
Quinshon Judkins,RB,2026,3,2026,12,9,0.0,5.761441707611084,False,56,0.0,15.667320156097384,4
Quinshon Judkins,RB,2026,3,2026,13,10,0.0,5.430843830108643,False,63,0.0,14.701816201210022,4
Quinshon Judkins,RB,2026,3,2026,14,11,0.0,5.23079252243042,False,70,0.0,14.233436918258658,4
Quinshon Judkins,RB,2026,3,2026,15,12,0.0,5.10391902923584,False,77,0.0,13.550753879547113,4
Quinshon Judkins,RB,2026,3,2026,16,13,0.0,5.012035846710205,False,84,0.0,12.659024333953848,4
Quinshon Judkins,RB,2026,3,2026,17,14,0.0,4.970937252044678,False,91,0.0,10.584116578102105,4
RJ Harvey,RB,2026,3,2026,4,1,0.0,8.580458641052246,False,0,0.0,23.296218585968,4
RJ Harvey,RB,2026,3,2026,5,2,0.0,7.7884039878845215,False,7,0.0,21.949716472625724,4
RJ Harvey,RB,2026,3,2026,6,3,0.0,7.193705081939697,False,14,0.0,20.722934341430655,4
RJ Harvey,RB,2026,3,2026,7,4,0.0,6.9607720375061035,False,21,0.0,20.51232452392577,4
RJ Harvey,RB,2026,3,2026,8,5,0.0,6.9255475997924805,False,28,0.0,19.868540215492246,4
RJ Harvey,RB,2026,3,2026,9,6,0.0,6.988420009613037,False,35,0.0,19.20511198043823,4
RJ Harvey,RB,2026,3,2026,10,7,0.0,7.092190265655518,False,42,0.0,18.7057463645935,4
RJ Harvey,RB,2026,3,2026,11,8,0.0,7.22947883605957,False,49,0.0,18.24640636444091,4
RJ Harvey,RB,2026,3,2026,12,9,0.0,7.217892646789551,False,56,0.0,17.12377109527585,4
RJ Harvey,RB,2026,3,2026,13,10,0.0,7.147303104400635,False,63,0.0,16.418275475502014,4
RJ Harvey,RB,2026,3,2026,14,11,0.0,7.075357913970947,False,70,0.0,16.078002309799185,4
RJ Harvey,RB,2026,3,2026,15,12,0.0,7.00288724899292,False,77,0.0,15.449722099304193,4
RJ Harvey,RB,2026,3,2026,16,13,0.0,6.93806791305542,False,84,0.0,14.585056400299063,4
RJ Harvey,RB,2026,3,2026,17,14,0.0,6.886348247528076,False,91,0.0,12.499527573585503,4
Rachaad White,RB,2026,3,2026,4,1,0.0,11.672231674194336,False,0,0.5736162185668938,26.38799161911009,4
Rachaad White,RB,2026,3,2026,5,2,0.0,12.183348655700684,False,7,0.0,26.344661140441886,4
Rachaad White,RB,2026,3,2026,6,3,0.0,12.41031551361084,False,14,0.0,25.939544773101797,4
Rachaad White,RB,2026,3,2026,7,4,0.0,12.368515014648438,False,21,0.0,25.920067501068104,4
Rachaad White,RB,2026,3,2026,8,5,0.0,12.154481887817383,False,28,0.0,25.097474503517148,4
Rachaad White,RB,2026,3,2026,9,6,0.0,11.852578163146973,False,35,0.0,24.069270133972164,4
Rachaad White,RB,2026,3,2026,10,7,0.0,11.532816886901855,False,42,0.0,23.14637298583984,4
Rachaad White,RB,2026,3,2026,11,8,0.0,11.165593147277832,False,49,0.0,22.182520675659173,4
Rachaad White,RB,2026,3,2026,12,9,0.0,10.733001708984375,False,56,0.0,20.638880157470673,4
Rachaad White,RB,2026,3,2026,13,10,0.0,10.350299835205078,False,63,0.0,19.621272206306458,4
Rachaad White,RB,2026,3,2026,14,11,0.0,10.072813034057617,False,70,0.0,19.075457429885855,4
Rachaad White,RB,2026,3,2026,15,12,0.0,9.867940902709961,False,77,0.0,18.314775753021234,4
Rachaad White,RB,2026,3,2026,16,13,0.0,9.72258186340332,False,84,0.0,17.369570350646963,4
Rachaad White,RB,2026,3,2026,17,14,0.0,9.629473686218262,False,91,0.0,15.242653012275689,4
Raheim Sanders,RB,2026,3,2026,4,1,0.0,4.709871768951416,False,0,0.0,19.42563171386717,4
Raheim Sanders,RB,2026,3,2026,5,2,0.0,4.53549861907959,False,7,0.0,18.696811103820792,4
Raheim Sanders,RB,2026,3,2026,6,3,0.0,4.466470241546631,False,14,0.0,17.99569950103759,4
Raheim Sanders,RB,2026,3,2026,7,4,0.0,4.409404277801514,False,21,0.0,17.96095676422118,4
Raheim Sanders,RB,2026,3,2026,8,5,0.0,4.333956241607666,False,28,0.0,17.27694885730743,4
Raheim Sanders,RB,2026,3,2026,9,6,0.0,4.221167087554932,False,35,0.0,16.437859058380123,4
Raheim Sanders,RB,2026,3,2026,10,7,0.0,4.087587833404541,False,42,0.0,15.701143932342525,4
Raheim Sanders,RB,2026,3,2026,11,8,0.0,3.974541664123535,False,49,0.0,14.991469192504876,4
Raheim Sanders,RB,2026,3,2026,12,9,0.0,3.7969131469726562,False,56,0.0,13.702791595458956,4
Raheim Sanders,RB,2026,3,2026,13,10,0.0,3.6824817657470703,False,63,0.0,12.95345413684845,4
Raheim Sanders,RB,2026,3,2026,14,11,0.0,3.6338865756988525,False,70,0.0,12.63653097152709,4
Raheim Sanders,RB,2026,3,2026,15,12,0.0,3.624886989593506,False,77,0.0,12.071721839904779,4
Raheim Sanders,RB,2026,3,2026,16,13,0.0,3.620636463165283,False,84,0.0,11.267624950408926,4
Raheim Sanders,RB,2026,3,2026,17,14,0.0,3.631437301635742,False,91,0.0,9.24461662769317,4
Rashee Rice,WR,2026,3,2026,4,1,0.0,10.489388465881348,False,0,0.0,25.2051484107971,4
Rashee Rice,WR,2026,3,2026,5,2,0.0,10.507377624511719,False,7,0.0,24.66869010925292,4
Rashee Rice,WR,2026,3,2026,6,3,0.0,10.733773231506348,False,14,0.0,24.263002490997305,4
Rashee Rice,WR,2026,3,2026,7,4,0.0,11.106651306152344,False,21,0.0,24.65820379257201,4
Rashee Rice,WR,2026,3,2026,8,5,0.0,11.793298721313477,False,28,0.0,24.736291337013242,4
Rashee Rice,WR,2026,3,2026,9,6,0.0,12.657833099365234,False,35,0.0,24.874525070190426,4
Rashee Rice,WR,2026,3,2026,10,7,0.0,13.505339622497559,False,42,0.0,25.118895721435543,4
Rashee Rice,WR,2026,3,2026,11,8,0.0,14.129218101501465,False,49,0.0,25.146145629882806,4
Rashee Rice,WR,2026,3,2026,12,9,0.0,14.463286399841309,False,56,0.0,24.369164848327607,4
Rashee Rice,WR,2026,3,2026,13,10,0.0,14.764732360839844,False,63,5.435943604581439e-06,24.035704731941223,4
Rashee Rice,WR,2026,3,2026,14,11,0.0,14.939057350158691,False,70,0.12778367996215856,23.94170174598693,4
Rashee Rice,WR,2026,3,2026,15,12,0.0,14.989758491516113,False,77,0.1469534873962406,23.436593341827386,4
Rashee Rice,WR,2026,3,2026,16,13,0.0,14.983633041381836,False,84,0.13103551864623952,22.63062152862548,4
Rashee Rice,WR,2026,3,2026,17,14,0.0,14.931421279907227,False,91,0.048128414154053445,20.544600605964654,4
Rasheen Ali,RB,2026,3,2026,4,1,0.0,1.589174509048462,False,0,0.0,16.304934453964215,4
Rasheen Ali,RB,2026,3,2026,5,2,0.0,1.5020595788955688,False,7,0.0,15.663372063636773,4
Rasheen Ali,RB,2026,3,2026,6,3,0.0,1.4953279495239258,False,14,0.0,15.024557209014883,4
Rasheen Ali,RB,2026,3,2026,7,4,0.0,1.4187126159667969,False,21,0.0,14.970265102386461,4
Rasheen Ali,RB,2026,3,2026,8,5,0.0,1.3729021549224854,False,28,0.0,14.31589477062225,4
Rasheen Ali,RB,2026,3,2026,9,6,0.0,1.3482757806777954,False,35,0.0,13.564967751502987,4
Rasheen Ali,RB,2026,3,2026,10,7,0.0,1.3757344484329224,False,42,0.0,12.989290547370906,4
Rasheen Ali,RB,2026,3,2026,11,8,0.0,1.4357035160064697,False,49,0.0,12.452631044387811,4
Rasheen Ali,RB,2026,3,2026,12,9,0.0,1.4856733083724976,False,56,0.0,11.391551756858798,4
Rasheen Ali,RB,2026,3,2026,13,10,0.0,1.5243109464645386,False,63,0.0,10.795283317565918,4
Rasheen Ali,RB,2026,3,2026,14,11,0.0,1.5396136045455933,False,70,0.0,10.542258000373831,4
Rasheen Ali,RB,2026,3,2026,15,12,0.0,1.5812634229660034,False,77,0.0,10.028098273277276,4
Rasheen Ali,RB,2026,3,2026,16,13,0.0,1.616866946220398,False,84,0.0,9.263855433464041,4
Rasheen Ali,RB,2026,3,2026,17,14,0.0,1.6494346857070923,False,91,0.0,7.26261401176452,4
Rashid Shaheed,WR,2026,3,2026,4,1,0.0,9.07109260559082,False,0,0.0,23.786852550506573,4
Rashid Shaheed,WR,2026,3,2026,5,2,0.0,9.245722770690918,False,7,0.0,23.40703525543212,4
Rashid Shaheed,WR,2026,3,2026,6,3,0.0,9.298407554626465,False,14,0.0,22.827636814117422,4
Rashid Shaheed,WR,2026,3,2026,7,4,0.0,9.315499305725098,False,21,0.0,22.867051792144764,4
Rashid Shaheed,WR,2026,3,2026,8,5,0.0,9.20423412322998,False,28,0.0,22.147226738929746,4
Rashid Shaheed,WR,2026,3,2026,9,6,0.0,9.015332221984863,False,35,0.0,21.232024192810055,4
Rashid Shaheed,WR,2026,3,2026,10,7,0.0,8.809194564819336,False,42,0.0,20.42275066375732,4
Rashid Shaheed,WR,2026,3,2026,11,8,0.0,8.608248710632324,False,49,0.0,19.625176239013665,4
Rashid Shaheed,WR,2026,3,2026,12,9,0.0,8.321356773376465,False,56,0.0,18.227235221862763,4
Rashid Shaheed,WR,2026,3,2026,13,10,0.0,8.062779426574707,False,63,0.0,17.333751797676086,4
Rashid Shaheed,WR,2026,3,2026,14,11,0.0,7.878725051879883,False,70,0.0,16.88136944770812,4
Rashid Shaheed,WR,2026,3,2026,15,12,0.0,7.723018646240234,False,77,0.0,16.169853496551507,4
Rashid Shaheed,WR,2026,3,2026,16,13,0.0,7.5944695472717285,False,84,0.0,15.241458034515372,4
Rashid Shaheed,WR,2026,3,2026,17,14,0.0,7.508794784545898,False,91,0.0,13.121974110603325,4
Rashod Bateman,WR,2026,3,2026,4,1,0.0,3.5914413928985596,False,0,0.0,18.307201337814313,4
Rashod Bateman,WR,2026,3,2026,5,2,0.0,3.5223073959350586,False,7,0.0,17.68361988067626,4
Rashod Bateman,WR,2026,3,2026,6,3,0.0,3.6906189918518066,False,14,0.0,17.219848251342764,4
Rashod Bateman,WR,2026,3,2026,7,4,0.0,3.7988271713256836,False,21,0.0,17.35037965774535,4
Rashod Bateman,WR,2026,3,2026,8,5,0.0,3.878526210784912,False,28,0.0,16.821518826484677,4
Rashod Bateman,WR,2026,3,2026,9,6,0.0,3.9844024181365967,False,35,0.0,16.20109438896179,4
Rashod Bateman,WR,2026,3,2026,10,7,0.0,4.183768272399902,False,42,0.0,15.797324371337886,4
Rashod Bateman,WR,2026,3,2026,11,8,0.0,4.537615776062012,False,49,0.0,15.554543304443353,4
Rashod Bateman,WR,2026,3,2026,12,9,0.0,4.921792507171631,False,56,0.0,14.827670955657931,4
Rashod Bateman,WR,2026,3,2026,13,10,0.0,5.314483642578125,False,63,0.0,14.585456013679504,4
Rashod Bateman,WR,2026,3,2026,14,11,0.0,5.580613613128662,False,70,0.0,14.5832580089569,4
Rashod Bateman,WR,2026,3,2026,15,12,0.0,5.751642227172852,False,77,0.0,14.198477077484124,4
Rashod Bateman,WR,2026,3,2026,16,13,0.0,5.842078685760498,False,84,0.0,13.489067173004141,4
Rashod Bateman,WR,2026,3,2026,17,14,0.0,5.880436420440674,False,91,0.0,11.4936157464981,4
Ray Davis,RB,2026,3,2026,4,1,0.0,1.9354327917099,False,0,0.0,16.651192736625653,4
Ray Davis,RB,2026,3,2026,5,2,0.0,1.740482211112976,False,7,0.0,15.90179469585418,4
Ray Davis,RB,2026,3,2026,6,3,0.0,1.6635490655899048,False,14,0.0,15.192778325080862,4
Ray Davis,RB,2026,3,2026,7,4,0.0,1.5525609254837036,False,21,0.0,15.104113411903368,4
Ray Davis,RB,2026,3,2026,8,5,0.0,1.4797145128250122,False,28,0.0,14.422707128524777,4
Ray Davis,RB,2026,3,2026,9,6,0.0,1.4409607648849487,False,35,0.0,13.65765273571014,4
Ray Davis,RB,2026,3,2026,10,7,0.0,1.4702972173690796,False,42,0.0,13.083853316307064,4
Ray Davis,RB,2026,3,2026,11,8,0.0,1.5485718250274658,False,49,0.0,12.565499353408807,4
Ray Davis,RB,2026,3,2026,12,9,0.0,1.6181679964065552,False,56,0.0,11.524046444892855,4
Ray Davis,RB,2026,3,2026,13,10,0.0,1.6677683591842651,False,63,0.0,10.938740730285645,4
Ray Davis,RB,2026,3,2026,14,11,0.0,1.6930873394012451,False,70,0.0,10.695731735229483,4
Ray Davis,RB,2026,3,2026,15,12,0.0,1.740187168121338,False,77,0.0,10.18702201843261,4
Ray Davis,RB,2026,3,2026,16,13,0.0,1.7782305479049683,False,84,0.0,9.425219035148611,4
Ray Davis,RB,2026,3,2026,17,14,0.0,1.8102467060089111,False,91,0.0,7.423426032066339,4
Reggie Gilliam,RB,2026,3,2026,4,1,0.0,1.504321575164795,False,0,0.0,16.220081520080548,4
Reggie Gilliam,RB,2026,3,2026,5,2,0.0,1.508298397064209,False,7,0.0,15.669610881805413,4
Reggie Gilliam,RB,2026,3,2026,6,3,0.0,1.5559076070785522,False,14,0.0,15.08513686656951,4
Reggie Gilliam,RB,2026,3,2026,7,4,0.0,1.5135395526885986,False,21,0.0,15.065092039108263,4
Reggie Gilliam,RB,2026,3,2026,8,5,0.0,1.4903584718704224,False,28,0.0,14.433351087570188,4
Reggie Gilliam,RB,2026,3,2026,9,6,0.0,1.4729812145233154,False,35,0.0,13.689673185348507,4
Reggie Gilliam,RB,2026,3,2026,10,7,0.0,1.5010430812835693,False,42,0.0,13.114599180221553,4
Reggie Gilliam,RB,2026,3,2026,11,8,0.0,1.5635439157485962,False,49,0.0,12.580471444129937,4
Reggie Gilliam,RB,2026,3,2026,12,9,0.0,1.6214990615844727,False,56,0.0,11.527377510070773,4
Reggie Gilliam,RB,2026,3,2026,13,10,0.0,1.6646171808242798,False,63,0.0,10.93558955192566,4
Reggie Gilliam,RB,2026,3,2026,14,11,0.0,1.6837047338485718,False,70,0.0,10.68634912967681,4
Reggie Gilliam,RB,2026,3,2026,15,12,0.0,1.7272545099258423,False,77,0.0,10.174089360237115,4
Reggie Gilliam,RB,2026,3,2026,16,13,0.0,1.7671576738357544,False,84,0.0,9.414146161079398,4
Reggie Gilliam,RB,2026,3,2026,17,14,0.0,1.8032959699630737,False,91,0.0,7.416475296020502,4
Reggie Virgil,WR,2026,3,2026,4,1,0.0,1.2373186349868774,False,0,0.0,15.95307857990263,4
Reggie Virgil,WR,2026,3,2026,5,2,0.0,1.2712897062301636,False,7,0.0,15.432602190971368,4
Reggie Virgil,WR,2026,3,2026,6,3,0.0,1.4138703346252441,False,14,0.0,14.943099594116202,4
Reggie Virgil,WR,2026,3,2026,7,4,0.0,1.4303652048110962,False,21,0.0,14.98191769123076,4
Reggie Virgil,WR,2026,3,2026,8,5,0.0,1.4442907571792603,False,28,0.0,14.387283372879025,4
Reggie Virgil,WR,2026,3,2026,9,6,0.0,1.4681392908096313,False,35,0.0,13.684831261634823,4
Reggie Virgil,WR,2026,3,2026,10,7,0.0,1.5570285320281982,False,42,0.0,13.170584630966182,4
Reggie Virgil,WR,2026,3,2026,11,8,0.0,1.6933733224868774,False,49,0.0,12.710300850868219,4
Reggie Virgil,WR,2026,3,2026,12,9,0.0,1.8399978876113892,False,56,0.0,11.74587633609769,4
Reggie Virgil,WR,2026,3,2026,13,10,0.0,1.9610110521316528,False,63,0.0,11.231983423233032,4
Reggie Virgil,WR,2026,3,2026,14,11,0.0,2.0223610401153564,False,70,0.0,11.025005435943594,4
Reggie Virgil,WR,2026,3,2026,15,12,0.0,2.0936622619628906,False,77,0.0,10.540497112274164,4
Reggie Virgil,WR,2026,3,2026,16,13,0.0,2.146815061569214,False,84,0.0,9.793803548812857,4
Reggie Virgil,WR,2026,3,2026,17,14,0.0,2.1871490478515625,False,91,0.0,7.80032837390899,4
Rhamondre Stevenson,RB,2026,3,2026,4,1,0.0,9.29654598236084,False,0,0.0,24.012305927276593,4
Rhamondre Stevenson,RB,2026,3,2026,5,2,0.0,8.879230499267578,False,7,0.0,23.04054298400878,4
Rhamondre Stevenson,RB,2026,3,2026,6,3,0.0,8.464156150817871,False,14,0.0,21.99338541030883,4
Rhamondre Stevenson,RB,2026,3,2026,7,4,0.0,8.273127555847168,False,21,0.0,21.824680042266834,4
Rhamondre Stevenson,RB,2026,3,2026,8,5,0.0,8.20438289642334,False,28,0.0,21.147375512123105,4
Rhamondre Stevenson,RB,2026,3,2026,9,6,0.0,8.187962532043457,False,35,0.0,20.40465450286865,4
Rhamondre Stevenson,RB,2026,3,2026,10,7,0.0,8.189445495605469,False,42,0.0,19.803001594543453,4
Rhamondre Stevenson,RB,2026,3,2026,11,8,0.0,8.213170051574707,False,49,0.0,19.23009757995605,4
Rhamondre Stevenson,RB,2026,3,2026,12,9,0.0,8.1232271194458,False,56,0.0,18.0291055679321,4
Rhamondre Stevenson,RB,2026,3,2026,13,10,0.0,8.016579627990723,False,63,0.0,17.287551999092102,4
Rhamondre Stevenson,RB,2026,3,2026,14,11,0.0,7.938204288482666,False,70,0.0,16.940848684310904,4
Rhamondre Stevenson,RB,2026,3,2026,15,12,0.0,7.865504264831543,False,77,0.0,16.312339115142816,4
Rhamondre Stevenson,RB,2026,3,2026,16,13,0.0,7.804077625274658,False,84,0.0,15.451066112518301,4
Rhamondre Stevenson,RB,2026,3,2026,17,14,0.0,7.751754283905029,False,91,0.0,13.364933609962456,4
Rico Dowdle,RB,2026,3,2026,4,1,0.0,11.119603157043457,False,0,0.020987701416014914,25.83536310195921,4
Rico Dowdle,RB,2026,3,2026,5,2,0.0,10.896941184997559,False,7,0.0,25.05825366973876,4
Rico Dowdle,RB,2026,3,2026,6,3,0.0,10.71088981628418,False,14,0.0,24.240119075775137,4
Rico Dowdle,RB,2026,3,2026,7,4,0.0,10.472320556640625,False,21,0.0,24.02387304306029,4
Rico Dowdle,RB,2026,3,2026,8,5,0.0,10.092134475708008,False,28,0.0,23.035127091407773,4
Rico Dowdle,RB,2026,3,2026,9,6,0.0,9.613018989562988,False,35,0.0,21.82971096038818,4
Rico Dowdle,RB,2026,3,2026,10,7,0.0,9.10290813446045,False,42,0.0,20.716464233398433,4
Rico Dowdle,RB,2026,3,2026,11,8,0.0,8.537718772888184,False,49,0.0,19.554646301269525,4
Rico Dowdle,RB,2026,3,2026,12,9,0.0,7.913690090179443,False,56,0.0,17.81956853866574,4
Rico Dowdle,RB,2026,3,2026,13,10,0.0,7.3872880935668945,False,63,0.0,16.658260464668274,4
Rico Dowdle,RB,2026,3,2026,14,11,0.0,7.063253879547119,False,70,0.0,16.065898275375357,4
Rico Dowdle,RB,2026,3,2026,15,12,0.0,6.8446736335754395,False,77,0.0,15.291508483886712,4
Rico Dowdle,RB,2026,3,2026,16,13,0.0,6.686974048614502,False,84,0.0,14.333962535858145,4
Rico Dowdle,RB,2026,3,2026,17,14,0.0,6.594486713409424,False,91,0.0,12.20766603946685,4
Riley Nowakowski,RB,2026,3,2026,4,1,0.0,0.6609617471694946,False,0,0.0,15.376721692085248,4
Riley Nowakowski,RB,2026,3,2026,5,2,0.0,0.7983125448226929,False,7,0.0,14.959625029563897,4
Riley Nowakowski,RB,2026,3,2026,6,3,0.0,0.9639017581939697,False,14,0.0,14.493131017684927,4
Riley Nowakowski,RB,2026,3,2026,7,4,0.0,0.9851540327072144,False,21,0.0,14.536706519126879,4
Riley Nowakowski,RB,2026,3,2026,8,5,0.0,1.0197632312774658,False,28,0.0,13.962755846977231,4
Riley Nowakowski,RB,2026,3,2026,9,6,0.0,1.067215919494629,False,35,0.0,13.28390789031982,4
Riley Nowakowski,RB,2026,3,2026,10,7,0.0,1.1610661745071411,False,42,0.0,12.774622273445125,4
Riley Nowakowski,RB,2026,3,2026,11,8,0.0,1.2812641859054565,False,49,0.0,12.298191714286798,4
Riley Nowakowski,RB,2026,3,2026,12,9,0.0,1.4202808141708374,False,56,0.0,11.326159262657137,4
Riley Nowakowski,RB,2026,3,2026,13,10,0.0,1.5291036367416382,False,63,0.0,10.800076007843018,4
Riley Nowakowski,RB,2026,3,2026,14,11,0.0,1.5850104093551636,False,70,0.0,10.587654805183401,4
Riley Nowakowski,RB,2026,3,2026,15,12,0.0,1.6580569744110107,False,77,0.0,10.104891824722284,4
Riley Nowakowski,RB,2026,3,2026,16,13,0.0,1.7202013731002808,False,84,0.0,9.367189860343924,4
Riley Nowakowski,RB,2026,3,2026,17,14,0.0,1.7686465978622437,False,91,0.0,7.3818259239196715,4
Roman Wilson,WR,2026,3,2026,4,1,0.0,4.692781448364258,False,0,0.0,19.40854139328001,4
Roman Wilson,WR,2026,3,2026,5,2,0.0,4.584692478179932,False,7,0.0,18.746004962921134,4
Roman Wilson,WR,2026,3,2026,6,3,0.0,4.740707874298096,False,14,0.0,18.269937133789053,4
Roman Wilson,WR,2026,3,2026,7,4,0.0,4.916635990142822,False,21,0.0,18.46818847656249,4
Roman Wilson,WR,2026,3,2026,8,5,0.0,5.095319747924805,False,28,0.0,18.03831236362457,4
Roman Wilson,WR,2026,3,2026,9,6,0.0,5.272395610809326,False,35,0.0,17.489087581634518,4
Roman Wilson,WR,2026,3,2026,10,7,0.0,5.500416278839111,False,42,0.0,17.113972377777095,4
Roman Wilson,WR,2026,3,2026,11,8,0.0,5.819234371185303,False,49,0.0,16.836161899566644,4
Roman Wilson,WR,2026,3,2026,12,9,0.0,6.0702033042907715,False,56,0.0,15.976081752777072,4
Roman Wilson,WR,2026,3,2026,13,10,0.0,6.23361349105835,False,63,0.0,15.504585862159729,4
Roman Wilson,WR,2026,3,2026,14,11,0.0,6.282336711883545,False,70,0.0,15.284981107711783,4
Roman Wilson,WR,2026,3,2026,15,12,0.0,6.290982246398926,False,77,0.0,14.737817096710199,4
Roman Wilson,WR,2026,3,2026,16,13,0.0,6.275403022766113,False,84,0.0,13.922391510009756,4
Roman Wilson,WR,2026,3,2026,17,14,0.0,6.256717681884766,False,91,0.0,11.869897007942193,4
Rome Odunze,WR,2026,3,2026,4,1,0.0,8.12170124053955,False,0,0.0,22.837461185455304,4
Rome Odunze,WR,2026,3,2026,5,2,0.0,8.224751472473145,False,7,0.0,22.386063957214347,4
Rome Odunze,WR,2026,3,2026,6,3,0.0,8.269936561584473,False,14,0.0,21.79916582107543,4
Rome Odunze,WR,2026,3,2026,7,4,0.0,8.394984245300293,False,21,0.0,21.94653673171996,4
Rome Odunze,WR,2026,3,2026,8,5,0.0,8.56739616394043,False,28,0.0,21.510388779640195,4
Rome Odunze,WR,2026,3,2026,9,6,0.0,8.696538925170898,False,35,0.0,20.91323089599609,4
Rome Odunze,WR,2026,3,2026,10,7,0.0,8.786886215209961,False,42,0.0,20.400442314147945,4
Rome Odunze,WR,2026,3,2026,11,8,0.0,8.861048698425293,False,49,0.0,19.877976226806634,4
Rome Odunze,WR,2026,3,2026,12,9,0.0,8.803175926208496,False,56,0.0,18.709054374694794,4
Rome Odunze,WR,2026,3,2026,13,10,0.0,8.673445701599121,False,63,0.0,17.9444180727005,4
Rome Odunze,WR,2026,3,2026,14,11,0.0,8.512870788574219,False,70,0.0,17.515515184402457,4
Rome Odunze,WR,2026,3,2026,15,12,0.0,8.35236644744873,False,77,0.0,16.799201297760003,4
Rome Odunze,WR,2026,3,2026,16,13,0.0,8.219130516052246,False,84,0.0,15.86611900329589,4
Rome Odunze,WR,2026,3,2026,17,14,0.0,8.132257461547852,False,91,0.0,13.745436787605279,4
Romeo Doubs,WR,2026,3,2026,4,1,0.0,7.250855445861816,False,0,0.0,21.96661539077757,4
Romeo Doubs,WR,2026,3,2026,5,2,0.0,7.212424278259277,False,7,0.0,21.37373676300048,4
Romeo Doubs,WR,2026,3,2026,6,3,0.0,7.59161376953125,False,14,0.0,21.120843029022208,4
Romeo Doubs,WR,2026,3,2026,7,4,0.0,7.924952030181885,False,21,0.0,21.47650451660155,4
Romeo Doubs,WR,2026,3,2026,8,5,0.0,8.372138977050781,False,28,0.0,21.315131592750546,4
Romeo Doubs,WR,2026,3,2026,9,6,0.0,9.017707824707031,False,35,0.0,21.234399795532223,4
Romeo Doubs,WR,2026,3,2026,10,7,0.0,9.820961952209473,False,42,0.0,21.434518051147457,4
Romeo Doubs,WR,2026,3,2026,11,8,0.0,10.602330207824707,False,49,0.0,21.61925773620605,4
Romeo Doubs,WR,2026,3,2026,12,9,0.0,11.151318550109863,False,56,0.0,21.05719699859616,4
Romeo Doubs,WR,2026,3,2026,13,10,0.0,11.59451675415039,False,63,0.0,20.86548912525177,4
Romeo Doubs,WR,2026,3,2026,14,11,0.0,11.838610649108887,False,70,0.0,20.841255044937125,4
Romeo Doubs,WR,2026,3,2026,15,12,0.0,11.947650909423828,False,77,0.0,20.3944857597351,4
Romeo Doubs,WR,2026,3,2026,16,13,0.0,12.00782585144043,False,84,0.0,19.654814338684073,4
Romeo Doubs,WR,2026,3,2026,17,14,0.0,11.994528770446777,False,91,0.0,17.607708096504204,4
Ronnie Rivers,RB,2026,3,2026,4,1,0.0,1.5469640493392944,False,0,0.0,16.262723994255047,4
Ronnie Rivers,RB,2026,3,2026,5,2,0.0,1.4462355375289917,False,7,0.0,15.607548022270196,4
Ronnie Rivers,RB,2026,3,2026,6,3,0.0,1.436860203742981,False,14,0.0,14.966089463233939,4
Ronnie Rivers,RB,2026,3,2026,7,4,0.0,1.366364598274231,False,21,0.0,14.917917084693896,4
Ronnie Rivers,RB,2026,3,2026,8,5,0.0,1.320756435394287,False,28,0.0,14.263749051094052,4
Ronnie Rivers,RB,2026,3,2026,9,6,0.0,1.277189016342163,False,35,0.0,13.493880987167355,4
Ronnie Rivers,RB,2026,3,2026,10,7,0.0,1.2731913328170776,False,42,0.0,12.886747431755062,4
Ronnie Rivers,RB,2026,3,2026,11,8,0.0,1.3009992837905884,False,49,0.0,12.31792681217193,4
Ronnie Rivers,RB,2026,3,2026,12,9,0.0,1.3323583602905273,False,56,0.0,11.238236808776827,4
Ronnie Rivers,RB,2026,3,2026,13,10,0.0,1.3603012561798096,False,63,0.0,10.631273627281189,4
Ronnie Rivers,RB,2026,3,2026,14,11,0.0,1.3728954792022705,False,70,0.0,10.375539875030508,4
Ronnie Rivers,RB,2026,3,2026,15,12,0.0,1.4131463766098022,False,77,0.0,9.859981226921075,4
Ronnie Rivers,RB,2026,3,2026,16,13,0.0,1.4492024183273315,False,84,0.0,9.096190905570975,4
Ronnie Rivers,RB,2026,3,2026,17,14,0.0,1.4829583168029785,False,91,0.0,7.096137642860406,4
Roschon Johnson,RB,2026,3,2026,4,1,0.0,1.0232504606246948,False,0,0.0,15.739010405540448,4
Roschon Johnson,RB,2026,3,2026,5,2,0.0,1.1251506805419922,False,7,0.0,15.286463165283196,4
Roschon Johnson,RB,2026,3,2026,6,3,0.0,1.1695334911346436,False,14,0.0,14.698762750625601,4
Roschon Johnson,RB,2026,3,2026,7,4,0.0,1.118685245513916,False,21,0.0,14.67023773193358,4
Roschon Johnson,RB,2026,3,2026,8,5,0.0,1.0918065309524536,False,28,0.0,14.034799146652219,4
Roschon Johnson,RB,2026,3,2026,9,6,0.0,1.0685858726501465,False,35,0.0,13.285277843475338,4
Roschon Johnson,RB,2026,3,2026,10,7,0.0,1.0707613229751587,False,42,0.0,12.684317421913143,4
Roschon Johnson,RB,2026,3,2026,11,8,0.0,1.085834264755249,False,49,0.0,12.10276179313659,4
Roschon Johnson,RB,2026,3,2026,12,9,0.0,1.1096307039260864,False,56,0.0,11.015509152412386,4
Roschon Johnson,RB,2026,3,2026,13,10,0.0,1.1305193901062012,False,63,0.0,10.40149176120758,4
Roschon Johnson,RB,2026,3,2026,14,11,0.0,1.136971116065979,False,70,0.0,10.139615511894217,4
Roschon Johnson,RB,2026,3,2026,15,12,0.0,1.1713296175003052,False,77,0.0,9.618164467811578,4
Roschon Johnson,RB,2026,3,2026,16,13,0.0,1.2058145999908447,False,84,0.0,8.852803087234488,4
Roschon Johnson,RB,2026,3,2026,17,14,0.0,1.2398351430892944,False,91,0.0,6.853014469146722,4
Ryan Flournoy,WR,2026,3,2026,4,1,0.0,6.829835414886475,False,0,0.0,21.545595359802228,4
Ryan Flournoy,WR,2026,3,2026,5,2,0.0,6.405141830444336,False,7,0.0,20.56645431518554,4
Ryan Flournoy,WR,2026,3,2026,6,3,0.0,6.097586154937744,False,14,0.0,19.6268154144287,4
Ryan Flournoy,WR,2026,3,2026,7,4,0.0,5.930376052856445,False,21,0.0,19.48192853927611,4
Ryan Flournoy,WR,2026,3,2026,8,5,0.0,5.847688674926758,False,28,0.0,18.790681290626523,4
Ryan Flournoy,WR,2026,3,2026,9,6,0.0,5.817495346069336,False,35,0.0,18.034187316894528,4
Ryan Flournoy,WR,2026,3,2026,10,7,0.0,5.846248626708984,False,42,0.0,17.45980472564697,4
Ryan Flournoy,WR,2026,3,2026,11,8,0.0,5.94053316116333,False,49,0.0,16.95746068954467,4
Ryan Flournoy,WR,2026,3,2026,12,9,0.0,5.933421611785889,False,56,0.0,15.839300060272189,4
Ryan Flournoy,WR,2026,3,2026,13,10,0.0,5.879741191864014,False,63,0.0,15.150713562965393,4
Ryan Flournoy,WR,2026,3,2026,14,11,0.0,5.816005229949951,False,70,0.0,14.818649625778189,4
Ryan Flournoy,WR,2026,3,2026,15,12,0.0,5.759331226348877,False,77,0.0,14.20616607666015,4
Ryan Flournoy,WR,2026,3,2026,16,13,0.0,5.707572937011719,False,84,0.0,13.354561424255362,4
Ryan Flournoy,WR,2026,3,2026,17,14,0.0,5.678646564483643,False,91,0.0,11.29182589054107,4
Ryan Miller,WR,2026,3,2026,4,1,0.0,1.3324835300445557,False,0,0.0,16.04824347496031,4
Ryan Miller,WR,2026,3,2026,5,2,0.0,1.3342233896255493,False,7,0.0,15.495535874366754,4
Ryan Miller,WR,2026,3,2026,6,3,0.0,1.390539288520813,False,14,0.0,14.91976854801177,4
Ryan Miller,WR,2026,3,2026,7,4,0.0,1.3455466032028198,False,21,0.0,14.897099089622484,4
Ryan Miller,WR,2026,3,2026,8,5,0.0,1.3244845867156982,False,28,0.0,14.267477202415463,4
Ryan Miller,WR,2026,3,2026,9,6,0.0,1.3305656909942627,False,35,0.0,13.547257661819454,4
Ryan Miller,WR,2026,3,2026,10,7,0.0,1.3914124965667725,False,42,0.0,13.004968595504756,4
Ryan Miller,WR,2026,3,2026,11,8,0.0,1.488125205039978,False,49,0.0,12.50505273342132,4
Ryan Miller,WR,2026,3,2026,12,9,0.0,1.5770807266235352,False,56,0.0,11.482959175109835,4
Ryan Miller,WR,2026,3,2026,13,10,0.0,1.6453197002410889,False,63,0.0,10.916292071342468,4
Ryan Miller,WR,2026,3,2026,14,11,0.0,1.6804052591323853,False,70,0.0,10.683049654960623,4
Ryan Miller,WR,2026,3,2026,15,12,0.0,1.7362430095672607,False,77,0.0,10.183077859878534,4
Ryan Miller,WR,2026,3,2026,16,13,0.0,1.783030390739441,False,84,0.0,9.430018877983084,4
Ryan Miller,WR,2026,3,2026,17,14,0.0,1.8207857608795166,False,91,0.0,7.4339650869369445,4
Samaje Perine,RB,2026,3,2026,4,1,0.0,7.523169994354248,False,0,0.0,22.23892993927,4
Samaje Perine,RB,2026,3,2026,5,2,0.0,7.433999061584473,False,7,0.0,21.595311546325675,4
Samaje Perine,RB,2026,3,2026,6,3,0.0,7.43719482421875,False,14,0.0,20.966424083709708,4
Samaje Perine,RB,2026,3,2026,7,4,0.0,7.4718241691589355,False,21,0.0,21.023376655578602,4
Samaje Perine,RB,2026,3,2026,8,5,0.0,7.4994072914123535,False,28,0.0,20.44239990711212,4
Samaje Perine,RB,2026,3,2026,9,6,0.0,7.532333850860596,False,35,0.0,19.749025821685787,4
Samaje Perine,RB,2026,3,2026,10,7,0.0,7.581217288970947,False,42,0.0,19.19477338790893,4
Samaje Perine,RB,2026,3,2026,11,8,0.0,7.630252838134766,False,49,0.0,18.647180366516107,4
Samaje Perine,RB,2026,3,2026,12,9,0.0,7.537903308868408,False,56,0.0,17.443781757354706,4
Samaje Perine,RB,2026,3,2026,13,10,0.0,7.412059307098389,False,63,0.0,16.683031678199768,4
Samaje Perine,RB,2026,3,2026,14,11,0.0,7.30491304397583,False,70,0.0,16.307557439804068,4
Samaje Perine,RB,2026,3,2026,15,12,0.0,7.205039978027344,False,77,0.0,15.651874828338617,4
Samaje Perine,RB,2026,3,2026,16,13,0.0,7.1147332191467285,False,84,0.0,14.761721706390372,4
Samaje Perine,RB,2026,3,2026,17,14,0.0,7.0609517097473145,False,91,0.0,12.674131035804741,4
Saquon Barkley,RB,2026,3,2026,4,1,0.0,12.817500114440918,False,0,1.7188846588134759,27.53326005935667,4
Saquon Barkley,RB,2026,3,2026,5,2,0.0,12.941887855529785,False,7,0.0,27.103200340270988,4
Saquon Barkley,RB,2026,3,2026,6,3,0.0,13.210234642028809,False,14,0.0,26.739463901519766,4
Saquon Barkley,RB,2026,3,2026,7,4,0.0,13.33672046661377,False,21,0.0,26.888272953033436,4
Saquon Barkley,RB,2026,3,2026,8,5,0.0,13.409917831420898,False,28,0.0,26.352910447120664,4
Saquon Barkley,RB,2026,3,2026,9,6,0.0,13.511733055114746,False,35,0.0,25.728425025939938,4
Saquon Barkley,RB,2026,3,2026,10,7,0.0,13.668196678161621,False,42,0.0,25.281752777099605,4
Saquon Barkley,RB,2026,3,2026,11,8,0.0,13.839048385620117,False,49,0.0,24.85597591400146,4
Saquon Barkley,RB,2026,3,2026,12,9,0.0,13.935935020446777,False,56,0.0,23.841813468933076,4
Saquon Barkley,RB,2026,3,2026,13,10,0.0,14.006312370300293,False,63,0.0,23.277284741401672,4
Saquon Barkley,RB,2026,3,2026,14,11,0.0,13.997564315795898,False,70,0.0,23.000208711624136,4
Saquon Barkley,RB,2026,3,2026,15,12,0.0,13.951879501342773,False,77,0.0,22.398714351654046,4
Saquon Barkley,RB,2026,3,2026,16,13,0.0,13.911873817443848,False,84,0.0,21.55886230468749,4
Saquon Barkley,RB,2026,3,2026,17,14,0.0,13.860239028930664,False,91,0.0,19.47341835498809,4
Sean Tucker,RB,2026,3,2026,4,1,0.0,5.796529293060303,False,0,0.0,20.512289237976056,4
Sean Tucker,RB,2026,3,2026,5,2,0.0,5.5700364112854,False,7,0.0,19.731348896026603,4
Sean Tucker,RB,2026,3,2026,6,3,0.0,5.960159778594971,False,14,0.0,19.48938903808593,4
Sean Tucker,RB,2026,3,2026,7,4,0.0,6.543673992156982,False,21,0.0,20.09522647857665,4
Sean Tucker,RB,2026,3,2026,8,5,0.0,7.1488566398620605,False,28,0.0,20.091849255561826,4
Sean Tucker,RB,2026,3,2026,9,6,0.0,7.786423683166504,False,35,0.0,20.003115653991696,4
Sean Tucker,RB,2026,3,2026,10,7,0.0,8.601496696472168,False,42,0.0,20.215052795410152,4
Sean Tucker,RB,2026,3,2026,11,8,0.0,9.50360107421875,False,49,0.0,20.52052860260009,4
Sean Tucker,RB,2026,3,2026,12,9,0.0,10.178171157836914,False,56,0.0,20.084049606323212,4
Sean Tucker,RB,2026,3,2026,13,10,0.0,10.626574516296387,False,63,0.0,19.897546887397766,4
Sean Tucker,RB,2026,3,2026,14,11,0.0,10.770939826965332,False,70,0.0,19.77358422279357,4
Sean Tucker,RB,2026,3,2026,15,12,0.0,10.718037605285645,False,77,0.0,19.164872455596917,4
Sean Tucker,RB,2026,3,2026,16,13,0.0,10.615447044372559,False,84,0.0,18.2624355316162,4
Sean Tucker,RB,2026,3,2026,17,14,0.0,10.507091522216797,False,91,0.0,16.120270848274224,4
Seth McGowan,RB,2026,3,2026,4,1,0.0,1.0270110368728638,False,0,0.0,15.742770981788617,4
Seth McGowan,RB,2026,3,2026,5,2,0.0,1.0722527503967285,False,7,0.0,15.233565235137933,4
Seth McGowan,RB,2026,3,2026,6,3,0.0,1.1755906343460083,False,14,0.0,14.704819893836966,4
Seth McGowan,RB,2026,3,2026,7,4,0.0,1.1677298545837402,False,21,0.0,14.719282341003405,4
Seth McGowan,RB,2026,3,2026,8,5,0.0,1.1645779609680176,False,28,0.0,14.107570576667783,4
Seth McGowan,RB,2026,3,2026,9,6,0.0,1.16874361038208,False,35,0.0,13.385435581207272,4
Seth McGowan,RB,2026,3,2026,10,7,0.0,1.243776559829712,False,42,0.0,12.857332658767696,4
Seth McGowan,RB,2026,3,2026,11,8,0.0,1.369362711906433,False,49,0.0,12.386290240287774,4
Seth McGowan,RB,2026,3,2026,12,9,0.0,1.507939100265503,False,56,0.0,11.413817548751803,4
Seth McGowan,RB,2026,3,2026,13,10,0.0,1.61696195602417,False,63,0.0,10.88793432712555,4
Seth McGowan,RB,2026,3,2026,14,11,0.0,1.6727193593978882,False,70,0.0,10.675363755226126,4
Seth McGowan,RB,2026,3,2026,15,12,0.0,1.7427663803100586,False,77,0.0,10.189601230621331,4
Seth McGowan,RB,2026,3,2026,16,13,0.0,1.7947466373443604,False,84,0.0,9.441735124588003,4
Seth McGowan,RB,2026,3,2026,17,14,0.0,1.834955096244812,False,91,0.0,7.44813442230224,4
Simi Fehoko,WR,2026,3,2026,4,1,0.0,1.2827857732772827,False,0,0.0,15.998545718193036,4
Simi Fehoko,WR,2026,3,2026,5,2,0.0,1.3514126539230347,False,7,0.0,15.512725138664239,4
Simi Fehoko,WR,2026,3,2026,6,3,0.0,1.5067780017852783,False,14,0.0,15.036007261276236,4
Simi Fehoko,WR,2026,3,2026,7,4,0.0,1.5333932638168335,False,21,0.0,15.084945750236498,4
Simi Fehoko,WR,2026,3,2026,8,5,0.0,1.567888617515564,False,28,0.0,14.51088123321533,4
Simi Fehoko,WR,2026,3,2026,9,6,0.0,1.6038323640823364,False,35,0.0,13.820524334907528,4
Simi Fehoko,WR,2026,3,2026,10,7,0.0,1.6801068782806396,False,42,0.0,13.293662977218624,4
Simi Fehoko,WR,2026,3,2026,11,8,0.0,1.783077359199524,False,49,0.0,12.800004887580865,4
Simi Fehoko,WR,2026,3,2026,12,9,0.0,1.8706616163253784,False,56,0.0,11.776540064811678,4
Simi Fehoko,WR,2026,3,2026,13,10,0.0,1.9395853281021118,False,63,0.0,11.210557699203491,4
Simi Fehoko,WR,2026,3,2026,14,11,0.0,1.9734300374984741,False,70,0.0,10.976074433326712,4
Simi Fehoko,WR,2026,3,2026,15,12,0.0,2.02708101272583,False,77,0.0,10.473915863037103,4
Simi Fehoko,WR,2026,3,2026,16,13,0.0,2.0758419036865234,False,84,0.0,9.722830390930167,4
Simi Fehoko,WR,2026,3,2026,17,14,0.0,2.114877939224243,False,91,0.0,7.728057265281671,4
Sione Vaki,RB,2026,3,2026,4,1,0.0,1.1293352842330933,False,0,0.0,15.845095229148846,4
Sione Vaki,RB,2026,3,2026,5,2,0.0,1.1363767385482788,False,7,0.0,15.297689223289483,4
Sione Vaki,RB,2026,3,2026,6,3,0.0,1.1957266330718994,False,14,0.0,14.724955892562857,4
Sione Vaki,RB,2026,3,2026,7,4,0.0,1.1603091955184937,False,21,0.0,14.711861681938158,4
Sione Vaki,RB,2026,3,2026,8,5,0.0,1.1443787813186646,False,28,0.0,14.08737139701843,4
Sione Vaki,RB,2026,3,2026,9,6,0.0,1.1346195936203003,False,35,0.0,13.351311564445492,4
Sione Vaki,RB,2026,3,2026,10,7,0.0,1.1668951511383057,False,42,0.0,12.78045125007629,4
Sione Vaki,RB,2026,3,2026,11,8,0.0,1.2240585088729858,False,49,0.0,12.240986037254327,4
Sione Vaki,RB,2026,3,2026,12,9,0.0,1.2799640893936157,False,56,0.0,11.185842537879916,4
Sione Vaki,RB,2026,3,2026,13,10,0.0,1.3230081796646118,False,63,0.0,10.593980550765991,4
Sione Vaki,RB,2026,3,2026,14,11,0.0,1.343888759613037,False,70,0.0,10.346533155441275,4
Sione Vaki,RB,2026,3,2026,15,12,0.0,1.3903828859329224,False,77,0.0,9.837217736244195,4
Sione Vaki,RB,2026,3,2026,16,13,0.0,1.431158423423767,False,84,0.0,9.07814691066741,4
Sione Vaki,RB,2026,3,2026,17,14,0.0,1.4652901887893677,False,91,0.0,7.0784695148467955,4
Skyler Bell,WR,2026,3,2026,4,1,0.0,1.44638991355896,False,0,0.0,16.162149858474713,4
Skyler Bell,WR,2026,3,2026,5,2,0.0,1.4726759195327759,False,7,0.0,15.63398840427398,4
Skyler Bell,WR,2026,3,2026,6,3,0.0,1.6140843629837036,False,14,0.0,15.143313622474661,4
Skyler Bell,WR,2026,3,2026,7,4,0.0,1.6341732740402222,False,21,0.0,15.185725760459887,4
Skyler Bell,WR,2026,3,2026,8,5,0.0,1.6498132944107056,False,28,0.0,14.59280591011047,4
Skyler Bell,WR,2026,3,2026,9,6,0.0,1.6816407442092896,False,35,0.0,13.898332715034481,4
Skyler Bell,WR,2026,3,2026,10,7,0.0,1.7820073366165161,False,42,0.0,13.3955634355545,4
Skyler Bell,WR,2026,3,2026,11,8,0.0,1.9359965324401855,False,49,0.0,12.952924060821527,4
Skyler Bell,WR,2026,3,2026,12,9,0.0,2.1026875972747803,False,56,0.0,12.00856604576108,4
Skyler Bell,WR,2026,3,2026,13,10,0.0,2.244889974594116,False,63,0.0,11.515862345695496,4
Skyler Bell,WR,2026,3,2026,14,11,0.0,2.319929361343384,False,70,0.0,11.322573757171622,4
Skyler Bell,WR,2026,3,2026,15,12,0.0,2.398791790008545,False,77,0.0,10.845626640319818,4
Skyler Bell,WR,2026,3,2026,16,13,0.0,2.4575185775756836,False,84,0.0,10.104507064819327,4
Skyler Bell,WR,2026,3,2026,17,14,0.0,2.5002548694610596,False,91,0.0,8.113434195518487,4
Skyy Moore,WR,2026,3,2026,4,1,0.0,1.581757664680481,False,0,0.0,16.297517609596234,4
Skyy Moore,WR,2026,3,2026,5,2,0.0,1.5503807067871094,False,7,0.0,15.711693191528314,4
Skyy Moore,WR,2026,3,2026,6,3,0.0,1.614586591720581,False,14,0.0,15.143815851211539,4
Skyy Moore,WR,2026,3,2026,7,4,0.0,1.5842894315719604,False,21,0.0,15.135841917991625,4
Skyy Moore,WR,2026,3,2026,8,5,0.0,1.5662044286727905,False,28,0.0,14.509197044372556,4
Skyy Moore,WR,2026,3,2026,9,6,0.0,1.5502076148986816,False,35,0.0,13.766899585723873,4
Skyy Moore,WR,2026,3,2026,10,7,0.0,1.579476237297058,False,42,0.0,13.193032336235042,4
Skyy Moore,WR,2026,3,2026,11,8,0.0,1.6413637399673462,False,49,0.0,12.658291268348687,4
Skyy Moore,WR,2026,3,2026,12,9,0.0,1.6957217454910278,False,56,0.0,11.601600193977328,4
Skyy Moore,WR,2026,3,2026,13,10,0.0,1.7397255897521973,False,63,0.0,11.010697960853577,4
Skyy Moore,WR,2026,3,2026,14,11,0.0,1.7586050033569336,False,70,0.0,10.761249399185171,4
Skyy Moore,WR,2026,3,2026,15,12,0.0,1.8019899129867554,False,77,0.0,10.248824763298028,4
Skyy Moore,WR,2026,3,2026,16,13,0.0,1.8417829275131226,False,84,0.0,9.488771414756766,4
Skyy Moore,WR,2026,3,2026,17,14,0.0,1.877365231513977,False,91,0.0,7.490544557571405,4
Stefon Diggs,WR,2026,3,2026,4,1,0.0,11.5391206741333,False,0,0.44050521850585866,26.254880619049054,4
Stefon Diggs,WR,2026,3,2026,5,2,0.0,11.316532135009766,False,7,0.0,25.477844619750968,4
Stefon Diggs,WR,2026,3,2026,6,3,0.0,11.18519401550293,False,14,0.0,24.714423274993887,4
Stefon Diggs,WR,2026,3,2026,7,4,0.0,11.033620834350586,False,21,0.0,24.585173320770252,4
Stefon Diggs,WR,2026,3,2026,8,5,0.0,10.782715797424316,False,28,0.0,23.72570841312408,4
Stefon Diggs,WR,2026,3,2026,9,6,0.0,10.498797416687012,False,35,0.0,22.715489387512203,4
Stefon Diggs,WR,2026,3,2026,10,7,0.0,10.252840995788574,False,42,0.0,21.86639709472656,4
Stefon Diggs,WR,2026,3,2026,11,8,0.0,10.007859230041504,False,49,0.0,21.024786758422845,4
Stefon Diggs,WR,2026,3,2026,12,9,0.0,9.67844009399414,False,56,0.0,19.58431854248044,4
Stefon Diggs,WR,2026,3,2026,13,10,0.0,9.369230270385742,False,63,0.0,18.64020264148712,4
Stefon Diggs,WR,2026,3,2026,14,11,0.0,9.141283988952637,False,70,0.0,18.143928384780875,4
Stefon Diggs,WR,2026,3,2026,15,12,0.0,8.953978538513184,False,77,0.0,17.400813388824456,4
Stefon Diggs,WR,2026,3,2026,16,13,0.0,8.810212135314941,False,84,0.0,16.457200622558585,4
Stefon Diggs,WR,2026,3,2026,17,14,0.0,8.716567039489746,False,91,0.0,14.329746365547173,4
Sterling Shepard,WR,2026,3,2026,4,1,0.0,2.020848274230957,False,0,0.0,16.73660821914671,4
Sterling Shepard,WR,2026,3,2026,5,2,0.0,1.9685568809509277,False,7,0.0,16.12986936569213,4
Sterling Shepard,WR,2026,3,2026,6,3,0.0,2.0289230346679688,False,14,0.0,15.558152294158926,4
Sterling Shepard,WR,2026,3,2026,7,4,0.0,2.0204453468322754,False,21,0.0,15.57199783325194,4
Sterling Shepard,WR,2026,3,2026,8,5,0.0,2.0287671089172363,False,28,0.0,14.971759724617002,4
Sterling Shepard,WR,2026,3,2026,9,6,0.0,2.034511089324951,False,35,0.0,14.251203060150143,4
Sterling Shepard,WR,2026,3,2026,10,7,0.0,2.093935966491699,False,42,0.0,13.707492065429683,4
Sterling Shepard,WR,2026,3,2026,11,8,0.0,2.223414421081543,False,49,0.0,13.240341949462884,4
Sterling Shepard,WR,2026,3,2026,12,9,0.0,2.3546924591064453,False,56,0.0,12.260570907592745,4
Sterling Shepard,WR,2026,3,2026,13,10,0.0,2.458822011947632,False,63,0.0,11.729794383049011,4
Sterling Shepard,WR,2026,3,2026,14,11,0.0,2.5157101154327393,False,70,0.0,11.518354511260977,4
Sterling Shepard,WR,2026,3,2026,15,12,0.0,2.582420825958252,False,77,0.0,11.029255676269525,4
Sterling Shepard,WR,2026,3,2026,16,13,0.0,2.635370969772339,False,84,0.0,10.282359457015982,4
Sterling Shepard,WR,2026,3,2026,17,14,0.0,2.675800323486328,False,91,0.0,8.288979649543755,4
Tahj Brooks,RB,2026,3,2026,4,1,0.0,1.4701098203659058,False,0,0.0,16.18586976528166,4
Tahj Brooks,RB,2026,3,2026,5,2,0.0,1.5023521184921265,False,7,0.0,15.66366460323333,4
Tahj Brooks,RB,2026,3,2026,6,3,0.0,1.63424551486969,False,14,0.0,15.163474774360648,4
Tahj Brooks,RB,2026,3,2026,7,4,0.0,1.646360158920288,False,21,0.0,15.197912645339953,4
Tahj Brooks,RB,2026,3,2026,8,5,0.0,1.660638689994812,False,28,0.0,14.603631305694577,4
Tahj Brooks,RB,2026,3,2026,9,6,0.0,1.6726808547973633,False,35,0.0,13.889372825622555,4
Tahj Brooks,RB,2026,3,2026,10,7,0.0,1.7303379774093628,False,42,0.0,13.343894076347347,4
Tahj Brooks,RB,2026,3,2026,11,8,0.0,1.8210097551345825,False,49,0.0,12.837937283515924,4
Tahj Brooks,RB,2026,3,2026,12,9,0.0,1.8971818685531616,False,56,0.0,11.803060317039462,4
Tahj Brooks,RB,2026,3,2026,13,10,0.0,1.9577449560165405,False,63,0.0,11.22871732711792,4
Tahj Brooks,RB,2026,3,2026,14,11,0.0,1.9851669073104858,False,70,0.0,10.987811303138724,4
Tahj Brooks,RB,2026,3,2026,15,12,0.0,2.033993721008301,False,77,0.0,10.480828571319574,4
Tahj Brooks,RB,2026,3,2026,16,13,0.0,2.0779306888580322,False,84,0.0,9.724919176101675,4
Tahj Brooks,RB,2026,3,2026,17,14,0.0,2.1143321990966797,False,91,0.0,7.7275115251541076,4
Tai Felton,WR,2026,3,2026,4,1,0.0,1.6732741594314575,False,0,0.0,16.38903410434721,4
Tai Felton,WR,2026,3,2026,5,2,0.0,1.635765790939331,False,7,0.0,15.797078275680535,4
Tai Felton,WR,2026,3,2026,6,3,0.0,1.6935312747955322,False,14,0.0,15.22276053428649,4
Tai Felton,WR,2026,3,2026,7,4,0.0,1.6627988815307617,False,21,0.0,15.214351367950426,4
Tai Felton,WR,2026,3,2026,8,5,0.0,1.642849326133728,False,28,0.0,14.585841941833493,4
Tai Felton,WR,2026,3,2026,9,6,0.0,1.615322470664978,False,35,0.0,13.83201444149017,4
Tai Felton,WR,2026,3,2026,10,7,0.0,1.643402338027954,False,42,0.0,13.256958436965938,4
Tai Felton,WR,2026,3,2026,11,8,0.0,1.7229055166244507,False,49,0.0,12.739833045005792,4
Tai Felton,WR,2026,3,2026,12,9,0.0,1.7951405048370361,False,56,0.0,11.701018953323336,4
Tai Felton,WR,2026,3,2026,13,10,0.0,1.853657841682434,False,63,0.0,11.124630212783813,4
Tai Felton,WR,2026,3,2026,14,11,0.0,1.8785361051559448,False,70,0.0,10.881180500984183,4
Tai Felton,WR,2026,3,2026,15,12,0.0,1.9242205619812012,False,77,0.0,10.371055412292474,4
Tai Felton,WR,2026,3,2026,16,13,0.0,1.961050271987915,False,84,0.0,9.608038759231558,4
Tai Felton,WR,2026,3,2026,17,14,0.0,1.9921425580978394,False,91,0.0,7.605321884155267,4
Tank Bigsby,RB,2026,3,2026,4,1,0.0,4.922769069671631,False,0,0.0,19.638529014587384,4
Tank Bigsby,RB,2026,3,2026,5,2,0.0,4.968674659729004,False,7,0.0,19.129987144470206,4
Tank Bigsby,RB,2026,3,2026,6,3,0.0,5.02001428604126,False,14,0.0,18.549243545532217,4
Tank Bigsby,RB,2026,3,2026,7,4,0.0,5.0247650146484375,False,21,0.0,18.576317501068104,4
Tank Bigsby,RB,2026,3,2026,8,5,0.0,4.956264019012451,False,28,0.0,17.899256634712216,4
Tank Bigsby,RB,2026,3,2026,9,6,0.0,4.819713115692139,False,35,0.0,17.03640508651733,4
Tank Bigsby,RB,2026,3,2026,10,7,0.0,4.6423726081848145,False,42,0.0,16.2559287071228,4
Tank Bigsby,RB,2026,3,2026,11,8,0.0,4.466761589050293,False,49,0.0,15.483689117431634,4
Tank Bigsby,RB,2026,3,2026,12,9,0.0,4.218564987182617,False,56,0.0,14.124443435668917,4
Tank Bigsby,RB,2026,3,2026,13,10,0.0,4.034547328948975,False,63,0.0,13.305519700050354,4
Tank Bigsby,RB,2026,3,2026,14,11,0.0,3.9399261474609375,False,70,0.0,12.942570543289175,4
Tank Bigsby,RB,2026,3,2026,15,12,0.0,3.8985788822174072,False,77,0.0,12.34541373252868,4
Tank Bigsby,RB,2026,3,2026,16,13,0.0,3.8752758502960205,False,84,0.0,11.522264337539664,4
Tank Bigsby,RB,2026,3,2026,17,14,0.0,3.8772335052490234,False,91,0.0,9.49041283130645,4
Tay Martin,WR,2026,3,2026,4,1,0.0,0.5439257621765137,False,0,0.0,15.259685707092267,4
Tay Martin,WR,2026,3,2026,5,2,0.0,0.6485328674316406,False,7,0.0,14.809845352172845,4
Tay Martin,WR,2026,3,2026,6,3,0.0,0.709977388381958,False,14,0.0,14.239206647872916,4
Tay Martin,WR,2026,3,2026,7,4,0.0,0.6452130079269409,False,21,0.0,14.196765494346606,4
Tay Martin,WR,2026,3,2026,8,5,0.0,0.62896728515625,False,28,0.0,13.571959900856015,4
Tay Martin,WR,2026,3,2026,9,6,0.0,0.6539914608001709,False,35,0.0,12.870683431625363,4
Tay Martin,WR,2026,3,2026,10,7,0.0,0.7262262105941772,False,42,0.0,12.339782309532161,4
Tay Martin,WR,2026,3,2026,11,8,0.0,0.8218854665756226,False,49,0.0,11.838812994956964,4
Tay Martin,WR,2026,3,2026,12,9,0.0,0.9548748731613159,False,56,0.0,10.860753321647616,4
Tay Martin,WR,2026,3,2026,13,10,0.0,1.0571589469909668,False,63,0.0,10.328131318092346,4
Tay Martin,WR,2026,3,2026,14,11,0.0,1.1053385734558105,False,70,0.0,10.107982969284048,4
Tay Martin,WR,2026,3,2026,15,12,0.0,1.1734622716903687,False,77,0.0,9.620297122001642,4
Tay Martin,WR,2026,3,2026,16,13,0.0,1.228692889213562,False,84,0.0,8.875681376457205,4
Tay Martin,WR,2026,3,2026,17,14,0.0,1.271825909614563,False,91,0.0,6.885005235671991,4
Ted Hurst III,WR,2026,3,2026,4,1,0.0,2.214634895324707,False,0,0.0,16.93039484024046,4
Ted Hurst III,WR,2026,3,2026,5,2,0.0,2.12322735786438,False,7,0.0,16.284539842605582,4
Ted Hurst III,WR,2026,3,2026,6,3,0.0,2.274505615234375,False,14,0.0,15.803734874725333,4
Ted Hurst III,WR,2026,3,2026,7,4,0.0,2.363591194152832,False,21,0.0,15.915143680572497,4
Ted Hurst III,WR,2026,3,2026,8,5,0.0,2.4588117599487305,False,28,0.0,15.401804375648496,4
Ted Hurst III,WR,2026,3,2026,9,6,0.0,2.5543410778045654,False,35,0.0,14.771033048629757,4
Ted Hurst III,WR,2026,3,2026,10,7,0.0,2.7141499519348145,False,42,0.0,14.327706050872798,4
Ted Hurst III,WR,2026,3,2026,11,8,0.0,2.9742231369018555,False,49,0.0,13.991150665283197,4
Ted Hurst III,WR,2026,3,2026,12,9,0.0,3.239170789718628,False,56,0.0,13.145049238204928,4
Ted Hurst III,WR,2026,3,2026,13,10,0.0,3.4804739952087402,False,63,0.0,12.75144636631012,4
Ted Hurst III,WR,2026,3,2026,14,11,0.0,3.630585193634033,False,70,0.0,12.633229589462271,4
Ted Hurst III,WR,2026,3,2026,15,12,0.0,3.7485907077789307,False,77,0.0,12.195425558090204,4
Ted Hurst III,WR,2026,3,2026,16,13,0.0,3.8263556957244873,False,84,0.0,11.47334418296813,4
Ted Hurst III,WR,2026,3,2026,17,14,0.0,3.8737704753875732,False,91,0.0,9.486949801445,4
Tee Higgins,WR,2026,3,2026,4,1,0.0,13.270804405212402,False,0,2.1721889495849602,27.986564350128155,4
Tee Higgins,WR,2026,3,2026,5,2,0.0,13.49716854095459,False,7,0.0,27.658481025695792,4
Tee Higgins,WR,2026,3,2026,6,3,0.0,13.793844223022461,False,14,0.0,27.32307348251342,4
Tee Higgins,WR,2026,3,2026,7,4,0.0,14.010443687438965,False,21,0.0,27.56199617385863,4
Tee Higgins,WR,2026,3,2026,8,5,0.0,14.148101806640625,False,28,0.0,27.09109442234039,4
Tee Higgins,WR,2026,3,2026,9,6,0.0,14.276009559631348,False,35,0.0,26.49270153045654,4
Tee Higgins,WR,2026,3,2026,10,7,0.0,14.406598091125488,False,42,0.0,26.020154190063472,4
Tee Higgins,WR,2026,3,2026,11,8,0.0,14.520448684692383,False,49,0.0,25.537376213073724,4
Tee Higgins,WR,2026,3,2026,12,9,0.0,14.5813627243042,False,56,0.0,24.487241172790498,4
Tee Higgins,WR,2026,3,2026,13,10,0.0,14.66037654876709,False,63,0.0,23.93134891986847,4
Tee Higgins,WR,2026,3,2026,14,11,0.0,14.664273262023926,False,70,0.0,23.666917657852164,4
Tee Higgins,WR,2026,3,2026,15,12,0.0,14.620107650756836,False,77,0.0,23.06694250106811,4
Tee Higgins,WR,2026,3,2026,16,13,0.0,14.578394889831543,False,84,0.0,22.225383377075186,4
Tee Higgins,WR,2026,3,2026,17,14,0.0,14.523876190185547,False,91,0.0,20.137055516242974,4
Terry McLaurin,WR,2026,3,2026,4,1,0.0,7.494816303253174,False,0,0.0,22.210576248168927,4
Terry McLaurin,WR,2026,3,2026,5,2,0.0,7.294114112854004,False,7,0.0,21.455426597595206,4
Terry McLaurin,WR,2026,3,2026,6,3,0.0,7.838267803192139,False,14,0.0,21.367497062683096,4
Terry McLaurin,WR,2026,3,2026,7,4,0.0,8.496712684631348,False,21,0.0,22.048265171051014,4
Terry McLaurin,WR,2026,3,2026,8,5,0.0,9.250394821166992,False,28,0.0,22.193387436866757,4
Terry McLaurin,WR,2026,3,2026,9,6,0.0,10.082446098327637,False,35,0.0,22.29913806915283,4
Terry McLaurin,WR,2026,3,2026,10,7,0.0,10.816108703613281,False,42,0.0,22.429664802551265,4
Terry McLaurin,WR,2026,3,2026,11,8,0.0,11.2954740524292,False,49,0.0,22.31240158081054,4
Terry McLaurin,WR,2026,3,2026,12,9,0.0,11.529732704162598,False,56,0.0,21.435611152648896,4
Terry McLaurin,WR,2026,3,2026,13,10,0.0,11.700684547424316,False,63,0.0,20.971656918525696,4
Terry McLaurin,WR,2026,3,2026,14,11,0.0,11.743914604187012,False,70,0.0,20.74655900001525,4
Terry McLaurin,WR,2026,3,2026,15,12,0.0,11.680908203125,False,77,0.0,20.127743053436273,4
Terry McLaurin,WR,2026,3,2026,16,13,0.0,11.598965644836426,False,84,0.0,19.24595413208007,4
Terry McLaurin,WR,2026,3,2026,17,14,0.0,11.512001037597656,False,91,0.0,17.125180363655083,4
Tetairoa McMillan,WR,2026,3,2026,4,1,0.0,13.303035736083984,False,0,2.2044202804565423,28.018795680999737,4
Tetairoa McMillan,WR,2026,3,2026,5,2,0.0,13.501566886901855,False,7,0.0,27.662879371643058,4
Tetairoa McMillan,WR,2026,3,2026,6,3,0.0,13.674342155456543,False,14,0.0,27.2035714149475,4
Tetairoa McMillan,WR,2026,3,2026,7,4,0.0,13.742579460144043,False,21,0.0,27.29413194656371,4
Tetairoa McMillan,WR,2026,3,2026,8,5,0.0,13.797186851501465,False,28,0.0,26.74017946720123,4
Tetairoa McMillan,WR,2026,3,2026,9,6,0.0,13.85985279083252,False,35,0.0,26.07654476165771,4
Tetairoa McMillan,WR,2026,3,2026,10,7,0.0,13.94003963470459,False,42,0.0,25.553595733642574,4
Tetairoa McMillan,WR,2026,3,2026,11,8,0.0,14.009681701660156,False,49,0.0,25.026609230041498,4
Tetairoa McMillan,WR,2026,3,2026,12,9,0.0,14.015937805175781,False,56,0.0,23.92181625366208,4
Tetairoa McMillan,WR,2026,3,2026,13,10,0.0,14.014775276184082,False,63,0.0,23.28574764728546,4
Tetairoa McMillan,WR,2026,3,2026,14,11,0.0,13.966891288757324,False,70,0.0,22.969535684585562,4
Tetairoa McMillan,WR,2026,3,2026,15,12,0.0,13.901130676269531,False,77,0.0,22.347965526580804,4
Tetairoa McMillan,WR,2026,3,2026,16,13,0.0,13.847245216369629,False,84,0.0,21.494233703613272,4
Tetairoa McMillan,WR,2026,3,2026,17,14,0.0,13.788846015930176,False,91,0.0,19.402025341987603,4
Tez Johnson,WR,2026,3,2026,4,1,0.0,3.426980972290039,False,0,0.0,18.142740917205792,4
Tez Johnson,WR,2026,3,2026,5,2,0.0,3.239596366882324,False,7,0.0,17.400908851623527,4
Tez Johnson,WR,2026,3,2026,6,3,0.0,3.3186984062194824,False,14,0.0,16.84792766571044,4
Tez Johnson,WR,2026,3,2026,7,4,0.0,3.368640422821045,False,21,0.0,16.92019290924071,4
Tez Johnson,WR,2026,3,2026,8,5,0.0,3.4117543697357178,False,28,0.0,16.354746985435483,4
Tez Johnson,WR,2026,3,2026,9,6,0.0,3.4398112297058105,False,35,0.0,15.656503200531002,4
Tez Johnson,WR,2026,3,2026,10,7,0.0,3.5333640575408936,False,42,0.0,15.146920156478878,4
Tez Johnson,WR,2026,3,2026,11,8,0.0,3.7490925788879395,False,49,0.0,14.76602010726928,4
Tez Johnson,WR,2026,3,2026,12,9,0.0,3.9617457389831543,False,56,0.0,13.867624187469454,4
Tez Johnson,WR,2026,3,2026,13,10,0.0,4.141418933868408,False,63,0.0,13.412391304969788,4
Tez Johnson,WR,2026,3,2026,14,11,0.0,4.241273403167725,False,70,0.0,13.243917798995962,4
Tez Johnson,WR,2026,3,2026,15,12,0.0,4.321976661682129,False,77,0.0,12.768811511993402,4
Tez Johnson,WR,2026,3,2026,16,13,0.0,4.369529724121094,False,84,0.0,12.016518211364737,4
Tez Johnson,WR,2026,3,2026,17,14,0.0,4.400768756866455,False,91,0.0,10.013948082923882,4
Tom Kennedy,WR,2026,3,2026,4,1,0.0,0.7752333879470825,False,0,0.0,15.490993332862836,4
Tom Kennedy,WR,2026,3,2026,5,2,0.0,0.8826175928115845,False,7,0.0,15.043930077552789,4
Tom Kennedy,WR,2026,3,2026,6,3,0.0,0.9463231563568115,False,14,0.0,14.475552415847769,4
Tom Kennedy,WR,2026,3,2026,7,4,0.0,0.9034454822540283,False,21,0.0,14.454997968673693,4
Tom Kennedy,WR,2026,3,2026,8,5,0.0,0.8855177164077759,False,28,0.0,13.828510332107541,4
Tom Kennedy,WR,2026,3,2026,9,6,0.0,0.8748139142990112,False,35,0.0,13.091505885124203,4
Tom Kennedy,WR,2026,3,2026,10,7,0.0,0.8930950164794922,False,42,0.0,12.506651115417476,4
Tom Kennedy,WR,2026,3,2026,11,8,0.0,0.9244983196258545,False,49,0.0,11.941425848007196,4
Tom Kennedy,WR,2026,3,2026,12,9,0.0,0.9648653268814087,False,56,0.0,10.870743775367709,4
Tom Kennedy,WR,2026,3,2026,13,10,0.0,0.9947309494018555,False,63,0.0,10.265703320503235,4
Tom Kennedy,WR,2026,3,2026,14,11,0.0,1.0063542127609253,False,70,0.0,10.008998608589163,4
Tom Kennedy,WR,2026,3,2026,15,12,0.0,1.0462455749511719,False,77,0.0,9.493080425262445,4
Tom Kennedy,WR,2026,3,2026,16,13,0.0,1.0819584131240845,False,84,0.0,8.728946900367728,4
Tom Kennedy,WR,2026,3,2026,17,14,0.0,1.113547921180725,False,91,0.0,6.726727247238153,4
Tony Pollard,RB,2026,3,2026,4,1,0.0,14.354266166687012,False,0,3.2556507110595696,29.070026111602765,4
Tony Pollard,RB,2026,3,2026,5,2,0.0,14.435917854309082,False,7,0.7686236381530751,28.597230339050284,4
Tony Pollard,RB,2026,3,2026,6,3,0.0,14.518202781677246,False,14,0.39061746597290004,28.047432041168204,4
Tony Pollard,RB,2026,3,2026,7,4,0.0,14.484055519104004,False,21,0.1963012695312507,28.03560800552367,4
Tony Pollard,RB,2026,3,2026,8,5,0.0,14.465608596801758,False,28,0.02715835571289027,27.408601212501523,4
Tony Pollard,RB,2026,3,2026,9,6,0.0,14.472578048706055,False,35,0.0,26.689270019531246,4
Tony Pollard,RB,2026,3,2026,10,7,0.0,14.527538299560547,False,42,0.0,26.14109439849853,4
Tony Pollard,RB,2026,3,2026,11,8,0.0,14.610062599182129,False,49,0.0,25.62699012756347,4
Tony Pollard,RB,2026,3,2026,12,9,0.0,14.647826194763184,False,56,0.0,24.553704643249482,4
Tony Pollard,RB,2026,3,2026,13,10,0.0,14.720664978027344,False,63,0.0,23.991637349128723,4
Tony Pollard,RB,2026,3,2026,14,11,0.0,14.728154182434082,False,70,0.0,23.73079857826232,4
Tony Pollard,RB,2026,3,2026,15,12,0.0,14.672656059265137,False,77,0.0,23.11949090957641,4
Tony Pollard,RB,2026,3,2026,16,13,0.0,14.613825798034668,False,84,0.0,22.26081428527831,4
Tony Pollard,RB,2026,3,2026,17,14,0.0,14.546874046325684,False,91,0.0,20.16005337238311,4
Tory Horton,WR,2026,3,2026,4,1,0.0,4.531275272369385,False,0,0.0,19.247035217285138,4
Tory Horton,WR,2026,3,2026,5,2,0.0,4.502824783325195,False,7,0.0,18.664137268066398,4
Tory Horton,WR,2026,3,2026,6,3,0.0,4.765018939971924,False,14,0.0,18.29424819946288,4
Tory Horton,WR,2026,3,2026,7,4,0.0,5.022225856781006,False,21,0.0,18.573778343200672,4
Tory Horton,WR,2026,3,2026,8,5,0.0,5.2157301902771,False,28,0.0,18.158722805976865,4
Tory Horton,WR,2026,3,2026,9,6,0.0,5.396364212036133,False,35,0.0,17.613056182861325,4
Tory Horton,WR,2026,3,2026,10,7,0.0,5.680624008178711,False,42,0.0,17.294180107116695,4
Tory Horton,WR,2026,3,2026,11,8,0.0,6.161920070648193,False,49,0.0,17.178847599029535,4
Tory Horton,WR,2026,3,2026,12,9,0.0,6.705036640167236,False,56,0.0,16.610915088653535,4
Tory Horton,WR,2026,3,2026,13,10,0.0,7.265210151672363,False,63,0.0,16.536182522773743,4
Tory Horton,WR,2026,3,2026,14,11,0.0,7.647507190704346,False,70,0.0,16.650151586532584,4
Tory Horton,WR,2026,3,2026,15,12,0.0,7.839311122894287,False,77,0.0,16.28614597320556,4
Tory Horton,WR,2026,3,2026,16,13,0.0,7.9055352210998535,False,84,0.0,15.552523708343497,4
Tory Horton,WR,2026,3,2026,17,14,0.0,7.902542591094971,False,91,0.0,13.515721917152398,4
Travis Etienne,RB,2026,3,2026,4,1,0.0,10.797369956970215,False,0,0.0,25.513129901885968,4
Travis Etienne,RB,2026,3,2026,5,2,0.0,11.141736030578613,False,7,0.0,25.303048515319816,4
Travis Etienne,RB,2026,3,2026,6,3,0.0,11.885663032531738,False,14,0.0,25.414892292022696,4
Travis Etienne,RB,2026,3,2026,7,4,0.0,12.397780418395996,False,21,0.0,25.949332904815662,4
Travis Etienne,RB,2026,3,2026,8,5,0.0,12.686064720153809,False,28,0.0,25.629057335853574,4
Travis Etienne,RB,2026,3,2026,9,6,0.0,12.895959854125977,False,35,0.0,25.11265182495117,4
Travis Etienne,RB,2026,3,2026,10,7,0.0,13.124706268310547,False,42,0.0,24.73826236724853,4
Travis Etienne,RB,2026,3,2026,11,8,0.0,13.34184741973877,False,49,0.0,24.35877494812011,4
Travis Etienne,RB,2026,3,2026,12,9,0.0,13.469592094421387,False,56,0.0,23.375470542907685,4
Travis Etienne,RB,2026,3,2026,13,10,0.0,13.57354736328125,False,63,0.0,22.84451973438263,4
Travis Etienne,RB,2026,3,2026,14,11,0.0,13.582514762878418,False,70,0.0,22.585159158706656,4
Travis Etienne,RB,2026,3,2026,15,12,0.0,13.538859367370605,False,77,0.0,21.98569421768188,4
Travis Etienne,RB,2026,3,2026,16,13,0.0,13.496447563171387,False,84,0.0,21.14343605041503,4
Travis Etienne,RB,2026,3,2026,17,14,0.0,13.445359230041504,False,91,0.0,19.05853855609893,4
Travis Homer,RB,2026,3,2026,4,1,0.0,1.0419085025787354,False,0,0.0,15.757668447494488,4
Travis Homer,RB,2026,3,2026,5,2,0.0,1.134312629699707,False,7,0.0,15.295625114440911,4
Travis Homer,RB,2026,3,2026,6,3,0.0,1.181212306022644,False,14,0.0,14.710441565513602,4
Travis Homer,RB,2026,3,2026,7,4,0.0,1.1321083307266235,False,21,0.0,14.683660817146288,4
Travis Homer,RB,2026,3,2026,8,5,0.0,1.1056749820709229,False,28,0.0,14.048667597770688,4
Travis Homer,RB,2026,3,2026,9,6,0.0,1.0790905952453613,False,35,0.0,13.295782566070553,4
Travis Homer,RB,2026,3,2026,10,7,0.0,1.0747437477111816,False,42,0.0,12.688299846649166,4
Travis Homer,RB,2026,3,2026,11,8,0.0,1.0843145847320557,False,49,0.0,12.101242113113397,4
Travis Homer,RB,2026,3,2026,12,9,0.0,1.1044104099273682,False,56,0.0,11.010288858413668,4
Travis Homer,RB,2026,3,2026,13,10,0.0,1.1250548362731934,False,63,0.0,10.396027207374573,4
Travis Homer,RB,2026,3,2026,14,11,0.0,1.1306791305541992,False,70,0.0,10.133323526382437,4
Travis Homer,RB,2026,3,2026,15,12,0.0,1.1644483804702759,False,77,0.0,9.611283230781549,4
Travis Homer,RB,2026,3,2026,16,13,0.0,1.198561191558838,False,84,0.0,8.845549678802481,4
Travis Homer,RB,2026,3,2026,17,14,0.0,1.2325167655944824,False,91,0.0,6.84569609165191,4
Travis Hunter,WR,2026,3,2026,4,1,0.0,0.9939999580383301,False,0,0.0,15.709759902954083,4
Travis Hunter,WR,2026,3,2026,5,2,0.0,1.0938533544540405,False,7,0.0,15.255165839195245,4
Travis Hunter,WR,2026,3,2026,6,3,0.0,1.2097355127334595,False,14,0.0,14.738964772224417,4
Travis Hunter,WR,2026,3,2026,7,4,0.0,1.2034897804260254,False,21,0.0,14.75504226684569,4
Travis Hunter,WR,2026,3,2026,8,5,0.0,1.2143086194992065,False,28,0.0,14.157301235198972,4
Travis Hunter,WR,2026,3,2026,9,6,0.0,1.2314518690109253,False,35,0.0,13.448143839836117,4
Travis Hunter,WR,2026,3,2026,10,7,0.0,1.2856590747833252,False,42,0.0,12.89921517372131,4
Travis Hunter,WR,2026,3,2026,11,8,0.0,1.3638235330581665,False,49,0.0,12.380751061439508,4
Travis Hunter,WR,2026,3,2026,12,9,0.0,1.4380275011062622,False,56,0.0,11.343905949592562,4
Travis Hunter,WR,2026,3,2026,13,10,0.0,1.4934664964675903,False,63,0.0,10.76443886756897,4
Travis Hunter,WR,2026,3,2026,14,11,0.0,1.521950602531433,False,70,0.0,10.524594998359671,4
Travis Hunter,WR,2026,3,2026,15,12,0.0,1.5736428499221802,False,77,0.0,10.020477700233453,4
Travis Hunter,WR,2026,3,2026,16,13,0.0,1.6214884519577026,False,84,0.0,9.268476939201346,4
Travis Hunter,WR,2026,3,2026,17,14,0.0,1.6619371175765991,False,91,0.0,7.275116443634027,4
Tre Harris,WR,2026,3,2026,4,1,0.0,4.908664703369141,False,0,0.0,19.624424648284894,4
Tre Harris,WR,2026,3,2026,5,2,0.0,4.831113338470459,False,7,0.0,18.99242582321166,4
Tre Harris,WR,2026,3,2026,6,3,0.0,5.151817321777344,False,14,0.0,18.6810465812683,4
Tre Harris,WR,2026,3,2026,7,4,0.0,5.440789699554443,False,21,0.0,18.99234218597411,4
Tre Harris,WR,2026,3,2026,8,5,0.0,5.661944389343262,False,28,0.0,18.604937005043027,4
Tre Harris,WR,2026,3,2026,9,6,0.0,5.882405757904053,False,35,0.0,18.099097728729244,4
Tre Harris,WR,2026,3,2026,10,7,0.0,6.205711364746094,False,42,0.0,17.819267463684078,4
Tre Harris,WR,2026,3,2026,11,8,0.0,6.691158294677734,False,49,0.0,17.708085823059076,4
Tre Harris,WR,2026,3,2026,12,9,0.0,7.184284687042236,False,56,0.0,17.090163135528535,4
Tre Harris,WR,2026,3,2026,13,10,0.0,7.650346755981445,False,63,0.0,16.921319127082825,4
Tre Harris,WR,2026,3,2026,14,11,0.0,7.918186664581299,False,70,0.0,16.920831060409537,4
Tre Harris,WR,2026,3,2026,15,12,0.0,8.009511947631836,False,77,0.0,16.45634679794311,4
Tre Harris,WR,2026,3,2026,16,13,0.0,8.014960289001465,False,84,0.0,15.661948776245108,4
Tre Harris,WR,2026,3,2026,17,14,0.0,7.973301410675049,False,91,0.0,13.586480736732476,4
Tre Tucker,WR,2026,3,2026,4,1,0.0,12.420212745666504,False,0,1.3215972900390618,27.135972690582257,4
Tre Tucker,WR,2026,3,2026,5,2,0.0,12.662984848022461,False,7,0.0,26.824297332763663,4
Tre Tucker,WR,2026,3,2026,6,3,0.0,13.279866218566895,False,14,0.0,26.809095478057852,4
Tre Tucker,WR,2026,3,2026,7,4,0.0,13.757134437561035,False,21,0.0,27.3086869239807,4
Tre Tucker,WR,2026,3,2026,8,5,0.0,14.021685600280762,False,28,0.0,26.964678215980527,4
Tre Tucker,WR,2026,3,2026,9,6,0.0,14.190274238586426,False,35,0.0,26.406966209411618,4
Tre Tucker,WR,2026,3,2026,10,7,0.0,14.35639762878418,False,42,0.0,25.969953727722164,4
Tre Tucker,WR,2026,3,2026,11,8,0.0,14.498640060424805,False,49,0.0,25.515567588806146,4
Tre Tucker,WR,2026,3,2026,12,9,0.0,14.57079029083252,False,56,0.0,24.476668739318818,4
Tre Tucker,WR,2026,3,2026,13,10,0.0,14.652880668640137,False,63,0.0,23.923853039741516,4
Tre Tucker,WR,2026,3,2026,14,11,0.0,14.654273986816406,False,70,0.0,23.656918382644644,4
Tre Tucker,WR,2026,3,2026,15,12,0.0,14.602959632873535,False,77,0.0,23.049794483184808,4
Tre Tucker,WR,2026,3,2026,16,13,0.0,14.555750846862793,False,84,0.0,22.202739334106436,4
Tre Tucker,WR,2026,3,2026,17,14,0.0,14.497206687927246,False,91,0.0,20.110386013984673,4
TreVeyon Henderson,RB,2026,3,2026,4,1,0.0,8.305291175842285,False,0,0.0,23.021051120758038,4
TreVeyon Henderson,RB,2026,3,2026,5,2,0.0,8.02518367767334,False,7,0.0,22.186496162414542,4
TreVeyon Henderson,RB,2026,3,2026,6,3,0.0,8.083990097045898,False,14,0.0,21.613219356536856,4
TreVeyon Henderson,RB,2026,3,2026,7,4,0.0,8.27138614654541,False,21,0.0,21.822938632965077,4
TreVeyon Henderson,RB,2026,3,2026,8,5,0.0,8.577821731567383,False,28,0.0,21.520814347267148,4
TreVeyon Henderson,RB,2026,3,2026,9,6,0.0,8.991470336914062,False,35,0.0,21.208162307739254,4
TreVeyon Henderson,RB,2026,3,2026,10,7,0.0,9.428744316101074,False,42,0.0,21.04230041503906,4
TreVeyon Henderson,RB,2026,3,2026,11,8,0.0,9.818604469299316,False,49,0.0,20.835531997680658,4
TreVeyon Henderson,RB,2026,3,2026,12,9,0.0,10.070448875427246,False,56,0.0,19.976327323913544,4
TreVeyon Henderson,RB,2026,3,2026,13,10,0.0,10.260411262512207,False,63,0.0,19.531383633613586,4
TreVeyon Henderson,RB,2026,3,2026,14,11,0.0,10.330269813537598,False,70,0.0,19.332914209365835,4
TreVeyon Henderson,RB,2026,3,2026,15,12,0.0,10.332448959350586,False,77,0.0,18.77928380966186,4
TreVeyon Henderson,RB,2026,3,2026,16,13,0.0,10.315644264221191,False,84,0.0,17.962632751464835,4
TreVeyon Henderson,RB,2026,3,2026,17,14,0.0,10.256205558776855,False,91,0.0,15.869384884834282,4
Treylon Burks,WR,2026,3,2026,4,1,0.0,3.85988187789917,False,0,0.0,18.575641822814923,4
Treylon Burks,WR,2026,3,2026,5,2,0.0,3.8303730487823486,False,7,0.0,17.99168553352355,4
Treylon Burks,WR,2026,3,2026,6,3,0.0,4.048652648925781,False,14,0.0,17.57788190841674,4
Treylon Burks,WR,2026,3,2026,7,4,0.0,4.224826335906982,False,21,0.0,17.77637882232665,4
Treylon Burks,WR,2026,3,2026,8,5,0.0,4.385694980621338,False,28,0.0,17.328687596321103,4
Treylon Burks,WR,2026,3,2026,9,6,0.0,4.550731182098389,False,35,0.0,16.76742315292358,4
Treylon Burks,WR,2026,3,2026,10,7,0.0,4.781675815582275,False,42,0.0,16.39523191452026,4
Treylon Burks,WR,2026,3,2026,11,8,0.0,5.121105670928955,False,49,0.0,16.138033199310296,4
Treylon Burks,WR,2026,3,2026,12,9,0.0,5.4391889572143555,False,56,0.0,15.345067405700656,4
Treylon Burks,WR,2026,3,2026,13,10,0.0,5.71255350112915,False,63,0.0,14.98352587223053,4
Treylon Burks,WR,2026,3,2026,14,11,0.0,5.854423999786377,False,70,0.0,14.857068395614615,4
Treylon Burks,WR,2026,3,2026,15,12,0.0,5.9355669021606445,False,77,0.0,14.382401752471917,4
Treylon Burks,WR,2026,3,2026,16,13,0.0,5.97149133682251,False,84,0.0,13.618479824066153,4
Treylon Burks,WR,2026,3,2026,17,14,0.0,5.983951568603516,False,91,0.0,11.597130894660943,4
Troy Franklin,WR,2026,3,2026,4,1,0.0,5.010985851287842,False,0,0.0,19.726745796203595,4
Troy Franklin,WR,2026,3,2026,5,2,0.0,4.955891132354736,False,7,0.0,19.11720361709594,4
Troy Franklin,WR,2026,3,2026,6,3,0.0,5.2957587242126465,False,14,0.0,18.824987983703604,4
Troy Franklin,WR,2026,3,2026,7,4,0.0,5.611660003662109,False,21,0.0,19.163212490081776,4
Troy Franklin,WR,2026,3,2026,8,5,0.0,5.897291660308838,False,28,0.0,18.840284276008603,4
Troy Franklin,WR,2026,3,2026,9,6,0.0,6.215667724609375,False,35,0.0,18.432359695434567,4
Troy Franklin,WR,2026,3,2026,10,7,0.0,6.630178451538086,False,42,0.0,18.24373455047607,4
Troy Franklin,WR,2026,3,2026,11,8,0.0,7.203375339508057,False,49,0.0,18.220302867889398,4
Troy Franklin,WR,2026,3,2026,12,9,0.0,7.8676228523254395,False,56,0.0,17.773501300811738,4
Troy Franklin,WR,2026,3,2026,13,10,0.0,8.673184394836426,False,63,0.0,17.944156765937805,4
Troy Franklin,WR,2026,3,2026,14,11,0.0,9.33937931060791,False,70,0.0,18.342023706436148,4
Troy Franklin,WR,2026,3,2026,15,12,0.0,9.762225151062012,False,77,0.0,18.209060001373285,4
Troy Franklin,WR,2026,3,2026,16,13,0.0,9.989293098449707,False,84,0.0,17.63628158569335,4
Troy Franklin,WR,2026,3,2026,17,14,0.0,10.08803939819336,False,91,0.0,15.701218724250786,4
Tutu Atwell,WR,2026,3,2026,4,1,0.0,2.0744993686676025,False,0,0.0,16.790259313583356,4
Tutu Atwell,WR,2026,3,2026,5,2,0.0,1.8855737447738647,False,7,0.0,16.046886229515067,4
Tutu Atwell,WR,2026,3,2026,6,3,0.0,1.868442177772522,False,14,0.0,15.39767143726348,4
Tutu Atwell,WR,2026,3,2026,7,4,0.0,1.8092552423477173,False,21,0.0,15.360807728767382,4
Tutu Atwell,WR,2026,3,2026,8,5,0.0,1.7712857723236084,False,28,0.0,14.714278388023374,4
Tutu Atwell,WR,2026,3,2026,9,6,0.0,1.7211735248565674,False,35,0.0,13.93786549568176,4
Tutu Atwell,WR,2026,3,2026,10,7,0.0,1.7125242948532104,False,42,0.0,13.326080393791194,4
Tutu Atwell,WR,2026,3,2026,11,8,0.0,1.753795862197876,False,49,0.0,12.770723390579217,4
Tutu Atwell,WR,2026,3,2026,12,9,0.0,1.79633367061615,False,56,0.0,11.70221211910245,4
Tutu Atwell,WR,2026,3,2026,13,10,0.0,1.8342609405517578,False,63,0.0,11.105233311653137,4
Tutu Atwell,WR,2026,3,2026,14,11,0.0,1.852547287940979,False,70,0.0,10.855191683769217,4
Tutu Atwell,WR,2026,3,2026,15,12,0.0,1.8956354856491089,False,77,0.0,10.342470335960382,4
Tutu Atwell,WR,2026,3,2026,16,13,0.0,1.933255672454834,False,84,0.0,9.580244159698477,4
Tutu Atwell,WR,2026,3,2026,17,14,0.0,1.967233657836914,False,91,0.0,7.580412983894342,4
Ty Johnson,RB,2026,3,2026,4,1,0.0,4.315893173217773,False,0,0.0,19.031653118133526,4
Ty Johnson,RB,2026,3,2026,5,2,0.0,3.9538967609405518,False,7,0.0,18.115209245681754,4
Ty Johnson,RB,2026,3,2026,6,3,0.0,3.825382709503174,False,14,0.0,17.35461196899413,4
Ty Johnson,RB,2026,3,2026,7,4,0.0,3.7399168014526367,False,21,0.0,17.291469287872303,4
Ty Johnson,RB,2026,3,2026,8,5,0.0,3.686732292175293,False,28,0.0,16.629724907875058,4
Ty Johnson,RB,2026,3,2026,9,6,0.0,3.6563496589660645,False,35,0.0,15.873041629791256,4
Ty Johnson,RB,2026,3,2026,10,7,0.0,3.6930770874023438,False,42,0.0,15.306633186340328,4
Ty Johnson,RB,2026,3,2026,11,8,0.0,3.84539532661438,False,49,0.0,14.862322854995721,4
Ty Johnson,RB,2026,3,2026,12,9,0.0,3.9889142513275146,False,56,0.0,13.894792699813815,4
Ty Johnson,RB,2026,3,2026,13,10,0.0,4.110687732696533,False,63,0.0,13.381660103797913,4
Ty Johnson,RB,2026,3,2026,14,11,0.0,4.177558422088623,False,70,0.0,13.18020281791686,4
Ty Johnson,RB,2026,3,2026,15,12,0.0,4.238958835601807,False,77,0.0,12.68579368591308,4
Ty Johnson,RB,2026,3,2026,16,13,0.0,4.278560161590576,False,84,0.0,11.92554864883422,4
Ty Johnson,RB,2026,3,2026,17,14,0.0,4.306149005889893,False,91,0.0,9.91932833194732,4
Tyjae Spears,RB,2026,3,2026,4,1,0.0,6.14546537399292,False,0,0.0,20.861225318908673,4
Tyjae Spears,RB,2026,3,2026,5,2,0.0,5.793641090393066,False,7,0.0,19.95495357513427,4
Tyjae Spears,RB,2026,3,2026,6,3,0.0,6.137815952301025,False,14,0.0,19.667045211791983,4
Tyjae Spears,RB,2026,3,2026,7,4,0.0,6.683678150177002,False,21,0.0,20.23523063659667,4
Tyjae Spears,RB,2026,3,2026,8,5,0.0,7.224894046783447,False,28,0.0,20.167886662483212,4
Tyjae Spears,RB,2026,3,2026,9,6,0.0,7.817718982696533,False,35,0.0,20.034410953521725,4
Tyjae Spears,RB,2026,3,2026,10,7,0.0,8.601113319396973,False,42,0.0,20.214669418334957,4
Tyjae Spears,RB,2026,3,2026,11,8,0.0,9.611427307128906,False,49,0.0,20.628354835510248,4
Tyjae Spears,RB,2026,3,2026,12,9,0.0,10.519075393676758,False,56,0.0,20.424953842163056,4
Tyjae Spears,RB,2026,3,2026,13,10,0.0,11.274256706237793,False,63,0.0,20.545229077339172,4
Tyjae Spears,RB,2026,3,2026,14,11,0.0,11.675180435180664,False,70,0.0,20.677824831008902,4
Tyjae Spears,RB,2026,3,2026,15,12,0.0,11.827880859375,False,77,0.0,20.274715709686273,4
Tyjae Spears,RB,2026,3,2026,16,13,0.0,11.8851900100708,False,84,0.0,19.532178497314444,4
Tyjae Spears,RB,2026,3,2026,17,14,0.0,11.889744758605957,False,91,0.0,17.502924084663384,4
Tylan Wallace,WR,2026,3,2026,4,1,0.0,1.4405752420425415,False,0,0.0,16.156335186958295,4
Tylan Wallace,WR,2026,3,2026,5,2,0.0,1.4560683965682983,False,7,0.0,15.617380881309503,4
Tylan Wallace,WR,2026,3,2026,6,3,0.0,1.5275338888168335,False,14,0.0,15.056763148307791,4
Tylan Wallace,WR,2026,3,2026,7,4,0.0,1.4981427192687988,False,21,0.0,15.049695205688463,4
Tylan Wallace,WR,2026,3,2026,8,5,0.0,1.4951614141464233,False,28,0.0,14.438154029846189,4
Tylan Wallace,WR,2026,3,2026,9,6,0.0,1.523868203163147,False,35,0.0,13.740560173988339,4
Tylan Wallace,WR,2026,3,2026,10,7,0.0,1.6121456623077393,False,42,0.0,13.225701761245723,4
Tylan Wallace,WR,2026,3,2026,11,8,0.0,1.746649980545044,False,49,0.0,12.763577508926385,4
Tylan Wallace,WR,2026,3,2026,12,9,0.0,1.8707917928695679,False,56,0.0,11.776670241355868,4
Tylan Wallace,WR,2026,3,2026,13,10,0.0,1.9628633260726929,False,63,0.0,11.233835697174072,4
Tylan Wallace,WR,2026,3,2026,14,11,0.0,2.012106418609619,False,70,0.0,11.014750814437857,4
Tylan Wallace,WR,2026,3,2026,15,12,0.0,2.078148365020752,False,77,0.0,10.524983215332025,4
Tylan Wallace,WR,2026,3,2026,16,13,0.0,2.1316769123077393,False,84,0.0,9.778665399551382,4
Tylan Wallace,WR,2026,3,2026,17,14,0.0,2.172339677810669,False,91,0.0,7.785519003868097,4
Tyler Allgeier,RB,2026,3,2026,4,1,0.0,4.662346363067627,False,0,0.0,19.37810630798338,4
Tyler Allgeier,RB,2026,3,2026,5,2,0.0,4.2609333992004395,False,7,0.0,18.422245883941642,4
Tyler Allgeier,RB,2026,3,2026,6,3,0.0,4.024325370788574,False,14,0.0,17.553554630279532,4
Tyler Allgeier,RB,2026,3,2026,7,4,0.0,3.86165452003479,False,21,0.0,17.413207006454456,4
Tyler Allgeier,RB,2026,3,2026,8,5,0.0,3.7564589977264404,False,28,0.0,16.699451613426206,4
Tyler Allgeier,RB,2026,3,2026,9,6,0.0,3.6720035076141357,False,35,0.0,15.888695478439328,4
Tyler Allgeier,RB,2026,3,2026,10,7,0.0,3.6200380325317383,False,42,0.0,15.233594131469722,4
Tyler Allgeier,RB,2026,3,2026,11,8,0.0,3.6376962661743164,False,49,0.0,14.654623794555658,4
Tyler Allgeier,RB,2026,3,2026,12,9,0.0,3.6133556365966797,False,56,0.0,13.51923408508298,4
Tyler Allgeier,RB,2026,3,2026,13,10,0.0,3.6063361167907715,False,63,0.0,12.87730848789215,4
Tyler Allgeier,RB,2026,3,2026,14,11,0.0,3.6138060092926025,False,70,0.0,12.61645040512084,4
Tyler Allgeier,RB,2026,3,2026,15,12,0.0,3.6470208168029785,False,77,0.0,12.093855667114251,4
Tyler Allgeier,RB,2026,3,2026,16,13,0.0,3.673663854598999,False,84,0.0,11.320652341842642,4
Tyler Allgeier,RB,2026,3,2026,17,14,0.0,3.696138620376587,False,91,0.0,9.309317946434014,4
Tyler Badie,RB,2026,3,2026,4,1,0.0,1.619232177734375,False,0,0.0,16.334992122650128,4
Tyler Badie,RB,2026,3,2026,5,2,0.0,1.5774356126785278,False,7,0.0,15.738748097419732,4
Tyler Badie,RB,2026,3,2026,6,3,0.0,1.6227011680603027,False,14,0.0,15.15193042755126,4
Tyler Badie,RB,2026,3,2026,7,4,0.0,1.5759674310684204,False,21,0.0,15.127519917488085,4
Tyler Badie,RB,2026,3,2026,8,5,0.0,1.5605093240737915,False,28,0.0,14.503501939773557,4
Tyler Badie,RB,2026,3,2026,9,6,0.0,1.5640299320220947,False,35,0.0,13.780721902847286,4
Tyler Badie,RB,2026,3,2026,10,7,0.0,1.6087684631347656,False,42,0.0,13.22232456207275,4
Tyler Badie,RB,2026,3,2026,11,8,0.0,1.6841782331466675,False,49,0.0,12.701105761528009,4
Tyler Badie,RB,2026,3,2026,12,9,0.0,1.7459752559661865,False,56,0.0,11.651853704452487,4
Tyler Badie,RB,2026,3,2026,13,10,0.0,1.7939189672470093,False,63,0.0,11.064891338348389,4
Tyler Badie,RB,2026,3,2026,14,11,0.0,1.8179081678390503,False,70,0.0,10.820552563667288,4
Tyler Badie,RB,2026,3,2026,15,12,0.0,1.8651419878005981,False,77,0.0,10.311976838111871,4
Tyler Badie,RB,2026,3,2026,16,13,0.0,1.9087227582931519,False,84,0.0,9.555711245536795,4
Tyler Badie,RB,2026,3,2026,17,14,0.0,1.9460841417312622,False,91,0.0,7.55926346778869,4
Tyler Goodson,RB,2026,3,2026,4,1,0.0,1.5823016166687012,False,0,0.0,16.298061561584454,4
Tyler Goodson,RB,2026,3,2026,5,2,0.0,1.5935620069503784,False,7,0.0,15.754874491691583,4
Tyler Goodson,RB,2026,3,2026,6,3,0.0,1.6288642883300781,False,14,0.0,15.158093547821036,4
Tyler Goodson,RB,2026,3,2026,7,4,0.0,1.5782537460327148,False,21,0.0,15.12980623245238,4
Tyler Goodson,RB,2026,3,2026,8,5,0.0,1.538512110710144,False,28,0.0,14.48150472640991,4
Tyler Goodson,RB,2026,3,2026,9,6,0.0,1.4865915775299072,False,35,0.0,13.703283548355099,4
Tyler Goodson,RB,2026,3,2026,10,7,0.0,1.4697023630142212,False,42,0.0,13.083258461952205,4
Tyler Goodson,RB,2026,3,2026,11,8,0.0,1.4840410947799683,False,49,0.0,12.50096862316131,4
Tyler Goodson,RB,2026,3,2026,12,9,0.0,1.5017818212509155,False,56,0.0,11.407660269737216,4
Tyler Goodson,RB,2026,3,2026,13,10,0.0,1.5222173929214478,False,63,0.0,10.793189764022827,4
Tyler Goodson,RB,2026,3,2026,14,11,0.0,1.523895263671875,False,70,0.0,10.526539659500113,4
Tyler Goodson,RB,2026,3,2026,15,12,0.0,1.5550519227981567,False,77,0.0,10.00188677310943,4
Tyler Goodson,RB,2026,3,2026,16,13,0.0,1.5847455263137817,False,84,0.0,9.231734013557425,4
Tyler Goodson,RB,2026,3,2026,17,14,0.0,1.6143805980682373,False,91,0.0,7.227559924125665,4
Tyquan Thornton,WR,2026,3,2026,4,1,0.0,6.555419445037842,False,0,0.0,21.271179389953595,4
Tyquan Thornton,WR,2026,3,2026,5,2,0.0,6.611363887786865,False,7,0.0,20.772676372528068,4
Tyquan Thornton,WR,2026,3,2026,6,3,0.0,6.806872844696045,False,14,0.0,20.336102104187002,4
Tyquan Thornton,WR,2026,3,2026,7,4,0.0,7.078099727630615,False,21,0.0,20.62965221405028,4
Tyquan Thornton,WR,2026,3,2026,8,5,0.0,7.422837734222412,False,28,0.0,20.365830349922177,4
Tyquan Thornton,WR,2026,3,2026,9,6,0.0,7.794260501861572,False,35,0.0,20.010952472686764,4
Tyquan Thornton,WR,2026,3,2026,10,7,0.0,8.137070655822754,False,42,0.0,19.750626754760738,4
Tyquan Thornton,WR,2026,3,2026,11,8,0.0,8.402908325195312,False,49,0.0,19.419835853576654,4
Tyquan Thornton,WR,2026,3,2026,12,9,0.0,8.462489128112793,False,56,0.0,18.36836757659909,4
Tyquan Thornton,WR,2026,3,2026,13,10,0.0,8.393085479736328,False,63,0.0,17.664057850837708,4
Tyquan Thornton,WR,2026,3,2026,14,11,0.0,8.251933097839355,False,70,0.0,17.254577493667593,4
Tyquan Thornton,WR,2026,3,2026,15,12,0.0,8.104527473449707,False,77,0.0,16.55136232376098,4
Tyquan Thornton,WR,2026,3,2026,16,13,0.0,7.980704307556152,False,84,0.0,15.627692794799795,4
Tyquan Thornton,WR,2026,3,2026,17,14,0.0,7.897977352142334,False,91,0.0,13.511156678199761,4
Tyrone Tracy Jr.,RB,2026,3,2026,4,1,0.0,7.208548545837402,False,0,0.0,21.924308490753155,4
Tyrone Tracy Jr.,RB,2026,3,2026,5,2,0.0,6.9217753410339355,False,7,0.0,21.083087825775138,4
Tyrone Tracy Jr.,RB,2026,3,2026,6,3,0.0,7.280908107757568,False,14,0.0,20.810137367248526,4
Tyrone Tracy Jr.,RB,2026,3,2026,7,4,0.0,7.694666862487793,False,21,0.0,21.24621934890746,4
Tyrone Tracy Jr.,RB,2026,3,2026,8,5,0.0,8.210885047912598,False,28,0.0,21.153877663612363,4
Tyrone Tracy Jr.,RB,2026,3,2026,9,6,0.0,8.96769905090332,False,35,0.0,21.184391021728512,4
Tyrone Tracy Jr.,RB,2026,3,2026,10,7,0.0,9.99773120880127,False,42,0.0,21.611287307739254,4
Tyrone Tracy Jr.,RB,2026,3,2026,11,8,0.0,11.087331771850586,False,49,0.0,22.104259300231927,4
Tyrone Tracy Jr.,RB,2026,3,2026,12,9,0.0,11.85410213470459,False,56,0.0,21.759980583190888,4
Tyrone Tracy Jr.,RB,2026,3,2026,13,10,0.0,12.416829109191895,False,63,0.0,21.687801480293274,4
Tyrone Tracy Jr.,RB,2026,3,2026,14,11,0.0,12.690921783447266,False,70,0.0,21.693566179275503,4
Tyrone Tracy Jr.,RB,2026,3,2026,15,12,0.0,12.779397010803223,False,77,0.0,21.226231861114496,4
Tyrone Tracy Jr.,RB,2026,3,2026,16,13,0.0,12.802201271057129,False,84,0.0,20.449189758300772,4
Tyrone Tracy Jr.,RB,2026,3,2026,17,14,0.0,12.7797212600708,False,91,0.0,18.392900586128228,4
Velus Jones Jr.,RB,2026,3,2026,4,1,0.0,1.297142505645752,False,0,0.0,16.012902450561505,4
Velus Jones Jr.,RB,2026,3,2026,5,2,0.0,1.3296338319778442,False,7,0.0,15.490946316719048,4
Velus Jones Jr.,RB,2026,3,2026,6,3,0.0,1.4173136949539185,False,14,0.0,14.946542954444876,4
Velus Jones Jr.,RB,2026,3,2026,7,4,0.0,1.3959965705871582,False,21,0.0,14.947549057006823,4
Velus Jones Jr.,RB,2026,3,2026,8,5,0.0,1.388853669166565,False,28,0.0,14.33184628486633,4
Velus Jones Jr.,RB,2026,3,2026,9,6,0.0,1.3822375535964966,False,35,0.0,13.598929524421688,4
Velus Jones Jr.,RB,2026,3,2026,10,7,0.0,1.4146350622177124,False,42,0.0,13.028191161155696,4
Velus Jones Jr.,RB,2026,3,2026,11,8,0.0,1.4735316038131714,False,49,0.0,12.490459132194513,4
Velus Jones Jr.,RB,2026,3,2026,12,9,0.0,1.5259901285171509,False,56,0.0,11.431868577003451,4
Velus Jones Jr.,RB,2026,3,2026,13,10,0.0,1.5676265954971313,False,63,0.0,10.83859896659851,4
Velus Jones Jr.,RB,2026,3,2026,14,11,0.0,1.5844694375991821,False,70,0.0,10.58711383342742,4
Velus Jones Jr.,RB,2026,3,2026,15,12,0.0,1.626486897468567,False,77,0.0,10.07332174777984,4
Velus Jones Jr.,RB,2026,3,2026,16,13,0.0,1.6658732891082764,False,84,0.0,9.31286177635192,4
Velus Jones Jr.,RB,2026,3,2026,17,14,0.0,1.7010806798934937,False,91,0.0,7.3142600059509215,4
Wan'Dale Robinson,WR,2026,3,2026,4,1,0.0,10.331469535827637,False,0,0.0,25.04722948074339,4
Wan'Dale Robinson,WR,2026,3,2026,5,2,0.0,10.424019813537598,False,7,0.0,24.5853322982788,4
Wan'Dale Robinson,WR,2026,3,2026,6,3,0.0,10.961284637451172,False,14,0.0,24.49051389694213,4
Wan'Dale Robinson,WR,2026,3,2026,7,4,0.0,11.707376480102539,False,21,0.0,25.258928966522205,4
Wan'Dale Robinson,WR,2026,3,2026,8,5,0.0,12.609013557434082,False,28,0.0,25.552006173133847,4
Wan'Dale Robinson,WR,2026,3,2026,9,6,0.0,13.458088874816895,False,35,0.0,25.674780845642086,4
Wan'Dale Robinson,WR,2026,3,2026,10,7,0.0,14.080632209777832,False,42,0.0,25.694188308715816,4
Wan'Dale Robinson,WR,2026,3,2026,11,8,0.0,14.539088249206543,False,49,0.0,25.556015777587884,4
Wan'Dale Robinson,WR,2026,3,2026,12,9,0.0,14.849947929382324,False,56,0.14813089370727717,24.755826377868623,4
Wan'Dale Robinson,WR,2026,3,2026,13,10,0.0,15.164289474487305,False,63,0.3995625495910655,24.435261845588684,4
Wan'Dale Robinson,WR,2026,3,2026,14,11,0.0,15.337340354919434,False,70,0.5260666847229007,24.33998475074767,4
Wan'Dale Robinson,WR,2026,3,2026,15,12,0.0,15.387032508850098,False,77,0.544227504730225,23.83386735916137,4
Wan'Dale Robinson,WR,2026,3,2026,16,13,0.0,15.395846366882324,False,84,0.5432488441467278,23.042834854125967,4
Wan'Dale Robinson,WR,2026,3,2026,17,14,0.0,15.365668296813965,False,91,0.4823754310607917,20.978847622871392,4
Will Shipley,RB,2026,3,2026,4,1,0.0,1.4607282876968384,False,0,0.0,16.17648823261259,4
Will Shipley,RB,2026,3,2026,5,2,0.0,1.3926669359207153,False,7,0.0,15.55397942066192,4
Will Shipley,RB,2026,3,2026,6,3,0.0,1.3578678369522095,False,14,0.0,14.887097096443167,4
Will Shipley,RB,2026,3,2026,7,4,0.0,1.2612967491149902,False,21,0.0,14.812849235534655,4
Will Shipley,RB,2026,3,2026,8,5,0.0,1.1997559070587158,False,28,0.0,14.142748522758481,4
Will Shipley,RB,2026,3,2026,9,6,0.0,1.1521941423416138,False,35,0.0,13.368886113166806,4
Will Shipley,RB,2026,3,2026,10,7,0.0,1.1410185098648071,False,42,0.0,12.754574608802791,4
Will Shipley,RB,2026,3,2026,11,8,0.0,1.153752088546753,False,49,0.0,12.170679616928094,4
Will Shipley,RB,2026,3,2026,12,9,0.0,1.1716381311416626,False,56,0.0,11.077516579627963,4
Will Shipley,RB,2026,3,2026,13,10,0.0,1.1894243955612183,False,63,0.0,10.460396766662598,4
Will Shipley,RB,2026,3,2026,14,11,0.0,1.1932333707809448,False,70,0.0,10.195877766609183,4
Will Shipley,RB,2026,3,2026,15,12,0.0,1.2271177768707275,False,77,0.0,9.673952627182,4
Will Shipley,RB,2026,3,2026,16,13,0.0,1.2594565153121948,False,84,0.0,8.906445002555838,4
Will Shipley,RB,2026,3,2026,17,14,0.0,1.2909132242202759,False,91,0.0,6.904092550277704,4
Woody Marks,RB,2026,3,2026,4,1,0.0,9.353449821472168,False,0,0.0,24.06920976638792,4
Woody Marks,RB,2026,3,2026,5,2,0.0,9.501012802124023,False,7,0.0,23.662325286865226,4
Woody Marks,RB,2026,3,2026,6,3,0.0,10.111087799072266,False,14,0.0,23.640317058563223,4
Woody Marks,RB,2026,3,2026,7,4,0.0,10.766780853271484,False,21,0.0,24.31833333969115,4
Woody Marks,RB,2026,3,2026,8,5,0.0,11.464363098144531,False,28,0.0,24.407355713844296,4
Woody Marks,RB,2026,3,2026,9,6,0.0,12.082633018493652,False,35,0.0,24.299324989318844,4
Woody Marks,RB,2026,3,2026,10,7,0.0,12.59505844116211,False,42,0.0,24.208614540100093,4
Woody Marks,RB,2026,3,2026,11,8,0.0,13.035016059875488,False,49,0.0,24.05194358825683,4
Woody Marks,RB,2026,3,2026,12,9,0.0,13.317757606506348,False,56,0.0,23.223636054992646,4
Woody Marks,RB,2026,3,2026,13,10,0.0,13.538647651672363,False,63,0.0,22.809620022773743,4
Woody Marks,RB,2026,3,2026,14,11,0.0,13.610053062438965,False,70,0.0,22.612697458267203,4
Woody Marks,RB,2026,3,2026,15,12,0.0,13.600898742675781,False,77,0.0,22.047733592987054,4
Woody Marks,RB,2026,3,2026,16,13,0.0,13.573094367980957,False,84,0.0,21.2200828552246,4
Woody Marks,RB,2026,3,2026,17,14,0.0,13.524764060974121,False,91,0.0,19.137943387031548,4
Xavier Hutchinson,WR,2026,3,2026,4,1,0.0,6.135591983795166,False,0,0.0,20.85135192871092,4
Xavier Hutchinson,WR,2026,3,2026,5,2,0.0,5.763163089752197,False,7,0.0,19.9244755744934,4
Xavier Hutchinson,WR,2026,3,2026,6,3,0.0,5.553834438323975,False,14,0.0,19.083063697814932,4
Xavier Hutchinson,WR,2026,3,2026,7,4,0.0,5.443981647491455,False,21,0.0,18.99553413391112,4
Xavier Hutchinson,WR,2026,3,2026,8,5,0.0,5.385961055755615,False,28,0.0,18.32895367145538,4
Xavier Hutchinson,WR,2026,3,2026,9,6,0.0,5.36230993270874,False,35,0.0,17.579001903533932,4
Xavier Hutchinson,WR,2026,3,2026,10,7,0.0,5.401176929473877,False,42,0.0,17.01473302841186,4
Xavier Hutchinson,WR,2026,3,2026,11,8,0.0,5.5398478507995605,False,49,0.0,16.556775379180902,4
Xavier Hutchinson,WR,2026,3,2026,12,9,0.0,5.608386993408203,False,56,0.0,15.514265441894503,4
Xavier Hutchinson,WR,2026,3,2026,13,10,0.0,5.641757011413574,False,63,0.0,14.912729382514954,4
Xavier Hutchinson,WR,2026,3,2026,14,11,0.0,5.642479419708252,False,70,0.0,14.64512381553649,4
Xavier Hutchinson,WR,2026,3,2026,15,12,0.0,5.635117530822754,False,77,0.0,14.081952381134027,4
Xavier Hutchinson,WR,2026,3,2026,16,13,0.0,5.620279788970947,False,84,0.0,13.26726827621459,4
Xavier Hutchinson,WR,2026,3,2026,17,14,0.0,5.606864929199219,False,91,0.0,11.220044255256646,4
Xavier Legette,WR,2026,3,2026,4,1,0.0,4.346801280975342,False,0,0.0,19.062561225891095,4
Xavier Legette,WR,2026,3,2026,5,2,0.0,4.27329683303833,False,7,0.0,18.434609317779532,4
Xavier Legette,WR,2026,3,2026,6,3,0.0,4.496138095855713,False,14,0.0,18.02536735534667,4
Xavier Legette,WR,2026,3,2026,7,4,0.0,4.683513641357422,False,21,0.0,18.23506612777709,4
Xavier Legette,WR,2026,3,2026,8,5,0.0,4.849534034729004,False,28,0.0,17.79252665042877,4
Xavier Legette,WR,2026,3,2026,9,6,0.0,5.027224063873291,False,35,0.0,17.243916034698483,4
Xavier Legette,WR,2026,3,2026,10,7,0.0,5.280894756317139,False,42,0.0,16.894450855255123,4
Xavier Legette,WR,2026,3,2026,11,8,0.0,5.653889179229736,False,49,0.0,16.670816707611078,4
Xavier Legette,WR,2026,3,2026,12,9,0.0,6.008243083953857,False,56,0.0,15.914121532440157,4
Xavier Legette,WR,2026,3,2026,13,10,0.0,6.300002098083496,False,63,0.0,15.570974469184875,4
Xavier Legette,WR,2026,3,2026,14,11,0.0,6.442529678344727,False,70,0.0,15.445174074172964,4
Xavier Legette,WR,2026,3,2026,15,12,0.0,6.506683349609375,False,77,0.0,14.953518199920648,4
Xavier Legette,WR,2026,3,2026,16,13,0.0,6.525639057159424,False,84,0.0,14.172627544403067,4
Xavier Legette,WR,2026,3,2026,17,14,0.0,6.520418167114258,False,91,0.0,12.133597493171685,4
Xavier Smith,WR,2026,3,2026,4,1,0.0,2.1202003955841064,False,0,0.0,16.83596034049986,4
Xavier Smith,WR,2026,3,2026,5,2,0.0,1.9047229290008545,False,7,0.0,16.066035413742057,4
Xavier Smith,WR,2026,3,2026,6,3,0.0,1.8501302003860474,False,14,0.0,15.379359459877005,4
Xavier Smith,WR,2026,3,2026,7,4,0.0,1.7664037942886353,False,21,0.0,15.3179562807083,4
Xavier Smith,WR,2026,3,2026,8,5,0.0,1.7119001150131226,False,28,0.0,14.654892730712888,4
Xavier Smith,WR,2026,3,2026,9,6,0.0,1.6541131734848022,False,35,0.0,13.870805144309994,4
Xavier Smith,WR,2026,3,2026,10,7,0.0,1.6377912759780884,False,42,0.0,13.251347374916072,4
Xavier Smith,WR,2026,3,2026,11,8,0.0,1.667455792427063,False,49,0.0,12.684383320808404,4
Xavier Smith,WR,2026,3,2026,12,9,0.0,1.6984142065048218,False,56,0.0,11.604292654991122,4
Xavier Smith,WR,2026,3,2026,13,10,0.0,1.7290488481521606,False,63,0.0,11.00002121925354,4
Xavier Smith,WR,2026,3,2026,14,11,0.0,1.743050217628479,False,70,0.0,10.745694613456717,4
Xavier Smith,WR,2026,3,2026,15,12,0.0,1.7828232049942017,False,77,0.0,10.229658055305475,4
Xavier Smith,WR,2026,3,2026,16,13,0.0,1.8169399499893188,False,84,0.0,9.463928437232962,4
Xavier Smith,WR,2026,3,2026,17,14,0.0,1.8493678569793701,False,91,0.0,7.462547183036798,4
Xavier Worthy,WR,2026,3,2026,4,1,0.0,6.750365734100342,False,0,0.0,21.466125679016095,4
Xavier Worthy,WR,2026,3,2026,5,2,0.0,6.35629415512085,False,7,0.0,20.517606639862052,4
Xavier Worthy,WR,2026,3,2026,6,3,0.0,6.04860782623291,False,14,0.0,19.577837085723868,4
Xavier Worthy,WR,2026,3,2026,7,4,0.0,5.867054462432861,False,21,0.0,19.418606948852528,4
Xavier Worthy,WR,2026,3,2026,8,5,0.0,5.759922504425049,False,28,0.0,18.702915120124814,4
Xavier Worthy,WR,2026,3,2026,9,6,0.0,5.698658466339111,False,35,0.0,17.915350437164303,4
Xavier Worthy,WR,2026,3,2026,10,7,0.0,5.714937686920166,False,42,0.0,17.32849378585815,4
Xavier Worthy,WR,2026,3,2026,11,8,0.0,5.853023052215576,False,49,0.0,16.869950580596917,4
Xavier Worthy,WR,2026,3,2026,12,9,0.0,5.935576438903809,False,56,0.0,15.841454887390109,4
Xavier Worthy,WR,2026,3,2026,13,10,0.0,5.991357326507568,False,63,0.0,15.262329697608948,4
Xavier Worthy,WR,2026,3,2026,14,11,0.0,6.0098137855529785,False,70,0.0,15.012458181381216,4
Xavier Worthy,WR,2026,3,2026,15,12,0.0,5.995386123657227,False,77,0.0,14.4422209739685,4
Xavier Worthy,WR,2026,3,2026,16,13,0.0,5.965270519256592,False,84,0.0,13.612259006500235,4
Xavier Worthy,WR,2026,3,2026,17,14,0.0,5.9467668533325195,False,91,0.0,11.559946179389947,4
Zachariah Branch,WR,2026,3,2026,4,1,0.0,1.2657374143600464,False,0,0.0,15.9814973592758,4
Zachariah Branch,WR,2026,3,2026,5,2,0.0,1.27491295337677,False,7,0.0,15.436225438117974,4
Zachariah Branch,WR,2026,3,2026,6,3,0.0,1.398799180984497,False,14,0.0,14.928028440475455,4
Zachariah Branch,WR,2026,3,2026,7,4,0.0,1.419687271118164,False,21,0.0,14.971239757537829,4
Zachariah Branch,WR,2026,3,2026,8,5,0.0,1.4358638525009155,False,28,0.0,14.37885646820068,4
Zachariah Branch,WR,2026,3,2026,9,6,0.0,1.454125165939331,False,35,0.0,13.670817136764523,4
Zachariah Branch,WR,2026,3,2026,10,7,0.0,1.5521825551986694,False,42,0.0,13.165738654136653,4
Zachariah Branch,WR,2026,3,2026,11,8,0.0,1.7169777154922485,False,49,0.0,12.73390524387359,4
Zachariah Branch,WR,2026,3,2026,12,9,0.0,1.9013248682022095,False,56,0.0,11.80720331668851,4
Zachariah Branch,WR,2026,3,2026,13,10,0.0,2.0602526664733887,False,63,0.0,11.331225037574768,4
Zachariah Branch,WR,2026,3,2026,14,11,0.0,2.1471915245056152,False,70,0.0,11.149835920333853,4
Zachariah Branch,WR,2026,3,2026,15,12,0.0,2.234198808670044,False,77,0.0,10.681033658981317,4
Zachariah Branch,WR,2026,3,2026,16,13,0.0,2.294076919555664,False,84,0.0,9.941065406799307,4
Zachariah Branch,WR,2026,3,2026,17,14,0.0,2.3373165130615234,False,91,0.0,7.950495839118951,4
Zavion Thomas,WR,2026,3,2026,4,1,0.0,1.4021421670913696,False,0,0.0,16.117902112007123,4
Zavion Thomas,WR,2026,3,2026,5,2,0.0,1.4324698448181152,False,7,0.0,15.59378232955932,4
Zavion Thomas,WR,2026,3,2026,6,3,0.0,1.5374507904052734,False,14,0.0,15.066680049896231,4
Zavion Thomas,WR,2026,3,2026,7,4,0.0,1.5369110107421875,False,21,0.0,15.088463497161852,4
Zavion Thomas,WR,2026,3,2026,8,5,0.0,1.53304922580719,False,28,0.0,14.476041841506955,4
Zavion Thomas,WR,2026,3,2026,9,6,0.0,1.5357097387313843,False,35,0.0,13.752401709556576,4
Zavion Thomas,WR,2026,3,2026,10,7,0.0,1.613579511642456,False,42,0.0,13.22713561058044,4
Zavion Thomas,WR,2026,3,2026,11,8,0.0,1.7470122575759888,False,49,0.0,12.76393978595733,4
Zavion Thomas,WR,2026,3,2026,12,9,0.0,1.8817375898361206,False,56,0.0,11.78761603832242,4
Zavion Thomas,WR,2026,3,2026,13,10,0.0,1.9890642166137695,False,63,0.0,11.260036587715149,4
Zavion Thomas,WR,2026,3,2026,14,11,0.0,2.039900541305542,False,70,0.0,11.04254493713378,4
Zavion Thomas,WR,2026,3,2026,15,12,0.0,2.1012606620788574,False,77,0.0,10.54809551239013,4
Zavion Thomas,WR,2026,3,2026,16,13,0.0,2.1449670791625977,False,84,0.0,9.79195556640624,4
Zavion Thomas,WR,2026,3,2026,17,14,0.0,2.179835557937622,False,91,0.0,7.79301488399505,4
Zay Flowers,WR,2026,3,2026,4,1,0.0,17.243385314941406,False,0,6.144769859313964,31.95914525985716,4
Zay Flowers,WR,2026,3,2026,5,2,0.0,17.739824295043945,False,7,4.072530078887938,31.901136779785148,4
Zay Flowers,WR,2026,3,2026,6,3,0.0,17.724477767944336,False,14,3.59689245223999,31.253707027435293,4
Zay Flowers,WR,2026,3,2026,7,4,0.0,17.624696731567383,False,21,3.3369424819946296,31.17624921798705,4
Zay Flowers,WR,2026,3,2026,8,5,0.0,17.58307647705078,False,28,3.1446262359619137,30.526069092750546,4
Zay Flowers,WR,2026,3,2026,9,6,0.0,17.638668060302734,False,35,3.1052668571472157,29.855360031127926,4
Zay Flowers,WR,2026,3,2026,10,7,0.0,17.731693267822266,False,42,3.1260405540466305,29.34524936676025,4
Zay Flowers,WR,2026,3,2026,11,8,0.0,17.85568618774414,False,49,3.2002379417419426,28.872613716125482,4
Zay Flowers,WR,2026,3,2026,12,9,0.0,17.927078247070312,False,56,3.2252612113952654,27.83295669555661,4
Zay Flowers,WR,2026,3,2026,13,10,0.0,18.011253356933594,False,63,3.2465264320373546,27.282225728034973,4
Zay Flowers,WR,2026,3,2026,14,11,0.0,18.03838539123535,False,70,3.2271117210388187,27.04102978706359,4
Zay Flowers,WR,2026,3,2026,15,12,0.0,17.99994659423828,False,77,3.1571415901184086,26.446781444549554,4
Zay Flowers,WR,2026,3,2026,16,13,0.0,17.947956085205078,False,84,3.0953585624694817,25.59494457244872,4
Zay Flowers,WR,2026,3,2026,17,14,0.0,17.882408142089844,False,91,2.9991152763366706,23.49558746814727,4
