player_name,position,origin_season,origin_week,target_season,target_week,horizon_step,y_true,y_pred,target_played,forecast_age_days,prediction_ci_low,prediction_ci_high,forecast_start_week
A.J. Brown,WR,2026,2,2026,3,1,0.0,13.615859985351562,False,0,2.5172445297241204,28.331619930267316,3
A.J. Brown,WR,2026,2,2026,4,2,0.0,13.627303123474121,False,7,0.0,27.788615608215324,3
A.J. Brown,WR,2026,2,2026,5,3,0.0,13.60009765625,False,14,0.0,27.129326915740958,3
A.J. Brown,WR,2026,2,2026,6,4,0.0,13.734959602355957,False,21,0.0,27.286512088775623,3
A.J. Brown,WR,2026,2,2026,7,5,0.0,13.779192924499512,False,28,0.0,26.722185540199277,3
A.J. Brown,WR,2026,2,2026,8,6,0.0,13.571138381958008,False,35,0.0,25.7878303527832,3
A.J. Brown,WR,2026,2,2026,9,7,0.0,13.3735990524292,False,42,0.0,24.987155151367183,3
A.J. Brown,WR,2026,2,2026,10,8,0.0,13.259089469909668,False,49,0.0,24.27601699829101,3
A.J. Brown,WR,2026,2,2026,11,9,0.0,13.12753677368164,False,56,0.0,23.03341522216794,3
A.J. Brown,WR,2026,2,2026,12,10,0.0,13.006865501403809,False,63,0.0,22.277837872505188,3
A.J. Brown,WR,2026,2,2026,13,11,0.0,12.922778129577637,False,70,0.0,21.925422525405875,3
A.J. Brown,WR,2026,2,2026,14,12,0.0,12.861268043518066,False,77,0.0,21.30810289382934,3
A.J. Brown,WR,2026,2,2026,15,13,0.0,12.756661415100098,False,84,0.0,20.40364990234374,3
A.J. Brown,WR,2026,2,2026,16,14,0.0,12.671813011169434,False,91,0.0,18.28499233722686,3
A.J. Brown,WR,2026,2,2026,17,15,0.0,12.606215476989746,False,98,0.0,16.210709381103474,3
AJ Dillon,RB,2026,2,2026,3,1,0.0,1.1479301452636719,False,0,0.0,15.863690090179425,3
AJ Dillon,RB,2026,2,2026,4,2,0.0,0.9501294493675232,False,7,0.0,15.111441934108727,3
AJ Dillon,RB,2026,2,2026,5,3,0.0,1.0259402990341187,False,14,0.0,14.555169558525076,3
AJ Dillon,RB,2026,2,2026,6,4,0.0,1.1230045557022095,False,21,0.0,14.674557042121874,3
AJ Dillon,RB,2026,2,2026,7,5,0.0,1.1660656929016113,False,28,0.0,14.109058308601377,3
AJ Dillon,RB,2026,2,2026,8,6,0.0,1.233292818069458,False,35,0.0,13.44998478889465,3
AJ Dillon,RB,2026,2,2026,9,7,0.0,1.2932063341140747,False,42,0.0,12.906762433052059,3
AJ Dillon,RB,2026,2,2026,10,8,0.0,1.3485420942306519,False,49,0.0,12.365469622611993,3
AJ Dillon,RB,2026,2,2026,11,9,0.0,1.3837953805923462,False,56,0.0,11.289673829078646,3
AJ Dillon,RB,2026,2,2026,12,10,0.0,1.3919740915298462,False,63,0.0,10.662946462631226,3
AJ Dillon,RB,2026,2,2026,13,11,0.0,1.434870719909668,False,70,0.0,10.437515115737906,3
AJ Dillon,RB,2026,2,2026,14,12,0.0,1.4607425928115845,False,77,0.0,9.907577443122857,3
AJ Dillon,RB,2026,2,2026,15,13,0.0,1.502488613128662,False,84,0.0,9.149477100372305,3
AJ Dillon,RB,2026,2,2026,16,14,0.0,1.555989384651184,False,91,0.0,7.169168710708612,3
AJ Dillon,RB,2026,2,2026,17,15,0.0,1.60930335521698,False,98,0.0,5.2137972593307085,3
Aaron Jones,RB,2026,2,2026,3,1,0.0,16.149293899536133,False,0,5.050678443908691,30.865053844451886,3
Aaron Jones,RB,2026,2,2026,4,2,0.0,16.35019302368164,False,7,2.6828988075256337,30.511505508422843,3
Aaron Jones,RB,2026,2,2026,5,3,0.0,16.27993392944336,False,14,2.1523486137390133,29.809163188934317,3
Aaron Jones,RB,2026,2,2026,6,4,0.0,16.207857131958008,False,21,1.9201028823852546,29.759409618377674,3
Aaron Jones,RB,2026,2,2026,7,5,0.0,16.055126190185547,False,28,1.6166759490966793,28.998118805885312,3
Aaron Jones,RB,2026,2,2026,8,6,0.0,15.83061695098877,False,35,1.2972157478332509,28.04730892181396,3
Aaron Jones,RB,2026,2,2026,9,7,0.0,15.597349166870117,False,42,0.9916964530944821,27.2109052658081,3
Aaron Jones,RB,2026,2,2026,10,8,0.0,15.397126197814941,False,49,0.7416779518127434,26.414053726196283,3
Aaron Jones,RB,2026,2,2026,11,9,0.0,15.195225715637207,False,56,0.49340867996216,25.101104164123505,3
Aaron Jones,RB,2026,2,2026,12,10,0.0,15.070603370666504,False,63,0.30587644577026474,24.341575741767883,3
Aaron Jones,RB,2026,2,2026,13,11,0.0,15.0070161819458,False,70,0.19574251174926793,24.00966057777404,3
Aaron Jones,RB,2026,2,2026,14,12,0.0,14.946867942810059,False,77,0.1040629386901859,23.39370279312133,3
Aaron Jones,RB,2026,2,2026,15,13,0.0,14.865041732788086,False,84,0.012444210052489524,22.51203022003173,3
Aaron Jones,RB,2026,2,2026,16,14,0.0,14.75097370147705,False,91,0.0,20.364153027534478,3
Aaron Jones,RB,2026,2,2026,17,15,0.0,14.652565956115723,False,98,0.0,18.25705986022945,3
Adam Prentice,RB,2026,2,2026,3,1,0.0,0.5552213191986084,False,0,0.0,15.270981264114361,3
Adam Prentice,RB,2026,2,2026,4,2,0.0,0.35733383893966675,False,7,0.0,14.518646323680871,3
Adam Prentice,RB,2026,2,2026,5,3,0.0,0.40367090702056885,False,14,0.0,13.932900166511526,3
Adam Prentice,RB,2026,2,2026,6,4,0.0,0.48425203561782837,False,21,0.0,14.035804522037493,3
Adam Prentice,RB,2026,2,2026,7,5,0.0,0.5175724029541016,False,28,0.0,13.460565018653867,3
Adam Prentice,RB,2026,2,2026,8,6,0.0,0.5714725852012634,False,35,0.0,12.788164556026455,3
Adam Prentice,RB,2026,2,2026,9,7,0.0,0.6172506809234619,False,42,0.0,12.230806779861446,3
Adam Prentice,RB,2026,2,2026,10,8,0.0,0.6444578170776367,False,49,0.0,11.661385345458978,3
Adam Prentice,RB,2026,2,2026,11,9,0.0,0.6586920022964478,False,56,0.0,10.564570450782748,3
Adam Prentice,RB,2026,2,2026,12,10,0.0,0.6346459984779358,False,63,0.0,9.905618369579315,3
Adam Prentice,RB,2026,2,2026,13,11,0.0,0.6351040005683899,False,70,0.0,9.637748396396628,3
Adam Prentice,RB,2026,2,2026,14,12,0.0,0.6286581754684448,False,77,0.0,9.075493025779718,3
Adam Prentice,RB,2026,2,2026,15,13,0.0,0.6360130310058594,False,84,0.0,8.283001518249502,3
Adam Prentice,RB,2026,2,2026,16,14,0.0,0.6668354868888855,False,91,0.0,6.280014812946313,3
Adam Prentice,RB,2026,2,2026,17,15,0.0,0.7000112533569336,False,98,0.0,4.304505157470662,3
Adonai Mitchell,WR,2026,2,2026,3,1,0.0,10.998881340026855,False,0,0.0,25.71464128494261,3
Adonai Mitchell,WR,2026,2,2026,4,2,0.0,10.932295799255371,False,7,0.0,25.093608283996574,3
Adonai Mitchell,WR,2026,2,2026,5,3,0.0,10.701959609985352,False,14,0.0,24.23118886947631,3
Adonai Mitchell,WR,2026,2,2026,6,4,0.0,10.512040138244629,False,21,0.0,24.063592624664295,3
Adonai Mitchell,WR,2026,2,2026,7,5,0.0,10.186115264892578,False,28,0.0,23.129107880592343,3
Adonai Mitchell,WR,2026,2,2026,8,6,0.0,9.698216438293457,False,35,0.0,21.91490840911865,3
Adonai Mitchell,WR,2026,2,2026,9,7,0.0,9.25554084777832,False,42,0.0,20.869096946716304,3
Adonai Mitchell,WR,2026,2,2026,10,8,0.0,8.922406196594238,False,49,0.0,19.93933372497558,3
Adonai Mitchell,WR,2026,2,2026,11,9,0.0,8.572840690612793,False,56,0.0,18.47871913909909,3
Adonai Mitchell,WR,2026,2,2026,12,10,0.0,8.249856948852539,False,63,0.0,17.52082931995392,3
Adonai Mitchell,WR,2026,2,2026,13,11,0.0,7.957597255706787,False,70,0.0,16.960241651535025,3
Adonai Mitchell,WR,2026,2,2026,14,12,0.0,7.719610691070557,False,77,0.0,16.16644554138183,3
Adonai Mitchell,WR,2026,2,2026,15,13,0.0,7.4598002433776855,False,84,0.0,15.106788730621329,3
Adonai Mitchell,WR,2026,2,2026,16,14,0.0,7.263272285461426,False,91,0.0,12.876451611518853,3
Adonai Mitchell,WR,2026,2,2026,17,15,0.0,7.092936992645264,False,98,0.0,10.697430896758991,3
Alec Ingold,RB,2026,2,2026,3,1,0.0,1.926577091217041,False,0,0.0,16.642337036132794,3
Alec Ingold,RB,2026,2,2026,4,2,0.0,1.8476191759109497,False,7,0.0,16.008931660652152,3
Alec Ingold,RB,2026,2,2026,5,3,0.0,2.0176970958709717,False,14,0.0,15.54692635536193,3
Alec Ingold,RB,2026,2,2026,6,4,0.0,2.142439842224121,False,21,0.0,15.693992328643786,3
Alec Ingold,RB,2026,2,2026,7,5,0.0,2.1995673179626465,False,28,0.0,15.142559933662412,3
Alec Ingold,RB,2026,2,2026,8,6,0.0,2.28236722946167,False,35,0.0,14.499059200286862,3
Alec Ingold,RB,2026,2,2026,9,7,0.0,2.355297088623047,False,42,0.0,13.968853187561031,3
Alec Ingold,RB,2026,2,2026,10,8,0.0,2.437539577484131,False,49,0.0,13.454467105865472,3
Alec Ingold,RB,2026,2,2026,11,9,0.0,2.4798479080200195,False,56,0.0,12.38572635650632,3
Alec Ingold,RB,2026,2,2026,12,10,0.0,2.508882999420166,False,63,0.0,11.779855370521545,3
Alec Ingold,RB,2026,2,2026,13,11,0.0,2.5731191635131836,False,70,0.0,11.575763559341421,3
Alec Ingold,RB,2026,2,2026,14,12,0.0,2.6071114540100098,False,77,0.0,11.053946304321283,3
Alec Ingold,RB,2026,2,2026,15,13,0.0,2.6542344093322754,False,84,0.0,10.301222896575918,3
Alec Ingold,RB,2026,2,2026,16,14,0.0,2.6996288299560547,False,91,0.0,8.312808156013482,3
Alec Ingold,RB,2026,2,2026,17,15,0.0,2.740408420562744,False,98,0.0,6.344902324676473,3
Alec Pierce,WR,2026,2,2026,3,1,0.0,12.723048210144043,False,0,1.6244327545166009,27.438808155059796,3
Alec Pierce,WR,2026,2,2026,4,2,0.0,12.721081733703613,False,7,0.0,26.882394218444816,3
Alec Pierce,WR,2026,2,2026,5,3,0.0,13.022747993469238,False,14,0.0,26.551977252960196,3
Alec Pierce,WR,2026,2,2026,6,4,0.0,13.535685539245605,False,21,0.0,27.087238025665272,3
Alec Pierce,WR,2026,2,2026,7,5,0.0,14.093412399291992,False,28,0.0,27.036405014991757,3
Alec Pierce,WR,2026,2,2026,8,6,0.0,14.666534423828125,False,35,0.13313322067260636,26.883226394653317,3
Alec Pierce,WR,2026,2,2026,9,7,0.0,14.980385780334473,False,42,0.37473306655883754,26.593941879272457,3
Alec Pierce,WR,2026,2,2026,10,8,0.0,15.114779472351074,False,49,0.45933122634887624,26.131707000732415,3
Alec Pierce,WR,2026,2,2026,11,9,0.0,15.138087272644043,False,56,0.4362702369689959,25.04396572113034,3
Alec Pierce,WR,2026,2,2026,12,10,0.0,15.150078773498535,False,63,0.385351848602296,24.421051144599915,3
Alec Pierce,WR,2026,2,2026,13,11,0.0,15.163189888000488,False,70,0.35191621780395543,24.165834283828726,3
Alec Pierce,WR,2026,2,2026,14,12,0.0,15.151440620422363,False,77,0.3086356163024906,23.598275470733636,3
Alec Pierce,WR,2026,2,2026,15,13,0.0,15.113658905029297,False,84,0.26106138229370046,22.76064739227294,3
Alec Pierce,WR,2026,2,2026,16,14,0.0,15.047638893127441,False,91,0.1643460273742683,20.66081821918487,3
Alec Pierce,WR,2026,2,2026,17,15,0.0,14.976366996765137,False,98,0.09737577438354528,18.580860900878864,3
Alvin Kamara,RB,2026,2,2026,3,1,0.0,5.913486003875732,False,0,0.0,20.629245948791485,3
Alvin Kamara,RB,2026,2,2026,4,2,0.0,5.5785675048828125,False,7,0.0,19.739879989624015,3
Alvin Kamara,RB,2026,2,2026,5,3,0.0,5.493607997894287,False,14,0.0,19.022837257385245,3
Alvin Kamara,RB,2026,2,2026,6,4,0.0,5.4649529457092285,False,21,0.0,19.016505432128895,3
Alvin Kamara,RB,2026,2,2026,7,5,0.0,5.410308361053467,False,28,0.0,18.353300976753232,3
Alvin Kamara,RB,2026,2,2026,8,6,0.0,5.315830707550049,False,35,0.0,17.53252267837524,3
Alvin Kamara,RB,2026,2,2026,9,7,0.0,5.234839916229248,False,42,0.0,16.848396015167232,3
Alvin Kamara,RB,2026,2,2026,10,8,0.0,5.246403217315674,False,49,0.0,16.263330745697015,3
Alvin Kamara,RB,2026,2,2026,11,9,0.0,5.27011251449585,False,56,0.0,15.17599096298215,3
Alvin Kamara,RB,2026,2,2026,12,10,0.0,5.3211798667907715,False,63,0.0,14.59215223789215,3
Alvin Kamara,RB,2026,2,2026,13,11,0.0,5.390988826751709,False,70,0.0,14.393633222579947,3
Alvin Kamara,RB,2026,2,2026,14,12,0.0,5.4280595779418945,False,77,0.0,13.874894428253167,3
Alvin Kamara,RB,2026,2,2026,15,13,0.0,5.389595031738281,False,84,0.0,13.036583518981924,3
Alvin Kamara,RB,2026,2,2026,16,14,0.0,5.340297222137451,False,91,0.0,10.953476548194878,3
Alvin Kamara,RB,2026,2,2026,17,15,0.0,5.284550189971924,False,98,0.0,8.889044094085651,3
Ameer Abdullah,RB,2026,2,2026,3,1,0.0,6.0094828605651855,False,0,0.0,20.72524280548094,3
Ameer Abdullah,RB,2026,2,2026,4,2,0.0,5.908482551574707,False,7,0.0,20.06979503631591,3
Ameer Abdullah,RB,2026,2,2026,5,3,0.0,5.786627769470215,False,14,0.0,19.315857028961172,3
Ameer Abdullah,RB,2026,2,2026,6,4,0.0,5.638033390045166,False,21,0.0,19.189585876464832,3
Ameer Abdullah,RB,2026,2,2026,7,5,0.0,5.375307083129883,False,28,0.0,18.318299698829648,3
Ameer Abdullah,RB,2026,2,2026,8,6,0.0,4.944477081298828,False,35,0.0,17.16116905212402,3
Ameer Abdullah,RB,2026,2,2026,9,7,0.0,4.429244518280029,False,42,0.0,16.042800617218013,3
Ameer Abdullah,RB,2026,2,2026,10,8,0.0,3.9826912879943848,False,49,0.0,14.999618816375726,3
Ameer Abdullah,RB,2026,2,2026,11,9,0.0,3.544816017150879,False,56,0.0,13.450694465637179,3
Ameer Abdullah,RB,2026,2,2026,12,10,0.0,3.170546054840088,False,63,0.0,12.441518425941467,3
Ameer Abdullah,RB,2026,2,2026,13,11,0.0,2.875025987625122,False,70,0.0,11.87767038345336,3
Ameer Abdullah,RB,2026,2,2026,14,12,0.0,2.6644177436828613,False,77,0.0,11.111252593994134,3
Ameer Abdullah,RB,2026,2,2026,15,13,0.0,2.5069992542266846,False,84,0.0,10.153987741470328,3
Ameer Abdullah,RB,2026,2,2026,16,14,0.0,2.420114040374756,False,91,0.0,8.033293366432183,3
Ameer Abdullah,RB,2026,2,2026,17,15,0.0,2.3865599632263184,False,98,0.0,5.991053867340047,3
Amon-Ra St. Brown,WR,2026,2,2026,3,1,0.0,18.66769027709961,False,0,7.569074821472167,33.38345022201536,3
Amon-Ra St. Brown,WR,2026,2,2026,4,2,0.0,21.639633178710938,False,7,7.972338962554931,35.80094566345214,3
Amon-Ra St. Brown,WR,2026,2,2026,5,3,0.0,21.778583526611328,False,14,7.650998210906982,35.30781278610229,3
Amon-Ra St. Brown,WR,2026,2,2026,6,4,0.0,21.894100189208984,False,21,7.606345939636231,35.44565267562865,3
Amon-Ra St. Brown,WR,2026,2,2026,7,5,0.0,22.004507064819336,False,28,7.566056823730468,34.9474996805191,3
Amon-Ra St. Brown,WR,2026,2,2026,8,6,0.0,22.088058471679688,False,35,7.554657268524169,34.30475044250488,3
Amon-Ra St. Brown,WR,2026,2,2026,9,7,0.0,22.11461067199707,False,42,7.508957958221435,33.728166770935054,3
Amon-Ra St. Brown,WR,2026,2,2026,10,8,0.0,22.106815338134766,False,49,7.451367092132568,33.12374286651611,3
Amon-Ra St. Brown,WR,2026,2,2026,11,9,0.0,22.053936004638672,False,56,7.352118968963625,31.95981445312497,3
Amon-Ra St. Brown,WR,2026,2,2026,12,10,0.0,22.002527236938477,False,63,7.237800312042237,31.273499608039856,3
Amon-Ra St. Brown,WR,2026,2,2026,13,11,0.0,21.895633697509766,False,70,7.084360027313233,30.898278093338003,3
Amon-Ra St. Brown,WR,2026,2,2026,14,12,0.0,21.75539779663086,False,77,6.912592792510987,30.202232646942132,3
Amon-Ra St. Brown,WR,2026,2,2026,15,13,0.0,21.57046890258789,False,84,6.717871379852294,29.217457389831534,3
Amon-Ra St. Brown,WR,2026,2,2026,16,14,0.0,21.32953453063965,False,91,6.446241664886475,26.942713856697075,3
Amon-Ra St. Brown,WR,2026,2,2026,17,15,0.0,21.06273078918457,False,98,6.183739566802979,24.667224693298298,3
Andrei Iosivas,WR,2026,2,2026,3,1,0.0,3.480437755584717,False,0,0.0,18.19619770050047,3
Andrei Iosivas,WR,2026,2,2026,4,2,0.0,3.1133217811584473,False,7,0.0,17.27463426589965,3
Andrei Iosivas,WR,2026,2,2026,5,3,0.0,3.04714035987854,False,14,0.0,16.576369619369498,3
Andrei Iosivas,WR,2026,2,2026,6,4,0.0,3.0110247135162354,False,21,0.0,16.5625771999359,3
Andrei Iosivas,WR,2026,2,2026,7,5,0.0,2.945659637451172,False,28,0.0,15.888652253150937,3
Andrei Iosivas,WR,2026,2,2026,8,6,0.0,2.8966166973114014,False,35,0.0,15.113308668136593,3
Andrei Iosivas,WR,2026,2,2026,9,7,0.0,2.864496946334839,False,42,0.0,14.478053045272823,3
Andrei Iosivas,WR,2026,2,2026,10,8,0.0,2.881518840789795,False,49,0.0,13.898446369171136,3
Andrei Iosivas,WR,2026,2,2026,11,9,0.0,2.9020791053771973,False,56,0.0,12.807957553863497,3
Andrei Iosivas,WR,2026,2,2026,12,10,0.0,2.9495229721069336,False,63,0.0,12.220495343208313,3
Andrei Iosivas,WR,2026,2,2026,13,11,0.0,3.06246280670166,False,70,0.0,12.065107202529898,3
Andrei Iosivas,WR,2026,2,2026,14,12,0.0,3.1713767051696777,False,77,0.0,11.61821155548095,3
Andrei Iosivas,WR,2026,2,2026,15,13,0.0,3.314920425415039,False,84,0.0,10.961908912658682,3
Andrei Iosivas,WR,2026,2,2026,16,14,0.0,3.4487791061401367,False,91,0.0,9.061958432197564,3
Andrei Iosivas,WR,2026,2,2026,17,15,0.0,3.5581393241882324,False,98,0.0,7.162633228301961,3
Andrew Beck,RB,2026,2,2026,3,1,0.0,0.9582402110099792,False,0,0.0,15.674000155925732,3
Andrew Beck,RB,2026,2,2026,4,2,0.0,0.7490020394325256,False,7,0.0,14.91031452417373,3
Andrew Beck,RB,2026,2,2026,5,3,0.0,0.7903313636779785,False,14,0.0,14.319560623168936,3
Andrew Beck,RB,2026,2,2026,6,4,0.0,0.8629122376441956,False,21,0.0,14.41446472406386,3
Andrew Beck,RB,2026,2,2026,7,5,0.0,0.8904091119766235,False,28,0.0,13.833401727676389,3
Andrew Beck,RB,2026,2,2026,8,6,0.0,0.9463143348693848,False,35,0.0,13.163006305694577,3
Andrew Beck,RB,2026,2,2026,9,7,0.0,0.9968275427818298,False,42,0.0,12.610383641719814,3
Andrew Beck,RB,2026,2,2026,10,8,0.0,1.0375409126281738,False,49,0.0,12.054468441009515,3
Andrew Beck,RB,2026,2,2026,11,9,0.0,1.0597394704818726,False,56,0.0,10.965617918968173,3
Andrew Beck,RB,2026,2,2026,12,10,0.0,1.0515000820159912,False,63,0.0,10.32247245311737,3
Andrew Beck,RB,2026,2,2026,13,11,0.0,1.0754883289337158,False,70,0.0,10.078132724761954,3
Andrew Beck,RB,2026,2,2026,14,12,0.0,1.0869754552841187,False,77,0.0,9.533810305595392,3
Andrew Beck,RB,2026,2,2026,15,13,0.0,1.115081548690796,False,84,0.0,8.762070035934439,3
Andrew Beck,RB,2026,2,2026,16,14,0.0,1.1606152057647705,False,91,0.0,6.773794531822198,3
Andrew Beck,RB,2026,2,2026,17,15,0.0,1.2076886892318726,False,98,0.0,4.812182593345601,3
Anthony Gould,WR,2026,2,2026,3,1,0.0,1.0194677114486694,False,0,0.0,15.735227656364422,3
Anthony Gould,WR,2026,2,2026,4,2,0.0,0.8610638976097107,False,7,0.0,15.022376382350915,3
Anthony Gould,WR,2026,2,2026,5,3,0.0,0.9383426308631897,False,14,0.0,14.467571890354147,3
Anthony Gould,WR,2026,2,2026,6,4,0.0,1.0314064025878906,False,21,0.0,14.582958889007555,3
Anthony Gould,WR,2026,2,2026,7,5,0.0,1.0694302320480347,False,28,0.0,14.0124228477478,3
Anthony Gould,WR,2026,2,2026,8,6,0.0,1.1292835474014282,False,35,0.0,13.34597551822662,3
Anthony Gould,WR,2026,2,2026,9,7,0.0,1.1813098192214966,False,42,0.0,12.79486591815948,3
Anthony Gould,WR,2026,2,2026,10,8,0.0,1.2272727489471436,False,49,0.0,12.244200277328485,3
Anthony Gould,WR,2026,2,2026,11,9,0.0,1.2527656555175781,False,56,0.0,11.158644104003878,3
Anthony Gould,WR,2026,2,2026,12,10,0.0,1.2502856254577637,False,63,0.0,10.521257996559143,3
Anthony Gould,WR,2026,2,2026,13,11,0.0,1.2805439233779907,False,70,0.0,10.283188319206229,3
Anthony Gould,WR,2026,2,2026,14,12,0.0,1.2956979274749756,False,77,0.0,9.742532777786248,3
Anthony Gould,WR,2026,2,2026,15,13,0.0,1.3242323398590088,False,84,0.0,8.971220827102652,3
Anthony Gould,WR,2026,2,2026,16,14,0.0,1.3681962490081787,False,91,0.0,6.981375575065607,3
Anthony Gould,WR,2026,2,2026,17,15,0.0,1.412783145904541,False,98,0.0,5.0172770500182695,3
Antonio Williams,WR,2026,2,2026,3,1,0.0,0.7184112668037415,False,0,0.0,15.434171211719494,3
Antonio Williams,WR,2026,2,2026,4,2,0.0,0.4667479991912842,False,7,0.0,14.628060483932488,3
Antonio Williams,WR,2026,2,2026,5,3,0.0,0.4932405352592468,False,14,0.0,14.022469794750204,3
Antonio Williams,WR,2026,2,2026,6,4,0.0,0.5676907300949097,False,21,0.0,14.119243216514574,3
Antonio Williams,WR,2026,2,2026,7,5,0.0,0.6020705699920654,False,28,0.0,13.54506318569183,3
Antonio Williams,WR,2026,2,2026,8,6,0.0,0.6786613464355469,False,35,0.0,12.895353317260739,3
Antonio Williams,WR,2026,2,2026,9,7,0.0,0.7594905495643616,False,42,0.0,12.373046648502346,3
Antonio Williams,WR,2026,2,2026,10,8,0.0,0.8428438901901245,False,49,0.0,11.859771418571466,3
Antonio Williams,WR,2026,2,2026,11,9,0.0,0.9202625155448914,False,56,0.0,10.826140964031191,3
Antonio Williams,WR,2026,2,2026,12,10,0.0,0.9796307682991028,False,63,0.0,10.250603139400482,3
Antonio Williams,WR,2026,2,2026,13,11,0.0,1.0805493593215942,False,70,0.0,10.083193755149832,3
Antonio Williams,WR,2026,2,2026,14,12,0.0,1.1580272912979126,False,77,0.0,9.604862141609185,3
Antonio Williams,WR,2026,2,2026,15,13,0.0,1.2623025178909302,False,84,0.0,8.909291005134573,3
Antonio Williams,WR,2026,2,2026,16,14,0.0,1.3619650602340698,False,91,0.0,6.975144386291498,3
Antonio Williams,WR,2026,2,2026,17,15,0.0,1.437599539756775,False,98,0.0,5.042093443870503,3
Arian Smith,WR,2026,2,2026,3,1,0.0,1.432602882385254,False,0,0.0,16.148362827301007,3
Arian Smith,WR,2026,2,2026,4,2,0.0,1.221052646636963,False,7,0.0,15.382365131378167,3
Arian Smith,WR,2026,2,2026,5,3,0.0,1.26394522190094,False,14,0.0,14.793174481391898,3
Arian Smith,WR,2026,2,2026,6,4,0.0,1.318682312965393,False,21,0.0,14.870234799385058,3
Arian Smith,WR,2026,2,2026,7,5,0.0,1.3283976316452026,False,28,0.0,14.271390247344968,3
Arian Smith,WR,2026,2,2026,8,6,0.0,1.3705873489379883,False,35,0.0,13.58727931976318,3
Arian Smith,WR,2026,2,2026,9,7,0.0,1.4140890836715698,False,42,0.0,13.027645182609554,3
Arian Smith,WR,2026,2,2026,10,8,0.0,1.4631491899490356,False,49,0.0,12.480076718330377,3
Arian Smith,WR,2026,2,2026,11,9,0.0,1.4914230108261108,False,56,0.0,11.397301459312411,3
Arian Smith,WR,2026,2,2026,12,10,0.0,1.496166706085205,False,63,0.0,10.767139077186584,3
Arian Smith,WR,2026,2,2026,13,11,0.0,1.5348225831985474,False,70,0.0,10.537466979026785,3
Arian Smith,WR,2026,2,2026,14,12,0.0,1.5517058372497559,False,77,0.0,9.998540687561029,3
Arian Smith,WR,2026,2,2026,15,13,0.0,1.585950493812561,False,84,0.0,9.232938981056204,3
Arian Smith,WR,2026,2,2026,16,14,0.0,1.6299887895584106,False,91,0.0,7.2431681156158385,3
Arian Smith,WR,2026,2,2026,17,15,0.0,1.6720587015151978,False,98,0.0,5.276552605628926,3
Ashton Dulin,WR,2026,2,2026,3,1,0.0,1.388494610786438,False,0,0.0,16.10425455570219,3
Ashton Dulin,WR,2026,2,2026,4,2,0.0,1.2559000253677368,False,7,0.0,15.417212510108941,3
Ashton Dulin,WR,2026,2,2026,5,3,0.0,1.3271056413650513,False,14,0.0,14.856334900856009,3
Ashton Dulin,WR,2026,2,2026,6,4,0.0,1.4017270803451538,False,21,0.0,14.953279566764818,3
Ashton Dulin,WR,2026,2,2026,7,5,0.0,1.4221848249435425,False,28,0.0,14.365177440643308,3
Ashton Dulin,WR,2026,2,2026,8,6,0.0,1.454011082649231,False,35,0.0,13.670703053474423,3
Ashton Dulin,WR,2026,2,2026,9,7,0.0,1.4698270559310913,False,42,0.0,13.083383154869075,3
Ashton Dulin,WR,2026,2,2026,10,8,0.0,1.4840734004974365,False,49,0.0,12.501000928878778,3
Ashton Dulin,WR,2026,2,2026,11,9,0.0,1.4704982042312622,False,56,0.0,11.376376652717562,3
Ashton Dulin,WR,2026,2,2026,12,10,0.0,1.4296718835830688,False,63,0.0,10.700644254684448,3
Ashton Dulin,WR,2026,2,2026,13,11,0.0,1.4131174087524414,False,70,0.0,10.41576180458068,3
Ashton Dulin,WR,2026,2,2026,14,12,0.0,1.3833388090133667,False,77,0.0,9.83017365932464,3
Ashton Dulin,WR,2026,2,2026,15,13,0.0,1.369076132774353,False,84,0.0,9.016064620017996,3
Ashton Dulin,WR,2026,2,2026,16,14,0.0,1.3774186372756958,False,91,0.0,6.990597963333124,3
Ashton Dulin,WR,2026,2,2026,17,15,0.0,1.3930065631866455,False,98,0.0,4.997500467300374,3
Ashton Jeanty,RB,2026,2,2026,3,1,0.0,16.602540969848633,False,0,5.503925514221191,31.318300914764386,3
Ashton Jeanty,RB,2026,2,2026,4,2,0.0,16.89110565185547,False,7,3.223811435699462,31.05241813659667,3
Ashton Jeanty,RB,2026,2,2026,5,3,0.0,16.94646644592285,False,14,2.8188811302185055,30.47569570541381,3
Ashton Jeanty,RB,2026,2,2026,6,4,0.0,17.579631805419922,False,21,3.2918775558471687,31.13118429183959,3
Ashton Jeanty,RB,2026,2,2026,7,5,0.0,17.96786117553711,False,28,3.529410934448242,30.910853791236875,3
Ashton Jeanty,RB,2026,2,2026,8,6,0.0,18.048084259033203,False,35,3.5146830558776845,30.264776229858395,3
Ashton Jeanty,RB,2026,2,2026,9,7,0.0,18.009746551513672,False,42,3.4040938377380368,29.623302650451656,3
Ashton Jeanty,RB,2026,2,2026,10,8,0.0,17.9892635345459,False,49,3.3338152885437005,29.00619106292724,3
Ashton Jeanty,RB,2026,2,2026,11,9,0.0,17.90203857421875,False,56,3.200221538543703,27.80791702270505,3
Ashton Jeanty,RB,2026,2,2026,12,10,0.0,17.85718536376953,False,63,3.092458438873292,27.12815773487091,3
Ashton Jeanty,RB,2026,2,2026,13,11,0.0,17.853078842163086,False,70,3.041805171966553,26.855723237991324,3
Ashton Jeanty,RB,2026,2,2026,14,12,0.0,17.843738555908203,False,77,3.0009335517883304,26.290573406219476,3
Ashton Jeanty,RB,2026,2,2026,15,13,0.0,17.831634521484375,False,84,2.9790369987487786,25.478623008728018,3
Ashton Jeanty,RB,2026,2,2026,16,14,0.0,17.73414421081543,False,91,2.8508513450622566,23.347323536872857,3
Ashton Jeanty,RB,2026,2,2026,17,15,0.0,17.64158058166504,False,98,2.7625893592834476,21.246074485778767,3
Bam Knight,RB,2026,2,2026,3,1,0.0,3.584510564804077,False,0,0.0,18.30027050971983,3
Bam Knight,RB,2026,2,2026,4,2,0.0,3.1924493312835693,False,7,0.0,17.35376181602477,3
Bam Knight,RB,2026,2,2026,5,3,0.0,3.0942137241363525,False,14,0.0,16.62344298362731,3
Bam Knight,RB,2026,2,2026,6,4,0.0,3.033858060836792,False,21,0.0,16.58541054725646,3
Bam Knight,RB,2026,2,2026,7,5,0.0,2.9406051635742188,False,28,0.0,15.883597779273984,3
Bam Knight,RB,2026,2,2026,8,6,0.0,2.873021125793457,False,35,0.0,15.089713096618649,3
Bam Knight,RB,2026,2,2026,9,7,0.0,2.8463571071624756,False,42,0.0,14.45991320610046,3
Bam Knight,RB,2026,2,2026,10,8,0.0,2.8760948181152344,False,49,0.0,13.893022346496576,3
Bam Knight,RB,2026,2,2026,11,9,0.0,2.913458824157715,False,56,0.0,12.819337272644015,3
Bam Knight,RB,2026,2,2026,12,10,0.0,2.980139970779419,False,63,0.0,12.251112341880798,3
Bam Knight,RB,2026,2,2026,13,11,0.0,3.1215243339538574,False,70,0.0,12.124168729782095,3
Bam Knight,RB,2026,2,2026,14,12,0.0,3.2717654705047607,False,77,0.0,11.718600320816034,3
Bam Knight,RB,2026,2,2026,15,13,0.0,3.4594638347625732,False,84,0.0,11.106452322006216,3
Bam Knight,RB,2026,2,2026,16,14,0.0,3.632007122039795,False,91,0.0,9.245186448097222,3
Bam Knight,RB,2026,2,2026,17,15,0.0,3.7564480304718018,False,98,0.0,7.36094193458553,3
Barion Brown,WR,2026,2,2026,3,1,0.0,1.5584286451339722,False,0,0.0,16.274188590049725,3
Barion Brown,WR,2026,2,2026,4,2,0.0,1.2055045366287231,False,7,0.0,15.366817021369927,3
Barion Brown,WR,2026,2,2026,5,3,0.0,1.2678213119506836,False,14,0.0,14.797050571441641,3
Barion Brown,WR,2026,2,2026,6,4,0.0,1.3408604860305786,False,21,0.0,14.892412972450243,3
Barion Brown,WR,2026,2,2026,7,5,0.0,1.3763556480407715,False,28,0.0,14.319348263740537,3
Barion Brown,WR,2026,2,2026,8,6,0.0,1.4634524583816528,False,35,0.0,13.680144429206845,3
Barion Brown,WR,2026,2,2026,9,7,0.0,1.5657049417495728,False,42,0.0,13.179261040687557,3
Barion Brown,WR,2026,2,2026,10,8,0.0,1.6972744464874268,False,49,0.0,12.714201974868768,3
Barion Brown,WR,2026,2,2026,11,9,0.0,1.825271487236023,False,56,0.0,11.731149935722323,3
Barion Brown,WR,2026,2,2026,12,10,0.0,1.9592952728271484,False,63,0.0,11.230267643928528,3
Barion Brown,WR,2026,2,2026,13,11,0.0,2.142819881439209,False,70,0.0,11.145464277267447,3
Barion Brown,WR,2026,2,2026,14,12,0.0,2.286166191101074,False,77,0.0,10.733001041412347,3
Barion Brown,WR,2026,2,2026,15,13,0.0,2.454087257385254,False,84,0.0,10.101075744628897,3
Barion Brown,WR,2026,2,2026,16,14,0.0,2.594047784805298,False,91,0.0,8.207227110862725,3
Barion Brown,WR,2026,2,2026,17,15,0.0,2.6884398460388184,False,98,0.0,6.292933750152547,3
Ben Skowronek,WR,2026,2,2026,3,1,0.0,1.4870762825012207,False,0,0.0,16.202836227416974,3
Ben Skowronek,WR,2026,2,2026,4,2,0.0,1.3978025913238525,False,7,0.0,15.559115076065057,3
Ben Skowronek,WR,2026,2,2026,5,3,0.0,1.5333362817764282,False,14,0.0,15.062565541267386,3
Ben Skowronek,WR,2026,2,2026,6,4,0.0,1.6479283571243286,False,21,0.0,15.199480843543993,3
Ben Skowronek,WR,2026,2,2026,7,5,0.0,1.6910995244979858,False,28,0.0,14.634092140197751,3
Ben Skowronek,WR,2026,2,2026,8,6,0.0,1.746930480003357,False,35,0.0,13.963622450828549,3
Ben Skowronek,WR,2026,2,2026,9,7,0.0,1.78714120388031,False,42,0.0,13.400697302818294,3
Ben Skowronek,WR,2026,2,2026,10,8,0.0,1.8257139921188354,False,49,0.0,12.842641520500177,3
Ben Skowronek,WR,2026,2,2026,11,9,0.0,1.8338216543197632,False,56,0.0,11.739700102806063,3
Ben Skowronek,WR,2026,2,2026,12,10,0.0,1.8204594850540161,False,63,0.0,11.091431856155396,3
Ben Skowronek,WR,2026,2,2026,13,11,0.0,1.8401278257369995,False,70,0.0,10.842772221565237,3
Ben Skowronek,WR,2026,2,2026,14,12,0.0,1.842629075050354,False,77,0.0,10.289463925361627,3
Ben Skowronek,WR,2026,2,2026,15,13,0.0,1.8588987588882446,False,84,0.0,9.505887246131888,3
Ben Skowronek,WR,2026,2,2026,16,14,0.0,1.8906866312026978,False,91,0.0,7.503865957260126,3
Ben Skowronek,WR,2026,2,2026,17,15,0.0,1.926963210105896,False,98,0.0,5.5314571142196245,3
Ben VanSumeren,RB,2026,2,2026,3,1,0.0,2.127140760421753,False,0,0.0,16.842900705337506,3
Ben VanSumeren,RB,2026,2,2026,4,2,0.0,2.097510814666748,False,7,0.0,16.25882329940795,3
Ben VanSumeren,RB,2026,2,2026,5,3,0.0,2.2809042930603027,False,14,0.0,15.81013355255126,3
Ben VanSumeren,RB,2026,2,2026,6,4,0.0,2.4079017639160156,False,21,0.0,15.95945425033568,3
Ben VanSumeren,RB,2026,2,2026,7,5,0.0,2.4615674018859863,False,28,0.0,15.404560017585752,3
Ben VanSumeren,RB,2026,2,2026,8,6,0.0,2.5279054641723633,False,35,0.0,14.744597434997555,3
Ben VanSumeren,RB,2026,2,2026,9,7,0.0,2.5673623085021973,False,42,0.0,14.180918407440181,3
Ben VanSumeren,RB,2026,2,2026,10,8,0.0,2.6097357273101807,False,49,0.0,13.626663255691522,3
Ben VanSumeren,RB,2026,2,2026,11,9,0.0,2.605531692504883,False,56,0.0,12.511410140991183,3
Ben VanSumeren,RB,2026,2,2026,12,10,0.0,2.5911924839019775,False,63,0.0,11.862164855003357,3
Ben VanSumeren,RB,2026,2,2026,13,11,0.0,2.6137313842773438,False,70,0.0,11.616375780105582,3
Ben VanSumeren,RB,2026,2,2026,14,12,0.0,2.6171932220458984,False,77,0.0,11.064028072357171,3
Ben VanSumeren,RB,2026,2,2026,15,13,0.0,2.6361076831817627,False,84,0.0,10.283096170425406,3
Ben VanSumeren,RB,2026,2,2026,16,14,0.0,2.663558006286621,False,91,0.0,8.276737332344048,3
Ben VanSumeren,RB,2026,2,2026,17,15,0.0,2.6957530975341797,False,98,0.0,6.300247001647908,3
Bhayshul Tuten,RB,2026,2,2026,3,1,0.0,6.594686508178711,False,0,0.0,21.310446453094464,3
Bhayshul Tuten,RB,2026,2,2026,4,2,0.0,6.3585686683654785,False,7,0.0,20.51988115310668,3
Bhayshul Tuten,RB,2026,2,2026,5,3,0.0,6.218090534210205,False,14,0.0,19.747319793701163,3
Bhayshul Tuten,RB,2026,2,2026,6,4,0.0,6.084081172943115,False,21,0.0,19.63563365936278,3
Bhayshul Tuten,RB,2026,2,2026,7,5,0.0,5.897765636444092,False,28,0.0,18.840758252143857,3
Bhayshul Tuten,RB,2026,2,2026,8,6,0.0,5.641957759857178,False,35,0.0,17.85864973068237,3
Bhayshul Tuten,RB,2026,2,2026,9,7,0.0,5.4126877784729,False,42,0.0,17.026243877410884,3
Bhayshul Tuten,RB,2026,2,2026,10,8,0.0,5.263123035430908,False,49,0.0,16.28005056381225,3
Bhayshul Tuten,RB,2026,2,2026,11,9,0.0,5.040363788604736,False,56,0.0,14.946242237091036,3
Bhayshul Tuten,RB,2026,2,2026,12,10,0.0,4.775730133056641,False,63,0.0,14.04670250415802,3
Bhayshul Tuten,RB,2026,2,2026,13,11,0.0,4.528153896331787,False,70,0.0,13.530798292160025,3
Bhayshul Tuten,RB,2026,2,2026,14,12,0.0,4.32327127456665,False,77,0.0,12.770106124877923,3
Bhayshul Tuten,RB,2026,2,2026,15,13,0.0,4.127695560455322,False,84,0.0,11.774684047698965,3
Bhayshul Tuten,RB,2026,2,2026,16,14,0.0,3.9963741302490234,False,91,0.0,9.60955345630645,3
Bhayshul Tuten,RB,2026,2,2026,17,15,0.0,3.9183521270751953,False,98,0.0,7.522846031188924,3
Bijan Robinson,RB,2026,2,2026,3,1,0.0,16.582677841186523,False,0,5.484062385559081,31.298437786102276,3
Bijan Robinson,RB,2026,2,2026,4,2,0.0,16.911869049072266,False,7,3.2445748329162587,31.073181533813468,3
Bijan Robinson,RB,2026,2,2026,5,3,0.0,16.9434871673584,False,14,2.8159018516540524,30.472716426849356,3
Bijan Robinson,RB,2026,2,2026,6,4,0.0,17.02161979675293,False,21,2.7338655471801765,30.573172283172596,3
Bijan Robinson,RB,2026,2,2026,7,5,0.0,16.943775177001953,False,28,2.5053249359130856,29.88676779270172,3
Bijan Robinson,RB,2026,2,2026,8,6,0.0,16.774242401123047,False,35,2.2408411979675282,28.99093437194824,3
Bijan Robinson,RB,2026,2,2026,9,7,0.0,16.58792495727539,False,42,1.9822722434997555,28.201481056213375,3
Bijan Robinson,RB,2026,2,2026,10,8,0.0,16.430622100830078,False,49,1.7751738548278801,27.44754962921142,3
Bijan Robinson,RB,2026,2,2026,11,9,0.0,16.237239837646484,False,56,1.5354228019714373,26.143118286132783,3
Bijan Robinson,RB,2026,2,2026,12,10,0.0,16.1147403717041,False,63,1.3500134468078624,25.38571274280548,3
Bijan Robinson,RB,2026,2,2026,13,11,0.0,16.059316635131836,False,70,1.248042964935303,25.061961030960074,3
Bijan Robinson,RB,2026,2,2026,14,12,0.0,15.997488021850586,False,77,1.1546830177307132,24.44432287216186,3
Bijan Robinson,RB,2026,2,2026,15,13,0.0,15.924216270446777,False,84,1.071618747711181,23.57120475769042,3
Bijan Robinson,RB,2026,2,2026,16,14,0.0,15.787514686584473,False,91,0.9042218208312995,21.4006940126419,3
Bijan Robinson,RB,2026,2,2026,17,15,0.0,15.666668891906738,False,98,0.7876776695251468,19.271162796020466,3
Blake Corum,RB,2026,2,2026,3,1,0.0,3.5012502670288086,False,0,0.0,18.21701021194456,3
Blake Corum,RB,2026,2,2026,4,2,0.0,3.061002016067505,False,7,0.0,17.222314500808707,3
Blake Corum,RB,2026,2,2026,5,3,0.0,3.0694217681884766,False,14,0.0,16.598651027679434,3
Blake Corum,RB,2026,2,2026,6,4,0.0,3.0991806983947754,False,21,0.0,16.65073318481444,3
Blake Corum,RB,2026,2,2026,7,5,0.0,3.118920087814331,False,28,0.0,16.061912703514096,3
Blake Corum,RB,2026,2,2026,8,6,0.0,3.240497589111328,False,35,0.0,15.45718955993652,3
Blake Corum,RB,2026,2,2026,9,7,0.0,3.455017566680908,False,42,0.0,15.068573665618892,3
Blake Corum,RB,2026,2,2026,10,8,0.0,3.773557186126709,False,49,0.0,14.79048471450805,3
Blake Corum,RB,2026,2,2026,11,9,0.0,4.121944904327393,False,56,0.0,14.027823352813693,3
Blake Corum,RB,2026,2,2026,12,10,0.0,4.579930305480957,False,63,0.0,13.850902676582336,3
Blake Corum,RB,2026,2,2026,13,11,0.0,5.154486179351807,False,70,0.0,14.157130575180044,3
Blake Corum,RB,2026,2,2026,14,12,0.0,5.781964302062988,False,77,0.0,14.228799152374261,3
Blake Corum,RB,2026,2,2026,15,13,0.0,6.478562831878662,False,84,0.0,14.125551319122305,3
Blake Corum,RB,2026,2,2026,16,14,0.0,7.13395357131958,False,91,0.0,12.747132897377007,3
Blake Corum,RB,2026,2,2026,17,15,0.0,7.607418060302734,False,98,0.0,11.211911964416462,3
Bo Melton,WR,2026,2,2026,3,1,0.0,2.6606245040893555,False,0,0.0,17.37638444900511,3
Bo Melton,WR,2026,2,2026,4,2,0.0,2.55734920501709,False,7,0.0,16.718661689758292,3
Bo Melton,WR,2026,2,2026,5,3,0.0,2.7643039226531982,False,14,0.0,16.293533182144156,3
Bo Melton,WR,2026,2,2026,6,4,0.0,2.918058395385742,False,21,0.0,16.46961088180541,3
Bo Melton,WR,2026,2,2026,7,5,0.0,3.058176279067993,False,28,0.0,16.00116889476776,3
Bo Melton,WR,2026,2,2026,8,6,0.0,3.291457176208496,False,35,0.0,15.508149147033688,3
Bo Melton,WR,2026,2,2026,9,7,0.0,3.5558667182922363,False,42,0.0,15.16942281723022,3
Bo Melton,WR,2026,2,2026,10,8,0.0,3.8783228397369385,False,49,0.0,14.89525036811828,3
Bo Melton,WR,2026,2,2026,11,9,0.0,4.161163806915283,False,56,0.0,14.067042255401583,3
Bo Melton,WR,2026,2,2026,12,10,0.0,4.463663578033447,False,63,0.0,13.734635949134827,3
Bo Melton,WR,2026,2,2026,13,11,0.0,4.7969584465026855,False,70,0.0,13.799602842330923,3
Bo Melton,WR,2026,2,2026,14,12,0.0,5.077865123748779,False,77,0.0,13.524699974060052,3
Bo Melton,WR,2026,2,2026,15,13,0.0,5.3412346839904785,False,84,0.0,12.988223171234122,3
Bo Melton,WR,2026,2,2026,16,14,0.0,5.5339179039001465,False,91,0.0,11.147097229957573,3
Bo Melton,WR,2026,2,2026,17,15,0.0,5.660428524017334,False,98,0.0,9.264922428131062,3
Brady Russell,RB,2026,2,2026,3,1,0.0,1.3418065309524536,False,0,0.0,16.057566475868207,3
Brady Russell,RB,2026,2,2026,4,2,0.0,1.2075296640396118,False,7,0.0,15.368842148780816,3
Brady Russell,RB,2026,2,2026,5,3,0.0,1.3482096195220947,False,14,0.0,14.877438879013052,3
Brady Russell,RB,2026,2,2026,6,4,0.0,1.4790014028549194,False,21,0.0,15.030553889274584,3
Brady Russell,RB,2026,2,2026,7,5,0.0,1.5391491651535034,False,28,0.0,14.482141780853269,3
Brady Russell,RB,2026,2,2026,8,6,0.0,1.6256848573684692,False,35,0.0,13.842376828193661,3
Brady Russell,RB,2026,2,2026,9,7,0.0,1.7066706418991089,False,42,0.0,13.320226740837093,3
Brady Russell,RB,2026,2,2026,10,8,0.0,1.7901743650436401,False,49,0.0,12.807101893424981,3
Brady Russell,RB,2026,2,2026,11,9,0.0,1.8487764596939087,False,56,0.0,11.754654908180209,3
Brady Russell,RB,2026,2,2026,12,10,0.0,1.888985276222229,False,63,0.0,11.159957647323608,3
Brady Russell,RB,2026,2,2026,13,11,0.0,1.972032904624939,False,70,0.0,10.974677300453177,3
Brady Russell,RB,2026,2,2026,14,12,0.0,2.033231019973755,False,77,0.0,10.480065870285028,3
Brady Russell,RB,2026,2,2026,15,13,0.0,2.108400821685791,False,84,0.0,9.755389308929434,3
Brady Russell,RB,2026,2,2026,16,14,0.0,2.185854911804199,False,91,0.0,7.799034237861627,3
Brady Russell,RB,2026,2,2026,17,15,0.0,2.255540132522583,False,98,0.0,5.8600340366363115,3
Braelon Allen,RB,2026,2,2026,3,1,0.0,5.460908889770508,False,0,0.0,20.17666883468626,3
Braelon Allen,RB,2026,2,2026,4,2,0.0,5.416126728057861,False,7,0.0,19.577439212799064,3
Braelon Allen,RB,2026,2,2026,5,3,0.0,5.71769380569458,False,14,0.0,19.246923065185538,3
Braelon Allen,RB,2026,2,2026,6,4,0.0,6.109968662261963,False,21,0.0,19.66152114868163,3
Braelon Allen,RB,2026,2,2026,7,5,0.0,6.588593482971191,False,28,0.0,19.531586098670957,3
Braelon Allen,RB,2026,2,2026,8,6,0.0,7.145984649658203,False,35,0.0,19.362676620483395,3
Braelon Allen,RB,2026,2,2026,9,7,0.0,7.562897682189941,False,42,0.0,19.176453781127925,3
Braelon Allen,RB,2026,2,2026,10,8,0.0,7.819600582122803,False,49,0.0,18.836528110504144,3
Braelon Allen,RB,2026,2,2026,11,9,0.0,7.814643383026123,False,56,0.0,17.72052183151242,3
Braelon Allen,RB,2026,2,2026,12,10,0.0,7.72859001159668,False,63,0.0,16.99956238269806,3
Braelon Allen,RB,2026,2,2026,13,11,0.0,7.635336399078369,False,70,0.0,16.637980794906607,3
Braelon Allen,RB,2026,2,2026,14,12,0.0,7.547933578491211,False,77,0.0,15.994768428802484,3
Braelon Allen,RB,2026,2,2026,15,13,0.0,7.4216389656066895,False,84,0.0,15.068627452850333,3
Braelon Allen,RB,2026,2,2026,16,14,0.0,7.309935569763184,False,91,0.0,12.92311489582061,3
Braelon Allen,RB,2026,2,2026,17,15,0.0,7.196519374847412,False,98,0.0,10.80101327896114,3
Brashard Smith,RB,2026,2,2026,3,1,0.0,4.447168827056885,False,0,0.0,19.162928771972638,3
Brashard Smith,RB,2026,2,2026,4,2,0.0,4.465546131134033,False,7,0.0,18.626858615875236,3
Brashard Smith,RB,2026,2,2026,5,3,0.0,4.706023216247559,False,14,0.0,18.235252475738516,3
Brashard Smith,RB,2026,2,2026,6,4,0.0,4.939114093780518,False,21,0.0,18.490666580200184,3
Brashard Smith,RB,2026,2,2026,7,5,0.0,5.077648162841797,False,28,0.0,18.020640778541562,3
Brashard Smith,RB,2026,2,2026,8,6,0.0,5.090247631072998,False,35,0.0,17.30693960189819,3
Brashard Smith,RB,2026,2,2026,9,7,0.0,4.94364070892334,False,42,0.0,16.557196807861324,3
Brashard Smith,RB,2026,2,2026,10,8,0.0,4.775149822235107,False,49,0.0,15.792077350616449,3
Brashard Smith,RB,2026,2,2026,11,9,0.0,4.516809463500977,False,56,0.0,14.422687911987277,3
Brashard Smith,RB,2026,2,2026,12,10,0.0,4.273229598999023,False,63,0.0,13.544201970100403,3
Brashard Smith,RB,2026,2,2026,13,11,0.0,4.087072372436523,False,70,0.0,13.089716768264761,3
Brashard Smith,RB,2026,2,2026,14,12,0.0,3.9478561878204346,False,77,0.0,12.394691038131707,3
Brashard Smith,RB,2026,2,2026,15,13,0.0,3.826719284057617,False,84,0.0,11.47370777130126,3
Brashard Smith,RB,2026,2,2026,16,14,0.0,3.7473666667938232,False,91,0.0,9.36054599285125,3
Brashard Smith,RB,2026,2,2026,17,15,0.0,3.7064497470855713,False,98,0.0,7.3109436511993,3
Braxton Berrios,WR,2026,2,2026,3,1,0.0,1.2155399322509766,False,0,0.0,15.93129987716673,3
Braxton Berrios,WR,2026,2,2026,4,2,0.0,1.1621657609939575,False,7,0.0,15.323478245735162,3
Braxton Berrios,WR,2026,2,2026,5,3,0.0,1.2761281728744507,False,14,0.0,14.805357432365408,3
Braxton Berrios,WR,2026,2,2026,6,4,0.0,1.375812292098999,False,21,0.0,14.927364778518664,3
Braxton Berrios,WR,2026,2,2026,7,5,0.0,1.405718445777893,False,28,0.0,14.348711061477658,3
Braxton Berrios,WR,2026,2,2026,8,6,0.0,1.436010718345642,False,35,0.0,13.652702689170834,3
Braxton Berrios,WR,2026,2,2026,9,7,0.0,1.4434758424758911,False,42,0.0,13.057031941413875,3
Braxton Berrios,WR,2026,2,2026,10,8,0.0,1.4465330839157104,False,49,0.0,12.463460612297052,3
Braxton Berrios,WR,2026,2,2026,11,9,0.0,1.4247633218765259,False,56,0.0,11.330641770362826,3
Braxton Berrios,WR,2026,2,2026,12,10,0.0,1.3830713033676147,False,63,0.0,10.654043674468994,3
Braxton Berrios,WR,2026,2,2026,13,11,0.0,1.370650291442871,False,70,0.0,10.373294687271109,3
Braxton Berrios,WR,2026,2,2026,14,12,0.0,1.3531001806259155,False,77,0.0,9.799935030937188,3
Braxton Berrios,WR,2026,2,2026,15,13,0.0,1.3488119840621948,False,84,0.0,8.995800471305838,3
Braxton Berrios,WR,2026,2,2026,16,14,0.0,1.3710037469863892,False,91,0.0,6.984183073043817,3
Braxton Berrios,WR,2026,2,2026,17,15,0.0,1.4035052061080933,False,98,0.0,5.007999110221822,3
Breece Hall,RB,2026,2,2026,3,1,0.0,12.724600791931152,False,0,1.6259853363037102,27.440360736846905,3
Breece Hall,RB,2026,2,2026,4,2,0.0,12.556905746459961,False,7,0.0,26.718218231201163,3
Breece Hall,RB,2026,2,2026,5,3,0.0,12.511199951171875,False,14,0.0,26.040429210662833,3
Breece Hall,RB,2026,2,2026,6,4,0.0,12.523531913757324,False,21,0.0,26.07508440017699,3
Breece Hall,RB,2026,2,2026,7,5,0.0,12.715912818908691,False,28,0.0,25.658905434608457,3
Breece Hall,RB,2026,2,2026,8,6,0.0,13.061612129211426,False,35,0.0,25.278304100036618,3
Breece Hall,RB,2026,2,2026,9,7,0.0,13.303293228149414,False,42,0.0,24.916849327087398,3
Breece Hall,RB,2026,2,2026,10,8,0.0,13.410430908203125,False,49,0.0,24.427358436584466,3
Breece Hall,RB,2026,2,2026,11,9,0.0,13.39060115814209,False,56,0.0,23.296479606628388,3
Breece Hall,RB,2026,2,2026,12,10,0.0,13.357800483703613,False,63,0.0,22.628772854804993,3
Breece Hall,RB,2026,2,2026,13,11,0.0,13.352075576782227,False,70,0.0,22.354719972610464,3
Breece Hall,RB,2026,2,2026,14,12,0.0,13.352816581726074,False,77,0.0,21.799651432037347,3
Breece Hall,RB,2026,2,2026,15,13,0.0,13.303664207458496,False,84,0.0,20.95065269470214,3
Breece Hall,RB,2026,2,2026,16,14,0.0,13.25031566619873,False,91,0.0,18.863494992256157,3
Breece Hall,RB,2026,2,2026,17,15,0.0,13.185247421264648,False,98,0.0,16.789741325378376,3
Brenen Thompson,WR,2026,2,2026,3,1,0.0,1.5688124895095825,False,0,0.0,16.284572434425336,3
Brenen Thompson,WR,2026,2,2026,4,2,0.0,1.213782787322998,False,7,0.0,15.375095272064202,3
Brenen Thompson,WR,2026,2,2026,5,3,0.0,1.2536396980285645,False,14,0.0,14.782868957519522,3
Brenen Thompson,WR,2026,2,2026,6,4,0.0,1.3032280206680298,False,21,0.0,14.854780507087694,3
Brenen Thompson,WR,2026,2,2026,7,5,0.0,1.3228999376296997,False,28,0.0,14.265892553329465,3
Brenen Thompson,WR,2026,2,2026,8,6,0.0,1.3996576070785522,False,35,0.0,13.616349577903744,3
Brenen Thompson,WR,2026,2,2026,9,7,0.0,1.4999369382858276,False,42,0.0,13.113493037223812,3
Brenen Thompson,WR,2026,2,2026,10,8,0.0,1.6407814025878906,False,49,0.0,12.657708930969232,3
Brenen Thompson,WR,2026,2,2026,11,9,0.0,1.7882927656173706,False,56,0.0,11.69417121410367,3
Brenen Thompson,WR,2026,2,2026,12,10,0.0,1.9559780359268188,False,63,0.0,11.226950407028198,3
Brenen Thompson,WR,2026,2,2026,13,11,0.0,2.178920269012451,False,70,0.0,11.181564664840689,3
Brenen Thompson,WR,2026,2,2026,14,12,0.0,2.3619484901428223,False,77,0.0,10.808783340454095,3
Brenen Thompson,WR,2026,2,2026,15,13,0.0,2.573887348175049,False,84,0.0,10.220875835418692,3
Brenen Thompson,WR,2026,2,2026,16,14,0.0,2.748440980911255,False,91,0.0,8.361620306968682,3
Brenen Thompson,WR,2026,2,2026,17,15,0.0,2.857656955718994,False,98,0.0,6.462150859832723,3
Brian Robinson,RB,2026,2,2026,3,1,0.0,5.446852684020996,False,0,0.0,20.16261262893675,3
Brian Robinson,RB,2026,2,2026,4,2,0.0,5.215590476989746,False,7,0.0,19.37690296173095,3
Brian Robinson,RB,2026,2,2026,5,3,0.0,5.184003829956055,False,14,0.0,18.713233089447012,3
Brian Robinson,RB,2026,2,2026,6,4,0.0,5.185962200164795,False,21,0.0,18.73751468658446,3
Brian Robinson,RB,2026,2,2026,7,5,0.0,5.162293910980225,False,28,0.0,18.10528652667999,3
Brian Robinson,RB,2026,2,2026,8,6,0.0,5.108022212982178,False,35,0.0,17.32471418380737,3
Brian Robinson,RB,2026,2,2026,9,7,0.0,5.04677152633667,False,42,0.0,16.660327625274654,3
Brian Robinson,RB,2026,2,2026,10,8,0.0,5.06394624710083,False,49,0.0,16.08087377548217,3
Brian Robinson,RB,2026,2,2026,11,9,0.0,5.0723137855529785,False,56,0.0,14.978192234039279,3
Brian Robinson,RB,2026,2,2026,12,10,0.0,5.089409351348877,False,63,0.0,14.360381722450256,3
Brian Robinson,RB,2026,2,2026,13,11,0.0,5.094210624694824,False,70,0.0,14.096855020523062,3
Brian Robinson,RB,2026,2,2026,14,12,0.0,5.05902099609375,False,77,0.0,13.505855846405023,3
Brian Robinson,RB,2026,2,2026,15,13,0.0,4.9660115242004395,False,84,0.0,12.613000011444083,3
Brian Robinson,RB,2026,2,2026,16,14,0.0,4.8776164054870605,False,91,0.0,10.490795731544488,3
Brian Robinson,RB,2026,2,2026,17,15,0.0,4.796409606933594,False,98,0.0,8.400903511047321,3
Brian Thomas Jr.,WR,2026,2,2026,3,1,0.0,10.06862735748291,False,0,0.0,24.784387302398663,3
Brian Thomas Jr.,WR,2026,2,2026,4,2,0.0,10.004945755004883,False,7,0.0,24.166258239746085,3
Brian Thomas Jr.,WR,2026,2,2026,5,3,0.0,9.720242500305176,False,14,0.0,23.249471759796133,3
Brian Thomas Jr.,WR,2026,2,2026,6,4,0.0,9.423526763916016,False,21,0.0,22.975079250335682,3
Brian Thomas Jr.,WR,2026,2,2026,7,5,0.0,9.02243423461914,False,28,0.0,21.965426850318906,3
Brian Thomas Jr.,WR,2026,2,2026,8,6,0.0,8.445889472961426,False,35,0.0,20.662581443786618,3
Brian Thomas Jr.,WR,2026,2,2026,9,7,0.0,7.846135139465332,False,42,0.0,19.459691238403316,3
Brian Thomas Jr.,WR,2026,2,2026,10,8,0.0,7.3090081214904785,False,49,0.0,18.32593564987182,3
Brian Thomas Jr.,WR,2026,2,2026,11,9,0.0,6.746555805206299,False,56,0.0,16.652434253692597,3
Brian Thomas Jr.,WR,2026,2,2026,12,10,0.0,6.257082462310791,False,63,0.0,15.52805483341217,3
Brian Thomas Jr.,WR,2026,2,2026,13,11,0.0,5.8513503074646,False,70,0.0,14.853994703292837,3
Brian Thomas Jr.,WR,2026,2,2026,14,12,0.0,5.562774181365967,False,77,0.0,14.00960903167724,3
Brian Thomas Jr.,WR,2026,2,2026,15,13,0.0,5.2939534187316895,False,84,0.0,12.940941905975333,3
Brian Thomas Jr.,WR,2026,2,2026,16,14,0.0,5.11098051071167,False,91,0.0,10.724159836769097,3
Brian Thomas Jr.,WR,2026,2,2026,17,15,0.0,4.988622188568115,False,98,0.0,8.593116092681843,3
Britain Covey,WR,2026,2,2026,3,1,0.0,1.5869483947753906,False,0,0.0,16.302708339691144,3
Britain Covey,WR,2026,2,2026,4,2,0.0,1.50821852684021,False,7,0.0,15.669531011581414,3
Britain Covey,WR,2026,2,2026,5,3,0.0,1.6520956754684448,False,14,0.0,15.181324934959402,3
Britain Covey,WR,2026,2,2026,6,4,0.0,1.7667123079299927,False,21,0.0,15.318264794349657,3
Britain Covey,WR,2026,2,2026,7,5,0.0,1.8101379871368408,False,28,0.0,14.753130602836606,3
Britain Covey,WR,2026,2,2026,8,6,0.0,1.8676636219024658,False,35,0.0,14.084355592727658,3
Britain Covey,WR,2026,2,2026,9,7,0.0,1.908544898033142,False,42,0.0,13.522100996971126,3
Britain Covey,WR,2026,2,2026,10,8,0.0,1.9495192766189575,False,49,0.0,12.966446805000299,3
Britain Covey,WR,2026,2,2026,11,9,0.0,1.9567220211029053,False,56,0.0,11.862600469589205,3
Britain Covey,WR,2026,2,2026,12,10,0.0,1.9467417001724243,False,63,0.0,11.217714071273804,3
Britain Covey,WR,2026,2,2026,13,11,0.0,1.970960259437561,False,70,0.0,10.973604655265799,3
Britain Covey,WR,2026,2,2026,14,12,0.0,1.976621389389038,False,77,0.0,10.423456239700311,3
Britain Covey,WR,2026,2,2026,15,13,0.0,1.9968661069869995,False,84,0.0,9.643854594230643,3
Britain Covey,WR,2026,2,2026,16,14,0.0,2.029552698135376,False,91,0.0,7.642732024192804,3
Britain Covey,WR,2026,2,2026,17,15,0.0,2.065993547439575,False,98,0.0,5.670487451553304,3
British Brooks,RB,2026,2,2026,3,1,0.0,1.446661114692688,False,0,0.0,16.16242105960844,3
British Brooks,RB,2026,2,2026,4,2,0.0,1.4072169065475464,False,7,0.0,15.56852939128875,3
British Brooks,RB,2026,2,2026,5,3,0.0,1.543412208557129,False,14,0.0,15.072641468048086,3
British Brooks,RB,2026,2,2026,6,4,0.0,1.6525110006332397,False,21,0.0,15.204063487052904,3
British Brooks,RB,2026,2,2026,7,5,0.0,1.687303066253662,False,28,0.0,14.630295681953427,3
British Brooks,RB,2026,2,2026,8,6,0.0,1.7227228879928589,False,35,0.0,13.93941485881805,3
British Brooks,RB,2026,2,2026,9,7,0.0,1.73194420337677,False,42,0.0,13.345500302314754,3
British Brooks,RB,2026,2,2026,10,8,0.0,1.738039493560791,False,49,0.0,12.754967021942132,3
British Brooks,RB,2026,2,2026,11,9,0.0,1.714849591255188,False,56,0.0,11.620728039741488,3
British Brooks,RB,2026,2,2026,12,10,0.0,1.6747314929962158,False,63,0.0,10.945703864097595,3
British Brooks,RB,2026,2,2026,13,11,0.0,1.668412208557129,False,70,0.0,10.671056604385367,3
British Brooks,RB,2026,2,2026,14,12,0.0,1.6544541120529175,False,77,0.0,10.10128896236419,3
British Brooks,RB,2026,2,2026,15,13,0.0,1.6546037197113037,False,84,0.0,9.301592206954947,3
British Brooks,RB,2026,2,2026,16,14,0.0,1.6782617568969727,False,91,0.0,7.2914410829544005,3
British Brooks,RB,2026,2,2026,17,15,0.0,1.7125697135925293,False,98,0.0,5.317063617706258,3
Bryce Lance,WR,2026,2,2026,3,1,0.0,1.9381400346755981,False,0,0.0,16.65389997959135,3
Bryce Lance,WR,2026,2,2026,4,2,0.0,1.5302832126617432,False,7,0.0,15.691595697402947,3
Bryce Lance,WR,2026,2,2026,5,3,0.0,1.5871399641036987,False,14,0.0,15.116369223594656,3
Bryce Lance,WR,2026,2,2026,6,4,0.0,1.6480493545532227,False,21,0.0,15.199601840972887,3
Bryce Lance,WR,2026,2,2026,7,5,0.0,1.700893759727478,False,28,0.0,14.643886375427243,3
Bryce Lance,WR,2026,2,2026,8,6,0.0,1.8362873792648315,False,35,0.0,14.052979350090023,3
Bryce Lance,WR,2026,2,2026,9,7,0.0,2.010908842086792,False,42,0.0,13.624464941024776,3
Bryce Lance,WR,2026,2,2026,10,8,0.0,2.2590744495391846,False,49,0.0,13.276001977920526,3
Bryce Lance,WR,2026,2,2026,11,9,0.0,2.524921417236328,False,56,0.0,12.430799865722628,3
Bryce Lance,WR,2026,2,2026,12,10,0.0,2.8406248092651367,False,63,0.0,12.111597180366516,3
Bryce Lance,WR,2026,2,2026,13,11,0.0,3.214937210083008,False,70,0.0,12.217581605911246,3
Bryce Lance,WR,2026,2,2026,14,12,0.0,3.5477404594421387,False,77,0.0,11.994575309753412,3
Bryce Lance,WR,2026,2,2026,15,13,0.0,3.899517297744751,False,84,0.0,11.546505784988394,3
Bryce Lance,WR,2026,2,2026,16,14,0.0,4.1791253089904785,False,91,0.0,9.792304635047905,3
Bryce Lance,WR,2026,2,2026,17,15,0.0,4.345397472381592,False,98,0.0,7.94989137649532,3
Brycen Tremayne,WR,2026,2,2026,3,1,0.0,0.8718215227127075,False,0,0.0,15.58758146762846,3
Brycen Tremayne,WR,2026,2,2026,4,2,0.0,0.6697316765785217,False,7,0.0,14.831044161319726,3
Brycen Tremayne,WR,2026,2,2026,5,3,0.0,0.7137262225151062,False,14,0.0,14.242955482006064,3
Brycen Tremayne,WR,2026,2,2026,6,4,0.0,0.7873499989509583,False,21,0.0,14.338902485370623,3
Brycen Tremayne,WR,2026,2,2026,7,5,0.0,0.8121829628944397,False,28,0.0,13.755175578594205,3
Brycen Tremayne,WR,2026,2,2026,8,6,0.0,0.8602316975593567,False,35,0.0,13.076923668384548,3
Brycen Tremayne,WR,2026,2,2026,9,7,0.0,0.9037434458732605,False,42,0.0,12.517299544811245,3
Brycen Tremayne,WR,2026,2,2026,10,8,0.0,0.9372376799583435,False,49,0.0,11.954165208339685,3
Brycen Tremayne,WR,2026,2,2026,11,9,0.0,0.956780731678009,False,56,0.0,10.862659180164309,3
Brycen Tremayne,WR,2026,2,2026,12,10,0.0,0.9429612755775452,False,63,0.0,10.213933646678925,3
Brycen Tremayne,WR,2026,2,2026,13,11,0.0,0.957561194896698,False,70,0.0,9.960205590724936,3
Brycen Tremayne,WR,2026,2,2026,14,12,0.0,0.9604184031486511,False,77,0.0,9.407253253459924,3
Brycen Tremayne,WR,2026,2,2026,15,13,0.0,0.9784263968467712,False,84,0.0,8.625414884090414,3
Brycen Tremayne,WR,2026,2,2026,16,14,0.0,1.0151088237762451,False,91,0.0,6.628288149833673,3
Brycen Tremayne,WR,2026,2,2026,17,15,0.0,1.05204176902771,False,98,0.0,4.6565356731414385,3
Bucky Irving,RB,2026,2,2026,3,1,0.0,6.927137851715088,False,0,0.0,21.64289779663084,3
Bucky Irving,RB,2026,2,2026,4,2,0.0,6.61985445022583,False,7,0.0,20.781166934967032,3
Bucky Irving,RB,2026,2,2026,5,3,0.0,6.764768123626709,False,14,0.0,20.293997383117667,3
Bucky Irving,RB,2026,2,2026,6,4,0.0,7.0164923667907715,False,21,0.0,20.568044853210438,3
Bucky Irving,RB,2026,2,2026,7,5,0.0,7.329470157623291,False,28,0.0,20.272462773323056,3
Bucky Irving,RB,2026,2,2026,8,6,0.0,7.755614757537842,False,35,0.0,19.972306728363034,3
Bucky Irving,RB,2026,2,2026,9,7,0.0,8.324681282043457,False,42,0.0,19.93823738098144,3
Bucky Irving,RB,2026,2,2026,10,8,0.0,8.982680320739746,False,49,0.0,19.999607849121087,3
Bucky Irving,RB,2026,2,2026,11,9,0.0,9.357932090759277,False,56,0.0,19.263810539245576,3
Bucky Irving,RB,2026,2,2026,12,10,0.0,9.536765098571777,False,63,0.0,18.807737469673157,3
Bucky Irving,RB,2026,2,2026,13,11,0.0,9.601113319396973,False,70,0.0,18.60375771522521,3
Bucky Irving,RB,2026,2,2026,14,12,0.0,9.63129997253418,False,77,0.0,18.078134822845453,3
Bucky Irving,RB,2026,2,2026,15,13,0.0,9.595538139343262,False,84,0.0,17.242526626586905,3
Bucky Irving,RB,2026,2,2026,16,14,0.0,9.547331809997559,False,91,0.0,15.160511136054986,3
Bucky Irving,RB,2026,2,2026,17,15,0.0,9.470263481140137,False,98,0.0,13.074757385253864,3
C.J. Williams,WR,2026,2,2026,3,1,0.0,1.5463770627975464,False,0,0.0,16.2621370077133,3
C.J. Williams,WR,2026,2,2026,4,2,0.0,1.1977328062057495,False,7,0.0,15.359045290946954,3
C.J. Williams,WR,2026,2,2026,5,3,0.0,1.2449030876159668,False,14,0.0,14.774132347106924,3
C.J. Williams,WR,2026,2,2026,6,4,0.0,1.3038650751113892,False,21,0.0,14.855417561531054,3
C.J. Williams,WR,2026,2,2026,7,5,0.0,1.3238006830215454,False,28,0.0,14.26679329872131,3
C.J. Williams,WR,2026,2,2026,8,6,0.0,1.3891197443008423,False,35,0.0,13.605811715126034,3
C.J. Williams,WR,2026,2,2026,9,7,0.0,1.464807391166687,False,42,0.0,13.078363490104671,3
C.J. Williams,WR,2026,2,2026,10,8,0.0,1.5600425004959106,False,49,0.0,12.576970028877252,3
C.J. Williams,WR,2026,2,2026,11,9,0.0,1.648177981376648,False,56,0.0,11.554056429862948,3
C.J. Williams,WR,2026,2,2026,12,10,0.0,1.7307466268539429,False,63,0.0,11.001718997955322,3
C.J. Williams,WR,2026,2,2026,13,11,0.0,1.8598213195800781,False,70,0.0,10.862465715408316,3
C.J. Williams,WR,2026,2,2026,14,12,0.0,1.953697681427002,False,77,0.0,10.400532531738275,3
C.J. Williams,WR,2026,2,2026,15,13,0.0,2.0742781162261963,False,84,0.0,9.72126660346984,3
C.J. Williams,WR,2026,2,2026,16,14,0.0,2.181356430053711,False,91,0.0,7.794535756111139,3
C.J. Williams,WR,2026,2,2026,17,15,0.0,2.258734941482544,False,98,0.0,5.863228845596272,3
CJ Daniels,WR,2026,2,2026,3,1,0.0,1.2022980451583862,False,0,0.0,15.91805799007414,3
CJ Daniels,WR,2026,2,2026,4,2,0.0,0.8825677037239075,False,7,0.0,15.043880188465112,3
CJ Daniels,WR,2026,2,2026,5,3,0.0,0.9150912761688232,False,14,0.0,14.44432053565978,3
CJ Daniels,WR,2026,2,2026,6,4,0.0,0.9743368029594421,False,21,0.0,14.525889289379107,3
CJ Daniels,WR,2026,2,2026,7,5,0.0,0.9949427247047424,False,28,0.0,13.937935340404508,3
CJ Daniels,WR,2026,2,2026,8,6,0.0,1.0577961206436157,False,35,0.0,13.274488091468807,3
CJ Daniels,WR,2026,2,2026,9,7,0.0,1.129215121269226,False,42,0.0,12.74277122020721,3
CJ Daniels,WR,2026,2,2026,10,8,0.0,1.2120310068130493,False,49,0.0,12.22895853519439,3
CJ Daniels,WR,2026,2,2026,11,9,0.0,1.2893449068069458,False,56,0.0,11.195223355293246,3
CJ Daniels,WR,2026,2,2026,12,10,0.0,1.3546931743621826,False,63,0.0,10.625665545463562,3
CJ Daniels,WR,2026,2,2026,13,11,0.0,1.4631805419921875,False,70,0.0,10.465824937820425,3
CJ Daniels,WR,2026,2,2026,14,12,0.0,1.5420118570327759,False,77,0.0,9.988846707344049,3
CJ Daniels,WR,2026,2,2026,15,13,0.0,1.6471086740493774,False,84,0.0,9.29409716129302,3
CJ Daniels,WR,2026,2,2026,16,14,0.0,1.7436617612838745,False,91,0.0,7.356841087341302,3
CJ Daniels,WR,2026,2,2026,17,15,0.0,1.8145952224731445,False,98,0.0,5.419089126586873,3
CJ Donaldson,RB,2026,2,2026,3,1,0.0,1.832127332687378,False,0,0.0,16.54788727760313,3
CJ Donaldson,RB,2026,2,2026,4,2,0.0,1.453190565109253,False,7,0.0,15.614503049850457,3
CJ Donaldson,RB,2026,2,2026,5,3,0.0,1.512157917022705,False,14,0.0,15.041387176513663,3
CJ Donaldson,RB,2026,2,2026,6,4,0.0,1.5737481117248535,False,21,0.0,15.125300598144518,3
CJ Donaldson,RB,2026,2,2026,7,5,0.0,1.6138782501220703,False,28,0.0,14.556870865821836,3
CJ Donaldson,RB,2026,2,2026,8,6,0.0,1.7239619493484497,False,35,0.0,13.940653920173641,3
CJ Donaldson,RB,2026,2,2026,9,7,0.0,1.8652228116989136,False,42,0.0,13.478778910636898,3
CJ Donaldson,RB,2026,2,2026,10,8,0.0,2.0624899864196777,False,49,0.0,13.079417514801019,3
CJ Donaldson,RB,2026,2,2026,11,9,0.0,2.2666428089141846,False,56,0.0,12.172521257400485,3
CJ Donaldson,RB,2026,2,2026,12,10,0.0,2.5011484622955322,False,63,0.0,11.772120833396912,3
CJ Donaldson,RB,2026,2,2026,13,11,0.0,2.7896928787231445,False,70,0.0,11.792337274551382,3
CJ Donaldson,RB,2026,2,2026,14,12,0.0,3.0317952632904053,False,77,0.0,11.478630113601678,3
CJ Donaldson,RB,2026,2,2026,15,13,0.0,3.2912960052490234,False,84,0.0,10.938284492492667,3
CJ Donaldson,RB,2026,2,2026,16,14,0.0,3.494361400604248,False,91,0.0,9.107540726661675,3
CJ Donaldson,RB,2026,2,2026,17,15,0.0,3.6140666007995605,False,98,0.0,7.218560504913289,3
Caleb Douglas,WR,2026,2,2026,3,1,0.0,2.7373759746551514,False,0,0.0,17.453135919570904,3
Caleb Douglas,WR,2026,2,2026,4,2,0.0,2.3446807861328125,False,7,0.0,16.505993270874015,3
Caleb Douglas,WR,2026,2,2026,5,3,0.0,2.4233450889587402,False,14,0.0,15.952574348449698,3
Caleb Douglas,WR,2026,2,2026,6,4,0.0,2.4982190132141113,False,21,0.0,16.049771499633778,3
Caleb Douglas,WR,2026,2,2026,7,5,0.0,2.611891746520996,False,28,0.0,15.554884362220761,3
Caleb Douglas,WR,2026,2,2026,8,6,0.0,2.8548829555511475,False,35,0.0,15.07157492637634,3
Caleb Douglas,WR,2026,2,2026,9,7,0.0,3.1630043983459473,False,42,0.0,14.776560497283931,3
Caleb Douglas,WR,2026,2,2026,10,8,0.0,3.54807186126709,False,49,0.0,14.564999389648431,3
Caleb Douglas,WR,2026,2,2026,11,9,0.0,3.899761438369751,False,56,0.0,13.805639886856051,3
Caleb Douglas,WR,2026,2,2026,12,10,0.0,4.264050006866455,False,63,0.0,13.535022377967834,3
Caleb Douglas,WR,2026,2,2026,13,11,0.0,4.64927864074707,False,70,0.0,13.651923036575308,3
Caleb Douglas,WR,2026,2,2026,14,12,0.0,4.9931817054748535,False,77,0.0,13.440016555786126,3
Caleb Douglas,WR,2026,2,2026,15,13,0.0,5.301816463470459,False,84,0.0,12.948804950714102,3
Caleb Douglas,WR,2026,2,2026,16,14,0.0,5.497792720794678,False,91,0.0,11.110972046852105,3
Caleb Douglas,WR,2026,2,2026,17,15,0.0,5.571772575378418,False,98,0.0,9.176266479492146,3
Calvin Ridley,WR,2026,2,2026,3,1,0.0,3.386918306350708,False,0,0.0,18.10267825126646,3
Calvin Ridley,WR,2026,2,2026,4,2,0.0,3.301154136657715,False,7,0.0,17.462466621398917,3
Calvin Ridley,WR,2026,2,2026,5,3,0.0,3.493990659713745,False,14,0.0,17.023219919204703,3
Calvin Ridley,WR,2026,2,2026,6,4,0.0,3.641404151916504,False,21,0.0,17.19295663833617,3
Calvin Ridley,WR,2026,2,2026,7,5,0.0,3.763819694519043,False,28,0.0,16.706812310218808,3
Calvin Ridley,WR,2026,2,2026,8,6,0.0,3.93204927444458,False,35,0.0,16.148741245269772,3
Calvin Ridley,WR,2026,2,2026,9,7,0.0,4.085177421569824,False,42,0.0,15.698733520507808,3
Calvin Ridley,WR,2026,2,2026,10,8,0.0,4.258594989776611,False,49,0.0,15.275522518157953,3
Calvin Ridley,WR,2026,2,2026,11,9,0.0,4.351870059967041,False,56,0.0,14.257748508453341,3
Calvin Ridley,WR,2026,2,2026,12,10,0.0,4.438289165496826,False,63,0.0,13.709261536598206,3
Calvin Ridley,WR,2026,2,2026,13,11,0.0,4.542536735534668,False,70,0.0,13.545181131362906,3
Calvin Ridley,WR,2026,2,2026,14,12,0.0,4.612148761749268,False,77,0.0,13.05898361206054,3
Calvin Ridley,WR,2026,2,2026,15,13,0.0,4.670222759246826,False,84,0.0,12.31721124649047,3
Calvin Ridley,WR,2026,2,2026,16,14,0.0,4.701736927032471,False,91,0.0,10.314916253089898,3
Calvin Ridley,WR,2026,2,2026,17,15,0.0,4.715219020843506,False,98,0.0,8.319712924957233,3
Cam Skattebo,RB,2026,2,2026,3,1,0.0,13.006389617919922,False,0,1.9077741622924798,27.722149562835675,3
Cam Skattebo,RB,2026,2,2026,4,2,0.0,12.81546688079834,False,7,0.0,26.976779365539542,3
Cam Skattebo,RB,2026,2,2026,5,3,0.0,12.957657814025879,False,14,0.0,26.486887073516836,3
Cam Skattebo,RB,2026,2,2026,6,4,0.0,13.301839828491211,False,21,0.0,26.853392314910877,3
Cam Skattebo,RB,2026,2,2026,7,5,0.0,13.808463096618652,False,28,0.0,26.751455712318418,3
Cam Skattebo,RB,2026,2,2026,8,6,0.0,14.160565376281738,False,35,0.0,26.37725734710693,3
Cam Skattebo,RB,2026,2,2026,9,7,0.0,14.12622356414795,False,42,0.0,25.739779663085933,3
Cam Skattebo,RB,2026,2,2026,10,8,0.0,14.000631332397461,False,49,0.0,25.017558860778802,3
Cam Skattebo,RB,2026,2,2026,11,9,0.0,13.866254806518555,False,56,0.0,23.772133255004853,3
Cam Skattebo,RB,2026,2,2026,12,10,0.0,13.810389518737793,False,63,0.0,23.081361889839172,3
Cam Skattebo,RB,2026,2,2026,13,11,0.0,13.794249534606934,False,70,0.0,22.79689393043517,3
Cam Skattebo,RB,2026,2,2026,14,12,0.0,13.794011116027832,False,77,0.0,22.240845966339105,3
Cam Skattebo,RB,2026,2,2026,15,13,0.0,13.776432991027832,False,84,0.0,21.423421478271475,3
Cam Skattebo,RB,2026,2,2026,16,14,0.0,13.735847473144531,False,91,0.0,19.34902679920196,3
Cam Skattebo,RB,2026,2,2026,17,15,0.0,13.708163261413574,False,98,0.0,17.312657165527302,3
Camden Brown,WR,2026,2,2026,3,1,0.0,1.5669734477996826,False,0,0.0,16.282733392715436,3
Camden Brown,WR,2026,2,2026,4,2,0.0,1.2017027139663696,False,7,0.0,15.363015198707574,3
Camden Brown,WR,2026,2,2026,5,3,0.0,1.2413586378097534,False,14,0.0,14.770587897300711,3
Camden Brown,WR,2026,2,2026,6,4,0.0,1.2931159734725952,False,21,0.0,14.84466845989226,3
Camden Brown,WR,2026,2,2026,7,5,0.0,1.3073418140411377,False,28,0.0,14.250334429740903,3
Camden Brown,WR,2026,2,2026,8,6,0.0,1.3715659379959106,False,35,0.0,13.588257908821102,3
Camden Brown,WR,2026,2,2026,9,7,0.0,1.453508734703064,False,42,0.0,13.067064833641048,3
Camden Brown,WR,2026,2,2026,10,8,0.0,1.562759518623352,False,49,0.0,12.579687047004693,3
Camden Brown,WR,2026,2,2026,11,9,0.0,1.672808051109314,False,56,0.0,11.578686499595614,3
Camden Brown,WR,2026,2,2026,12,10,0.0,1.7870632410049438,False,63,0.0,11.058035612106323,3
Camden Brown,WR,2026,2,2026,13,11,0.0,1.9530550241470337,False,70,0.0,10.955699419975272,3
Camden Brown,WR,2026,2,2026,14,12,0.0,2.084049701690674,False,77,0.0,10.530884552001947,3
Camden Brown,WR,2026,2,2026,15,13,0.0,2.2452306747436523,False,84,0.0,9.892219161987295,3
Camden Brown,WR,2026,2,2026,16,14,0.0,2.3847761154174805,False,91,0.0,7.997955441474908,3
Camden Brown,WR,2026,2,2026,17,15,0.0,2.4811997413635254,False,98,0.0,6.085693645477254,3
Carnell Tate,WR,2026,2,2026,3,1,0.0,2.816112518310547,False,0,0.0,17.5318724632263,3
Carnell Tate,WR,2026,2,2026,4,2,0.0,2.4612579345703125,False,7,0.0,16.622570419311515,3
Carnell Tate,WR,2026,2,2026,5,3,0.0,2.552819013595581,False,14,0.0,16.08204827308654,3
Carnell Tate,WR,2026,2,2026,6,4,0.0,2.6337685585021973,False,21,0.0,16.185321044921864,3
Carnell Tate,WR,2026,2,2026,7,5,0.0,2.7353878021240234,False,28,0.0,15.678380417823789,3
Carnell Tate,WR,2026,2,2026,8,6,0.0,2.9536447525024414,False,35,0.0,15.170336723327633,3
Carnell Tate,WR,2026,2,2026,9,7,0.0,3.2288942337036133,False,42,0.0,14.842450332641597,3
Carnell Tate,WR,2026,2,2026,10,8,0.0,3.572218894958496,False,49,0.0,14.589146423339837,3
Carnell Tate,WR,2026,2,2026,11,9,0.0,3.8814682960510254,False,56,0.0,13.787346744537325,3
Carnell Tate,WR,2026,2,2026,12,10,0.0,4.20018196105957,False,63,0.0,13.47115433216095,3
Carnell Tate,WR,2026,2,2026,13,11,0.0,4.537209510803223,False,70,0.0,13.53985390663146,3
Carnell Tate,WR,2026,2,2026,14,12,0.0,4.818518161773682,False,77,0.0,13.265353012084955,3
Carnell Tate,WR,2026,2,2026,15,13,0.0,5.046383380889893,False,84,0.0,12.693371868133536,3
Carnell Tate,WR,2026,2,2026,16,14,0.0,5.175448894500732,False,91,0.0,10.78862822055816,3
Carnell Tate,WR,2026,2,2026,17,15,0.0,5.213165760040283,False,98,0.0,8.81765966415401,3
CeeDee Lamb,WR,2026,2,2026,3,1,0.0,16.487546920776367,False,0,5.388931465148925,31.20330686569212,3
CeeDee Lamb,WR,2026,2,2026,4,2,0.0,16.812297821044922,False,7,3.145003604888915,30.973610305786124,3
CeeDee Lamb,WR,2026,2,2026,5,3,0.0,16.726789474487305,False,14,2.5992041587829586,30.256018733978262,3
CeeDee Lamb,WR,2026,2,2026,6,4,0.0,16.536996841430664,False,21,2.249242591857911,30.08854932785033,3
CeeDee Lamb,WR,2026,2,2026,7,5,0.0,16.290767669677734,False,28,1.8523174285888668,29.2337602853775,3
CeeDee Lamb,WR,2026,2,2026,8,6,0.0,15.968300819396973,False,35,1.434899616241454,28.184992790222164,3
CeeDee Lamb,WR,2026,2,2026,9,7,0.0,15.696002006530762,False,42,1.0903492927551266,27.309558105468746,3
CeeDee Lamb,WR,2026,2,2026,10,8,0.0,15.54272747039795,False,49,0.8872792243957512,26.55965499877929,3
CeeDee Lamb,WR,2026,2,2026,11,9,0.0,15.410923957824707,False,56,0.70910692214966,25.316802406311005,3
CeeDee Lamb,WR,2026,2,2026,12,10,0.0,15.311734199523926,False,63,0.5470072746276866,24.582706570625305,3
CeeDee Lamb,WR,2026,2,2026,13,11,0.0,15.22380542755127,False,70,0.4125317573547367,24.226449823379507,3
CeeDee Lamb,WR,2026,2,2026,14,12,0.0,15.137282371520996,False,77,0.2944773674011234,23.58411722183227,3
CeeDee Lamb,WR,2026,2,2026,15,13,0.0,15.032817840576172,False,84,0.18022031784057546,22.679806327819815,3
CeeDee Lamb,WR,2026,2,2026,16,14,0.0,14.89684772491455,False,91,0.013554859161377664,20.510027050971978,3
CeeDee Lamb,WR,2026,2,2026,17,15,0.0,14.777891159057617,False,98,0.0,18.382385063171345,3
Chase Brown,RB,2026,2,2026,3,1,0.0,16.542373657226562,False,0,5.44375820159912,31.258133602142316,3
Chase Brown,RB,2026,2,2026,4,2,0.0,16.655067443847656,False,7,2.9877732276916493,30.81637992858886,3
Chase Brown,RB,2026,2,2026,5,3,0.0,16.568716049194336,False,14,2.44113073348999,30.097945308685293,3
Chase Brown,RB,2026,2,2026,6,4,0.0,16.627912521362305,False,21,2.3401582717895515,30.17946500778197,3
Chase Brown,RB,2026,2,2026,7,5,0.0,16.57137680053711,False,28,2.132926559448242,29.514369416236875,3
Chase Brown,RB,2026,2,2026,8,6,0.0,16.41516876220703,False,35,1.8817675590515126,28.631860733032223,3
Chase Brown,RB,2026,2,2026,9,7,0.0,16.236724853515625,False,42,1.6310721397399899,27.85028095245361,3
Chase Brown,RB,2026,2,2026,10,8,0.0,16.083261489868164,False,49,1.427813243865966,27.100189018249505,3
Chase Brown,RB,2026,2,2026,11,9,0.0,15.913063049316406,False,56,1.2112460136413592,25.818941497802705,3
Chase Brown,RB,2026,2,2026,12,10,0.0,15.830072402954102,False,63,1.0653454780578624,25.10104477405548,3
Chase Brown,RB,2026,2,2026,13,11,0.0,15.805652618408203,False,70,0.9943789482116703,24.80829701423644,3
Chase Brown,RB,2026,2,2026,14,12,0.0,15.756582260131836,False,77,0.9137772560119632,24.20341711044311,3
Chase Brown,RB,2026,2,2026,15,13,0.0,15.697465896606445,False,84,0.8448683738708489,23.34445438385009,3
Chase Brown,RB,2026,2,2026,16,14,0.0,15.571313858032227,False,91,0.6880209922790534,21.184493184089654,3
Chase Brown,RB,2026,2,2026,17,15,0.0,15.462335586547852,False,98,0.5833443641662601,19.06682949066158,3
Chimere Dike,WR,2026,2,2026,3,1,0.0,3.970521926879883,False,0,0.0,18.686281871795636,3
Chimere Dike,WR,2026,2,2026,4,2,0.0,3.8553149700164795,False,7,0.0,18.016627454757682,3
Chimere Dike,WR,2026,2,2026,5,3,0.0,3.940107583999634,False,14,0.0,17.46933684349059,3
Chimere Dike,WR,2026,2,2026,6,4,0.0,4.029079914093018,False,21,0.0,17.580632400512684,3
Chimere Dike,WR,2026,2,2026,7,5,0.0,4.071984767913818,False,28,0.0,17.014977383613584,3
Chimere Dike,WR,2026,2,2026,8,6,0.0,4.118679046630859,False,35,0.0,16.33537101745605,3
Chimere Dike,WR,2026,2,2026,9,7,0.0,4.138252258300781,False,42,0.0,15.751808357238765,3
Chimere Dike,WR,2026,2,2026,10,8,0.0,4.1742753982543945,False,49,0.0,15.191202926635736,3
Chimere Dike,WR,2026,2,2026,11,9,0.0,4.117753028869629,False,56,0.0,14.023631477355929,3
Chimere Dike,WR,2026,2,2026,12,10,0.0,4.025940895080566,False,63,0.0,13.296913266181946,3
Chimere Dike,WR,2026,2,2026,13,11,0.0,3.953361988067627,False,70,0.0,12.956006383895865,3
Chimere Dike,WR,2026,2,2026,14,12,0.0,3.8801770210266113,False,77,0.0,12.327011871337884,3
Chimere Dike,WR,2026,2,2026,15,13,0.0,3.8065595626831055,False,84,0.0,11.453548049926749,3
Chimere Dike,WR,2026,2,2026,16,14,0.0,3.750433921813965,False,91,0.0,9.363613247871392,3
Chimere Dike,WR,2026,2,2026,17,15,0.0,3.719252586364746,False,98,0.0,7.323746490478475,3
Chris Bell,WR,2026,2,2026,3,1,0.0,1.4747893810272217,False,0,0.0,16.190549325942975,3
Chris Bell,WR,2026,2,2026,4,2,0.0,1.1603763103485107,False,7,0.0,15.321688795089715,3
Chris Bell,WR,2026,2,2026,5,3,0.0,1.2087370157241821,False,14,0.0,14.73796627521514,3
Chris Bell,WR,2026,2,2026,6,4,0.0,1.266018033027649,False,21,0.0,14.817570519447314,3
Chris Bell,WR,2026,2,2026,7,5,0.0,1.2900538444519043,False,28,0.0,14.23304646015167,3
Chris Bell,WR,2026,2,2026,8,6,0.0,1.3635979890823364,False,35,0.0,13.580289959907528,3
Chris Bell,WR,2026,2,2026,9,7,0.0,1.4507960081100464,False,42,0.0,13.06435210704803,3
Chris Bell,WR,2026,2,2026,10,8,0.0,1.564763069152832,False,49,0.0,12.581690597534173,3
Chris Bell,WR,2026,2,2026,11,9,0.0,1.673021674156189,False,56,0.0,11.578900122642489,3
Chris Bell,WR,2026,2,2026,12,10,0.0,1.782639980316162,False,63,0.0,11.053612351417542,3
Chris Bell,WR,2026,2,2026,13,11,0.0,1.9364361763000488,False,70,0.0,10.939080572128287,3
Chris Bell,WR,2026,2,2026,14,12,0.0,2.0490126609802246,False,77,0.0,10.495847511291498,3
Chris Bell,WR,2026,2,2026,15,13,0.0,2.1830191612243652,False,84,0.0,9.830007648468008,3
Chris Bell,WR,2026,2,2026,16,14,0.0,2.2913851737976074,False,91,0.0,7.904564499855035,3
Chris Bell,WR,2026,2,2026,17,15,0.0,2.357699155807495,False,98,0.0,5.962193059921224,3
Chris Blair,WR,2026,2,2026,3,1,0.0,0.771816074848175,False,0,0.0,15.487576019763928,3
Chris Blair,WR,2026,2,2026,4,2,0.0,0.5504900217056274,False,7,0.0,14.711802506446832,3
Chris Blair,WR,2026,2,2026,5,3,0.0,0.6074673533439636,False,14,0.0,14.136696612834921,3
Chris Blair,WR,2026,2,2026,6,4,0.0,0.6961981058120728,False,21,0.0,14.247750592231737,3
Chris Blair,WR,2026,2,2026,7,5,0.0,0.7367522120475769,False,28,0.0,13.679744827747342,3
Chris Blair,WR,2026,2,2026,8,6,0.0,0.8076595664024353,False,35,0.0,13.024351537227627,3
Chris Blair,WR,2026,2,2026,9,7,0.0,0.8755159378051758,False,42,0.0,12.48907203674316,3
Chris Blair,WR,2026,2,2026,10,8,0.0,0.9330460429191589,False,49,0.0,11.9499735713005,3
Chris Blair,WR,2026,2,2026,11,9,0.0,0.9759626984596252,False,56,0.0,10.881841146945925,3
Chris Blair,WR,2026,2,2026,12,10,0.0,0.9896908402442932,False,63,0.0,10.260663211345673,3
Chris Blair,WR,2026,2,2026,13,11,0.0,1.0381362438201904,False,70,0.0,10.040780639648428,3
Chris Blair,WR,2026,2,2026,14,12,0.0,1.0725723505020142,False,77,0.0,9.519407200813287,3
Chris Blair,WR,2026,2,2026,15,13,0.0,1.1247667074203491,False,84,0.0,8.771755194663992,3
Chris Blair,WR,2026,2,2026,16,14,0.0,1.1896523237228394,False,91,0.0,6.802831649780267,3
Chris Blair,WR,2026,2,2026,17,15,0.0,1.252698302268982,False,98,0.0,4.85719220638271,3
Chris Brooks,RB,2026,2,2026,3,1,0.0,0.6493185758590698,False,0,0.0,15.365078520774823,3
Chris Brooks,RB,2026,2,2026,4,2,0.0,0.4654107689857483,False,7,0.0,14.626723253726952,3
Chris Brooks,RB,2026,2,2026,5,3,0.0,0.566070020198822,False,14,0.0,14.09529927968978,3
Chris Brooks,RB,2026,2,2026,6,4,0.0,0.6904091835021973,False,21,0.0,14.241961669921862,3
Chris Brooks,RB,2026,2,2026,7,5,0.0,0.7511929869651794,False,28,0.0,13.694185602664945,3
Chris Brooks,RB,2026,2,2026,8,6,0.0,0.8407882452011108,False,35,0.0,13.057480216026303,3
Chris Brooks,RB,2026,2,2026,9,7,0.0,0.9270438551902771,False,42,0.0,12.540599954128261,3
Chris Brooks,RB,2026,2,2026,10,8,0.0,1.0047792196273804,False,49,0.0,12.021706748008722,3
Chris Brooks,RB,2026,2,2026,11,9,0.0,1.0702953338623047,False,56,0.0,10.976173782348605,3
Chris Brooks,RB,2026,2,2026,12,10,0.0,1.1098434925079346,False,63,0.0,10.380815863609314,3
Chris Brooks,RB,2026,2,2026,13,11,0.0,1.1894712448120117,False,70,0.0,10.19211564064025,3
Chris Brooks,RB,2026,2,2026,14,12,0.0,1.2541719675064087,False,77,0.0,9.701006817817682,3
Chris Brooks,RB,2026,2,2026,15,13,0.0,1.3392411470413208,False,84,0.0,8.986229634284964,3
Chris Brooks,RB,2026,2,2026,16,14,0.0,1.4334322214126587,False,91,0.0,7.046611547470087,3
Chris Brooks,RB,2026,2,2026,17,15,0.0,1.5200481414794922,False,98,0.0,5.124542045593221,3
Chris Godwin Jr.,WR,2026,2,2026,3,1,0.0,8.676352500915527,False,0,0.0,23.39211244583128,3
Chris Godwin Jr.,WR,2026,2,2026,4,2,0.0,8.58682632446289,False,7,0.0,22.748138809204093,3
Chris Godwin Jr.,WR,2026,2,2026,5,3,0.0,8.5875883102417,False,14,0.0,22.116817569732657,3
Chris Godwin Jr.,WR,2026,2,2026,6,4,0.0,8.677950859069824,False,21,0.0,22.22950334548949,3
Chris Godwin Jr.,WR,2026,2,2026,7,5,0.0,8.652289390563965,False,28,0.0,21.59528200626373,3
Chris Godwin Jr.,WR,2026,2,2026,8,6,0.0,8.406660079956055,False,35,0.0,20.623352050781246,3
Chris Godwin Jr.,WR,2026,2,2026,9,7,0.0,8.06651782989502,False,42,0.0,19.680073928833004,3
Chris Godwin Jr.,WR,2026,2,2026,10,8,0.0,7.774625778198242,False,49,0.0,18.791553306579583,3
Chris Godwin Jr.,WR,2026,2,2026,11,9,0.0,7.431520938873291,False,56,0.0,17.33739938735959,3
Chris Godwin Jr.,WR,2026,2,2026,12,10,0.0,7.12620210647583,False,63,0.0,16.39717447757721,3
Chris Godwin Jr.,WR,2026,2,2026,13,11,0.0,6.852388858795166,False,70,0.0,15.855033254623404,3
Chris Godwin Jr.,WR,2026,2,2026,14,12,0.0,6.636322975158691,False,77,0.0,15.083157825469964,3
Chris Godwin Jr.,WR,2026,2,2026,15,13,0.0,6.4154744148254395,False,84,0.0,14.062462902069083,3
Chris Godwin Jr.,WR,2026,2,2026,16,14,0.0,6.2346696853637695,False,91,0.0,11.847849011421197,3
Chris Godwin Jr.,WR,2026,2,2026,17,15,0.0,6.089888095855713,False,98,0.0,9.69438199996944,3
Chris Moore,WR,2026,2,2026,3,1,0.0,5.091477870941162,False,0,0.0,19.807237815856915,3
Chris Moore,WR,2026,2,2026,4,2,0.0,5.124527454376221,False,7,0.0,19.285839939117423,3
Chris Moore,WR,2026,2,2026,5,3,0.0,5.5009074211120605,False,14,0.0,19.030136680603018,3
Chris Moore,WR,2026,2,2026,6,4,0.0,5.967191219329834,False,21,0.0,19.5187437057495,3
Chris Moore,WR,2026,2,2026,7,5,0.0,6.552872180938721,False,28,0.0,19.495864796638486,3
Chris Moore,WR,2026,2,2026,8,6,0.0,7.235698223114014,False,35,0.0,19.452390193939205,3
Chris Moore,WR,2026,2,2026,9,7,0.0,7.720907688140869,False,42,0.0,19.334463787078853,3
Chris Moore,WR,2026,2,2026,10,8,0.0,8.010988235473633,False,49,0.0,19.027915763854974,3
Chris Moore,WR,2026,2,2026,11,9,0.0,8.033405303955078,False,56,0.0,17.939283752441376,3
Chris Moore,WR,2026,2,2026,12,10,0.0,7.984457492828369,False,63,0.0,17.25542986392975,3
Chris Moore,WR,2026,2,2026,13,11,0.0,7.926676273345947,False,70,0.0,16.929320669174185,3
Chris Moore,WR,2026,2,2026,14,12,0.0,7.867522716522217,False,77,0.0,16.31435756683349,3
Chris Moore,WR,2026,2,2026,15,13,0.0,7.770650386810303,False,84,0.0,15.417638874053946,3
Chris Moore,WR,2026,2,2026,16,14,0.0,7.679698944091797,False,91,0.0,13.292878270149224,3
Chris Moore,WR,2026,2,2026,17,15,0.0,7.578494548797607,False,98,0.0,11.182988452911335,3
Chris Olave,WR,2026,2,2026,3,1,0.0,12.829745292663574,False,0,1.731129837036132,27.545505237579327,3
Chris Olave,WR,2026,2,2026,4,2,0.0,12.674756050109863,False,7,0.0,26.836068534851066,3
Chris Olave,WR,2026,2,2026,5,3,0.0,12.479907989501953,False,14,0.0,26.00913724899291,3
Chris Olave,WR,2026,2,2026,6,4,0.0,12.525250434875488,False,21,0.0,26.076802921295155,3
Chris Olave,WR,2026,2,2026,7,5,0.0,12.74075984954834,False,28,0.0,25.683752465248105,3
Chris Olave,WR,2026,2,2026,8,6,0.0,12.85500431060791,False,35,0.0,25.071696281433102,3
Chris Olave,WR,2026,2,2026,9,7,0.0,12.857417106628418,False,42,0.0,24.470973205566402,3
Chris Olave,WR,2026,2,2026,10,8,0.0,12.830046653747559,False,49,0.0,23.8469741821289,3
Chris Olave,WR,2026,2,2026,11,9,0.0,12.741315841674805,False,56,0.0,22.647194290161103,3
Chris Olave,WR,2026,2,2026,12,10,0.0,12.647361755371094,False,63,0.0,21.918334126472473,3
Chris Olave,WR,2026,2,2026,13,11,0.0,12.599599838256836,False,70,0.0,21.602244234085074,3
Chris Olave,WR,2026,2,2026,14,12,0.0,12.568406105041504,False,77,0.0,21.015240955352777,3
Chris Olave,WR,2026,2,2026,15,13,0.0,12.487332344055176,False,84,0.0,20.13432083129882,3
Chris Olave,WR,2026,2,2026,16,14,0.0,12.437249183654785,False,91,0.0,18.050428509712212,3
Chris Olave,WR,2026,2,2026,17,15,0.0,12.388258934020996,False,98,0.0,15.992752838134724,3
Chris Rodriguez Jr.,RB,2026,2,2026,3,1,0.0,3.8723416328430176,False,0,0.0,18.58810157775877,3
Chris Rodriguez Jr.,RB,2026,2,2026,4,2,0.0,3.3331403732299805,False,7,0.0,17.494452857971183,3
Chris Rodriguez Jr.,RB,2026,2,2026,5,3,0.0,3.260146141052246,False,14,0.0,16.789375400543204,3
Chris Rodriguez Jr.,RB,2026,2,2026,6,4,0.0,3.240593194961548,False,21,0.0,16.792145681381214,3
Chris Rodriguez Jr.,RB,2026,2,2026,7,5,0.0,3.201136350631714,False,28,0.0,16.14412896633148,3
Chris Rodriguez Jr.,RB,2026,2,2026,8,6,0.0,3.228209972381592,False,35,0.0,15.444901943206784,3
Chris Rodriguez Jr.,RB,2026,2,2026,9,7,0.0,3.35322904586792,False,42,0.0,14.966785144805904,3
Chris Rodriguez Jr.,RB,2026,2,2026,10,8,0.0,3.6320106983184814,False,49,0.0,14.648938226699823,3
Chris Rodriguez Jr.,RB,2026,2,2026,11,9,0.0,4.014682292938232,False,56,0.0,13.920560741424532,3
Chris Rodriguez Jr.,RB,2026,2,2026,12,10,0.0,4.57663106918335,False,63,0.0,13.847603440284729,3
Chris Rodriguez Jr.,RB,2026,2,2026,13,11,0.0,5.326385974884033,False,70,0.0,14.329030370712271,3
Chris Rodriguez Jr.,RB,2026,2,2026,14,12,0.0,6.154483795166016,False,77,0.0,14.601318645477289,3
Chris Rodriguez Jr.,RB,2026,2,2026,15,13,0.0,6.927811145782471,False,84,0.0,14.574799633026114,3
Chris Rodriguez Jr.,RB,2026,2,2026,16,14,0.0,7.485929012298584,False,91,0.0,13.099108338356011,3
Chris Rodriguez Jr.,RB,2026,2,2026,17,15,0.0,7.691044330596924,False,98,0.0,11.295538234710651,3
Christian McCaffrey,RB,2026,2,2026,3,1,0.0,18.69383430480957,False,0,7.595218849182128,33.40959424972532,3
Christian McCaffrey,RB,2026,2,2026,4,2,0.0,20.84105682373047,False,7,7.173762607574462,35.00236930847167,3
Christian McCaffrey,RB,2026,2,2026,5,3,0.0,20.66973114013672,False,14,6.542145824432373,34.19896039962768,3
Christian McCaffrey,RB,2026,2,2026,6,4,0.0,20.638015747070312,False,21,6.350261497497559,34.18956823348998,3
Christian McCaffrey,RB,2026,2,2026,7,5,0.0,20.672964096069336,False,28,6.234513854980468,33.6159567117691,3
Christian McCaffrey,RB,2026,2,2026,8,6,0.0,20.71733856201172,False,35,6.1839373588562,32.934030532836914,3
Christian McCaffrey,RB,2026,2,2026,9,7,0.0,20.721696853637695,False,42,6.11604413986206,32.33525295257568,3
Christian McCaffrey,RB,2026,2,2026,10,8,0.0,20.72673988342285,False,49,6.071291637420654,31.743667411804193,3
Christian McCaffrey,RB,2026,2,2026,11,9,0.0,20.692787170410156,False,56,5.990970134735109,30.598665618896455,3
Christian McCaffrey,RB,2026,2,2026,12,10,0.0,20.681556701660156,False,63,5.916829776763917,29.952529072761536,3
Christian McCaffrey,RB,2026,2,2026,13,11,0.0,20.59957504272461,False,70,5.7883013725280765,29.602219438552847,3
Christian McCaffrey,RB,2026,2,2026,14,12,0.0,20.482379913330078,False,77,5.639574909210205,28.92921476364135,3
Christian McCaffrey,RB,2026,2,2026,15,13,0.0,20.336406707763672,False,84,5.4838091850280755,27.983395195007315,3
Christian McCaffrey,RB,2026,2,2026,16,14,0.0,20.13327407836914,False,91,5.2499812126159675,25.746453404426568,3
Christian McCaffrey,RB,2026,2,2026,17,15,0.0,19.914432525634766,False,98,5.035441303253174,23.518926429748493,3
Christian Watson,WR,2026,2,2026,3,1,0.0,15.37783145904541,False,0,4.279216003417968,30.093591403961163,3
Christian Watson,WR,2026,2,2026,4,2,0.0,15.091508865356445,False,7,1.4242146492004384,29.252821350097648,3
Christian Watson,WR,2026,2,2026,5,3,0.0,15.034287452697754,False,14,0.9067021369934078,28.56351671218871,3
Christian Watson,WR,2026,2,2026,6,4,0.0,15.505023002624512,False,21,1.2172687530517585,29.056575489044178,3
Christian Watson,WR,2026,2,2026,7,5,0.0,15.948728561401367,False,28,1.5102783203124996,28.891721177101132,3
Christian Watson,WR,2026,2,2026,8,6,0.0,16.08061408996582,False,35,1.5472128868103017,28.297306060791012,3
Christian Watson,WR,2026,2,2026,9,7,0.0,16.02614974975586,False,42,1.4204970359802243,27.639705848693843,3
Christian Watson,WR,2026,2,2026,10,8,0.0,16.025775909423828,False,49,1.3703276634216301,27.04270343780517,3
Christian Watson,WR,2026,2,2026,11,9,0.0,16.02165412902832,False,56,1.3198370933532733,25.92753257751462,3
Christian Watson,WR,2026,2,2026,12,10,0.0,16.03359603881836,False,63,1.2688691139221202,25.30456840991974,3
Christian Watson,WR,2026,2,2026,13,11,0.0,16.031095504760742,False,70,1.2198218345642093,25.03373990058898,3
Christian Watson,WR,2026,2,2026,14,12,0.0,15.991044044494629,False,77,1.1482390403747562,24.437878894805902,3
Christian Watson,WR,2026,2,2026,15,13,0.0,15.93051815032959,False,84,1.0779206275939934,23.577506637573233,3
Christian Watson,WR,2026,2,2026,16,14,0.0,15.808737754821777,False,91,0.9254448890686042,21.421917080879204,3
Christian Watson,WR,2026,2,2026,17,15,0.0,15.698614120483398,False,98,0.819622898101807,19.303108024597126,3
Chuba Hubbard,RB,2026,2,2026,3,1,0.0,5.722451686859131,False,0,0.0,20.438211631774884,3
Chuba Hubbard,RB,2026,2,2026,4,2,0.0,5.5918731689453125,False,7,0.0,19.753185653686515,3
Chuba Hubbard,RB,2026,2,2026,5,3,0.0,5.626884460449219,False,14,0.0,19.156113719940176,3
Chuba Hubbard,RB,2026,2,2026,6,4,0.0,5.671802043914795,False,21,0.0,19.22335453033446,3
Chuba Hubbard,RB,2026,2,2026,7,5,0.0,5.644989490509033,False,28,0.0,18.5879821062088,3
Chuba Hubbard,RB,2026,2,2026,8,6,0.0,5.584017276763916,False,35,0.0,17.800709247589108,3
Chuba Hubbard,RB,2026,2,2026,9,7,0.0,5.559998035430908,False,42,0.0,17.173554134368892,3
Chuba Hubbard,RB,2026,2,2026,10,8,0.0,5.6559062004089355,False,49,0.0,16.672833728790277,3
Chuba Hubbard,RB,2026,2,2026,11,9,0.0,5.748898029327393,False,56,0.0,15.654776477813693,3
Chuba Hubbard,RB,2026,2,2026,12,10,0.0,5.856410503387451,False,63,0.0,15.12738287448883,3
Chuba Hubbard,RB,2026,2,2026,13,11,0.0,5.960480213165283,False,70,0.0,14.963124608993521,3
Chuba Hubbard,RB,2026,2,2026,14,12,0.0,6.0428385734558105,False,77,0.0,14.489673423767083,3
Chuba Hubbard,RB,2026,2,2026,15,13,0.0,6.067576885223389,False,84,0.0,13.714565372467032,3
Chuba Hubbard,RB,2026,2,2026,16,14,0.0,6.0890913009643555,False,91,0.0,11.702270627021782,3
Chuba Hubbard,RB,2026,2,2026,17,15,0.0,6.088029861450195,False,98,0.0,9.692523765563923,3
Cody White,WR,2026,2,2026,3,1,0.0,1.383894920349121,False,0,0.0,16.099654865264874,3
Cody White,WR,2026,2,2026,4,2,0.0,1.1904536485671997,False,7,0.0,15.351766133308404,3
Cody White,WR,2026,2,2026,5,3,0.0,1.3359315395355225,False,14,0.0,14.86516079902648,3
Cody White,WR,2026,2,2026,6,4,0.0,1.4664610624313354,False,21,0.0,15.018013548851,3
Cody White,WR,2026,2,2026,7,5,0.0,1.5343425273895264,False,28,0.0,14.477335143089292,3
Cody White,WR,2026,2,2026,8,6,0.0,1.646366000175476,False,35,0.0,13.863057971000668,3
Cody White,WR,2026,2,2026,9,7,0.0,1.766719102859497,False,42,0.0,13.380275201797481,3
Cody White,WR,2026,2,2026,10,8,0.0,1.9070305824279785,False,49,0.0,12.92395811080932,3
Cody White,WR,2026,2,2026,11,9,0.0,2.0333588123321533,False,56,0.0,11.939237260818453,3
Cody White,WR,2026,2,2026,12,10,0.0,2.161418914794922,False,63,0.0,11.432391285896301,3
Cody White,WR,2026,2,2026,13,11,0.0,2.3437044620513916,False,70,0.0,11.34634885787963,3
Cody White,WR,2026,2,2026,14,12,0.0,2.4970602989196777,False,77,0.0,10.94389514923095,3
Cody White,WR,2026,2,2026,15,13,0.0,2.6747183799743652,False,84,0.0,10.321706867218008,3
Cody White,WR,2026,2,2026,16,14,0.0,2.835524320602417,False,91,0.0,8.448703646659844,3
Cody White,WR,2026,2,2026,17,15,0.0,2.967714548110962,False,98,0.0,6.57220845222469,3
Colbie Young,WR,2026,2,2026,3,1,0.0,1.409989356994629,False,0,0.0,16.125749301910382,3
Colbie Young,WR,2026,2,2026,4,2,0.0,1.1035281419754028,False,7,0.0,15.264840626716607,3
Colbie Young,WR,2026,2,2026,5,3,0.0,1.1369906663894653,False,14,0.0,14.666219925880423,3
Colbie Young,WR,2026,2,2026,6,4,0.0,1.1881240606307983,False,21,0.0,14.739676547050463,3
Colbie Young,WR,2026,2,2026,7,5,0.0,1.1990740299224854,False,28,0.0,14.14206664562225,3
Colbie Young,WR,2026,2,2026,8,6,0.0,1.2473124265670776,False,35,0.0,13.46400439739227,3
Colbie Young,WR,2026,2,2026,9,7,0.0,1.3009427785873413,False,42,0.0,12.914498877525325,3
Colbie Young,WR,2026,2,2026,10,8,0.0,1.3636343479156494,False,49,0.0,12.38056187629699,3
Colbie Young,WR,2026,2,2026,11,9,0.0,1.4161436557769775,False,56,0.0,11.322022104263278,3
Colbie Young,WR,2026,2,2026,12,10,0.0,1.4505995512008667,False,63,0.0,10.721571922302246,3
Colbie Young,WR,2026,2,2026,13,11,0.0,1.5252323150634766,False,70,0.0,10.527876710891714,3
Colbie Young,WR,2026,2,2026,14,12,0.0,1.5726598501205444,False,77,0.0,10.019494700431817,3
Colbie Young,WR,2026,2,2026,15,13,0.0,1.6430000066757202,False,84,0.0,9.289988493919363,3
Colbie Young,WR,2026,2,2026,16,14,0.0,1.7134668827056885,False,91,0.0,7.326646208763116,3
Colbie Young,WR,2026,2,2026,17,15,0.0,1.770077109336853,False,98,0.0,5.3745710134505815,3
Connor Heyward,RB,2026,2,2026,3,1,0.0,1.5892095565795898,False,0,0.0,16.304969501495343,3
Connor Heyward,RB,2026,2,2026,4,2,0.0,1.2363871335983276,False,7,0.0,15.397699618339532,3
Connor Heyward,RB,2026,2,2026,5,3,0.0,1.2815767526626587,False,14,0.0,14.810806012153616,3
Connor Heyward,RB,2026,2,2026,6,4,0.0,1.3395999670028687,False,21,0.0,14.891152453422533,3
Connor Heyward,RB,2026,2,2026,7,5,0.0,1.3606675863265991,False,28,0.0,14.303660202026364,3
Connor Heyward,RB,2026,2,2026,8,6,0.0,1.4305163621902466,False,35,0.0,13.647208333015438,3
Connor Heyward,RB,2026,2,2026,9,7,0.0,1.5156983137130737,False,42,0.0,13.129254412651058,3
Connor Heyward,RB,2026,2,2026,10,8,0.0,1.6277868747711182,False,49,0.0,12.64471440315246,3
Connor Heyward,RB,2026,2,2026,11,9,0.0,1.7363766431808472,False,56,0.0,11.642255091667147,3
Connor Heyward,RB,2026,2,2026,12,10,0.0,1.8469737768173218,False,63,0.0,11.117946147918701,3
Connor Heyward,RB,2026,2,2026,13,11,0.0,2.006486177444458,False,70,0.0,11.009130573272696,3
Connor Heyward,RB,2026,2,2026,14,12,0.0,2.129564046859741,False,77,0.0,10.576398897171014,3
Connor Heyward,RB,2026,2,2026,15,13,0.0,2.2780823707580566,False,84,0.0,9.9250708580017,3
Connor Heyward,RB,2026,2,2026,16,14,0.0,2.403012275695801,False,91,0.0,8.016191601753228,3
Connor Heyward,RB,2026,2,2026,17,15,0.0,2.4858036041259766,False,98,0.0,6.090297508239705,3
Cooper Kupp,WR,2026,2,2026,3,1,0.0,5.605795383453369,False,0,0.0,20.321555328369122,3
Cooper Kupp,WR,2026,2,2026,4,2,0.0,5.16300630569458,False,7,0.0,19.324318790435782,3
Cooper Kupp,WR,2026,2,2026,5,3,0.0,5.093060493469238,False,14,0.0,18.622289752960196,3
Cooper Kupp,WR,2026,2,2026,6,4,0.0,5.100845813751221,False,21,0.0,18.652398300170887,3
Cooper Kupp,WR,2026,2,2026,7,5,0.0,5.12667989730835,False,28,0.0,18.069672513008115,3
Cooper Kupp,WR,2026,2,2026,8,6,0.0,5.20776891708374,False,35,0.0,17.424460887908932,3
Cooper Kupp,WR,2026,2,2026,9,7,0.0,5.387330532073975,False,42,0.0,17.00088663101196,3
Cooper Kupp,WR,2026,2,2026,10,8,0.0,5.752795219421387,False,49,0.0,16.769722747802728,3
Cooper Kupp,WR,2026,2,2026,11,9,0.0,6.2326436042785645,False,56,0.0,16.138522052764863,3
Cooper Kupp,WR,2026,2,2026,12,10,0.0,6.876906871795654,False,63,0.0,16.147879242897034,3
Cooper Kupp,WR,2026,2,2026,13,11,0.0,7.68745231628418,False,70,0.0,16.690096712112418,3
Cooper Kupp,WR,2026,2,2026,14,12,0.0,8.561928749084473,False,77,0.0,17.008763599395746,3
Cooper Kupp,WR,2026,2,2026,15,13,0.0,9.310088157653809,False,84,0.0,16.95707664489745,3
Cooper Kupp,WR,2026,2,2026,16,14,0.0,9.770821571350098,False,91,0.0,15.384000897407525,3
Cooper Kupp,WR,2026,2,2026,17,15,0.0,9.954816818237305,False,98,0.0,13.559310722351032,3
Corey Kiner,RB,2026,2,2026,3,1,0.0,2.3467442989349365,False,0,0.0,17.06250424385069,3
Corey Kiner,RB,2026,2,2026,4,2,0.0,2.144000291824341,False,7,0.0,16.305312776565543,3
Corey Kiner,RB,2026,2,2026,5,3,0.0,2.297104835510254,False,14,0.0,15.826334095001211,3
Corey Kiner,RB,2026,2,2026,6,4,0.0,2.409393072128296,False,21,0.0,15.96094555854796,3
Corey Kiner,RB,2026,2,2026,7,5,0.0,2.479043960571289,False,28,0.0,15.422036576271054,3
Corey Kiner,RB,2026,2,2026,8,6,0.0,2.618353843688965,False,35,0.0,14.835045814514157,3
Corey Kiner,RB,2026,2,2026,9,7,0.0,2.785318613052368,False,42,0.0,14.398874711990352,3
Corey Kiner,RB,2026,2,2026,10,8,0.0,3.0042436122894287,False,49,0.0,14.02117114067077,3
Corey Kiner,RB,2026,2,2026,11,9,0.0,3.203481674194336,False,56,0.0,13.109360122680636,3
Corey Kiner,RB,2026,2,2026,12,10,0.0,3.4160797595977783,False,63,0.0,12.687052130699158,3
Corey Kiner,RB,2026,2,2026,13,11,0.0,3.670510768890381,False,70,0.0,12.673155164718619,3
Corey Kiner,RB,2026,2,2026,14,12,0.0,3.878939628601074,False,77,0.0,12.325774478912347,3
Corey Kiner,RB,2026,2,2026,15,13,0.0,4.09239387512207,False,84,0.0,11.739382362365713,3
Corey Kiner,RB,2026,2,2026,16,14,0.0,4.259896755218506,False,91,0.0,9.873076081275933,3
Corey Kiner,RB,2026,2,2026,17,15,0.0,4.37448263168335,False,98,0.0,7.978976535797078,3
Courtland Sutton,WR,2026,2,2026,3,1,0.0,14.302374839782715,False,0,3.2037593841552727,29.018134784698468,3
Courtland Sutton,WR,2026,2,2026,4,2,0.0,14.390789031982422,False,7,0.723494815826415,28.552101516723624,3
Courtland Sutton,WR,2026,2,2026,5,3,0.0,14.358120918273926,False,14,0.23053560256957972,27.887350177764883,3
Courtland Sutton,WR,2026,2,2026,6,4,0.0,14.369736671447754,False,21,0.08198242187500071,27.92128915786742,3
Courtland Sutton,WR,2026,2,2026,7,5,0.0,14.255276679992676,False,28,0.0,27.19826929569244,3
Courtland Sutton,WR,2026,2,2026,8,6,0.0,13.966480255126953,False,35,0.0,26.183172225952145,3
Courtland Sutton,WR,2026,2,2026,9,7,0.0,13.703150749206543,False,42,0.0,25.316706848144527,3
Courtland Sutton,WR,2026,2,2026,10,8,0.0,13.539166450500488,False,49,0.0,24.55609397888183,3
Courtland Sutton,WR,2026,2,2026,11,9,0.0,13.383524894714355,False,56,0.0,23.289403343200654,3
Courtland Sutton,WR,2026,2,2026,12,10,0.0,13.254170417785645,False,63,0.0,22.525142788887024,3
Courtland Sutton,WR,2026,2,2026,13,11,0.0,13.16075611114502,False,70,0.0,22.163400506973257,3
Courtland Sutton,WR,2026,2,2026,14,12,0.0,13.08497142791748,False,77,0.0,21.531806278228753,3
Courtland Sutton,WR,2026,2,2026,15,13,0.0,12.971562385559082,False,84,0.0,20.618550872802725,3
Courtland Sutton,WR,2026,2,2026,16,14,0.0,12.868634223937988,False,91,0.0,18.481813549995415,3
Courtland Sutton,WR,2026,2,2026,17,15,0.0,12.788407325744629,False,98,0.0,16.392901229858357,3
Cyrus Allen,WR,2026,2,2026,3,1,0.0,1.666739583015442,False,0,0.0,16.382499527931195,3
Cyrus Allen,WR,2026,2,2026,4,2,0.0,1.357911229133606,False,7,0.0,15.51922371387481,3
Cyrus Allen,WR,2026,2,2026,5,3,0.0,1.4216768741607666,False,14,0.0,14.950906133651724,3
Cyrus Allen,WR,2026,2,2026,6,4,0.0,1.487200379371643,False,21,0.0,15.038752865791308,3
Cyrus Allen,WR,2026,2,2026,7,5,0.0,1.513135552406311,False,28,0.0,14.456128168106076,3
Cyrus Allen,WR,2026,2,2026,8,6,0.0,1.5886571407318115,False,35,0.0,13.805349111557003,3
Cyrus Allen,WR,2026,2,2026,9,7,0.0,1.676702618598938,False,42,0.0,13.290258717536922,3
Cyrus Allen,WR,2026,2,2026,10,8,0.0,1.789620041847229,False,49,0.0,12.80654757022857,3
Cyrus Allen,WR,2026,2,2026,11,9,0.0,1.8928625583648682,False,56,0.0,11.798741006851168,3
Cyrus Allen,WR,2026,2,2026,12,10,0.0,1.9955452680587769,False,63,0.0,11.266517639160156,3
Cyrus Allen,WR,2026,2,2026,13,11,0.0,2.14371919631958,False,70,0.0,11.146363592147818,3
Cyrus Allen,WR,2026,2,2026,14,12,0.0,2.252389430999756,False,77,0.0,10.699224281311029,3
Cyrus Allen,WR,2026,2,2026,15,13,0.0,2.383574962615967,False,84,0.0,10.03056344985961,3
Cyrus Allen,WR,2026,2,2026,16,14,0.0,2.491129159927368,False,91,0.0,8.104308485984795,3
Cyrus Allen,WR,2026,2,2026,17,15,0.0,2.563434600830078,False,98,0.0,6.167928504943807,3
D'Andre Swift,RB,2026,2,2026,3,1,0.0,15.744356155395508,False,0,4.645740699768066,30.46011610031126,3
D'Andre Swift,RB,2026,2,2026,4,2,0.0,15.87325382232666,False,7,2.2059596061706532,30.034566307067863,3
D'Andre Swift,RB,2026,2,2026,5,3,0.0,15.95217227935791,False,14,1.824586963653564,29.481401538848868,3
D'Andre Swift,RB,2026,2,2026,6,4,0.0,16.19335174560547,False,21,1.9055974960327156,29.744904232025135,3
D'Andre Swift,RB,2026,2,2026,7,5,0.0,16.263641357421875,False,28,1.8251911163330075,29.20663397312164,3
D'Andre Swift,RB,2026,2,2026,8,6,0.0,16.125463485717773,False,35,1.5920622825622548,28.342155456542965,3
D'Andre Swift,RB,2026,2,2026,9,7,0.0,15.924323081970215,False,42,1.3186703681945797,27.5378791809082,3
D'Andre Swift,RB,2026,2,2026,10,8,0.0,15.748077392578125,False,49,1.092629146575927,26.765004920959466,3
D'Andre Swift,RB,2026,2,2026,11,9,0.0,15.565726280212402,False,56,0.8639092445373553,25.4716047286987,3
D'Andre Swift,RB,2026,2,2026,12,10,0.0,15.464621543884277,False,63,0.6998946189880382,24.735593914985657,3
D'Andre Swift,RB,2026,2,2026,13,11,0.0,15.403200149536133,False,70,0.5919264793396,24.40584454536437,3
D'Andre Swift,RB,2026,2,2026,14,12,0.0,15.348287582397461,False,77,0.5054825782775882,23.795122432708734,3
D'Andre Swift,RB,2026,2,2026,15,13,0.0,15.269529342651367,False,84,0.4169318199157708,22.91651782989501,3
D'Andre Swift,RB,2026,2,2026,16,14,0.0,15.14786148071289,False,91,0.2645686149597175,20.761040806770318,3
D'Andre Swift,RB,2026,2,2026,17,15,0.0,15.038269996643066,False,98,0.15927877426147496,18.642763900756794,3
DJ Giddens,RB,2026,2,2026,3,1,0.0,1.0665048360824585,False,0,0.0,15.782264780998212,3
DJ Giddens,RB,2026,2,2026,4,2,0.0,0.9214372038841248,False,7,0.0,15.082749688625329,3
DJ Giddens,RB,2026,2,2026,5,3,0.0,1.0186196565628052,False,14,0.0,14.547848916053763,3
DJ Giddens,RB,2026,2,2026,6,4,0.0,1.1271017789840698,False,21,0.0,14.678654265403734,3
DJ Giddens,RB,2026,2,2026,7,5,0.0,1.17375648021698,False,28,0.0,14.116749095916745,3
DJ Giddens,RB,2026,2,2026,8,6,0.0,1.2456308603286743,False,35,0.0,13.462322831153866,3
DJ Giddens,RB,2026,2,2026,9,7,0.0,1.310839295387268,False,42,0.0,12.924395394325252,3
DJ Giddens,RB,2026,2,2026,10,8,0.0,1.3719394207000732,False,49,0.0,12.388866949081415,3
DJ Giddens,RB,2026,2,2026,11,9,0.0,1.4118973016738892,False,56,0.0,11.31777575016019,3
DJ Giddens,RB,2026,2,2026,12,10,0.0,1.4272289276123047,False,63,0.0,10.698201298713684,3
DJ Giddens,RB,2026,2,2026,13,11,0.0,1.4802912473678589,False,70,0.0,10.482935643196097,3
DJ Giddens,RB,2026,2,2026,14,12,0.0,1.5168014764785767,False,77,0.0,9.96363632678985,3
DJ Giddens,RB,2026,2,2026,15,13,0.0,1.5672111511230469,False,84,0.0,9.21419963836669,3
DJ Giddens,RB,2026,2,2026,16,14,0.0,1.6287271976470947,False,91,0.0,7.241906523704523,3
DJ Giddens,RB,2026,2,2026,17,15,0.0,1.6886048316955566,False,98,0.0,5.293098735809285,3
DJ Herman,RB,2026,2,2026,3,1,0.0,1.7979347705841064,False,0,0.0,16.51369471549986,3
DJ Herman,RB,2026,2,2026,4,2,0.0,1.4762791395187378,False,7,0.0,15.637591624259942,3
DJ Herman,RB,2026,2,2026,5,3,0.0,1.5379173755645752,False,14,0.0,15.067146635055533,3
DJ Herman,RB,2026,2,2026,6,4,0.0,1.5983235836029053,False,21,0.0,15.14987607002257,3
DJ Herman,RB,2026,2,2026,7,5,0.0,1.6333351135253906,False,28,0.0,14.576327729225156,3
DJ Herman,RB,2026,2,2026,8,6,0.0,1.7306079864501953,False,35,0.0,13.947299957275387,3
DJ Herman,RB,2026,2,2026,9,7,0.0,1.8542078733444214,False,42,0.0,13.467763972282405,3
DJ Herman,RB,2026,2,2026,10,8,0.0,2.0272672176361084,False,49,0.0,13.04419474601745,3
DJ Herman,RB,2026,2,2026,11,9,0.0,2.2014389038085938,False,56,0.0,12.107317352294894,3
DJ Herman,RB,2026,2,2026,12,10,0.0,2.3972253799438477,False,63,0.0,11.668197751045227,3
DJ Herman,RB,2026,2,2026,13,11,0.0,2.643256187438965,False,70,0.0,11.645900583267203,3
DJ Herman,RB,2026,2,2026,14,12,0.0,2.8421387672424316,False,77,0.0,11.288973617553705,3
DJ Herman,RB,2026,2,2026,15,13,0.0,3.057528495788574,False,84,0.0,10.704516983032217,3
DJ Herman,RB,2026,2,2026,16,14,0.0,3.226565361022949,False,91,0.0,8.839744687080376,3
DJ Herman,RB,2026,2,2026,17,15,0.0,3.3237271308898926,False,98,0.0,6.928221035003621,3
DJ Moore,WR,2026,2,2026,3,1,0.0,6.523331642150879,False,0,0.0,21.239091587066632,3
DJ Moore,WR,2026,2,2026,4,2,0.0,6.327540874481201,False,7,0.0,20.488853359222404,3
DJ Moore,WR,2026,2,2026,5,3,0.0,6.2904767990112305,False,14,0.0,19.819706058502188,3
DJ Moore,WR,2026,2,2026,6,4,0.0,6.267075061798096,False,21,0.0,19.818627548217762,3
DJ Moore,WR,2026,2,2026,7,5,0.0,6.186524391174316,False,28,0.0,19.12951700687408,3
DJ Moore,WR,2026,2,2026,8,6,0.0,6.0682902336120605,False,35,0.0,18.284982204437252,3
DJ Moore,WR,2026,2,2026,9,7,0.0,6.009851932525635,False,42,0.0,17.62340803146362,3
DJ Moore,WR,2026,2,2026,10,8,0.0,6.067352771759033,False,49,0.0,17.084280300140374,3
DJ Moore,WR,2026,2,2026,11,9,0.0,6.058322429656982,False,56,0.0,15.964200878143282,3
DJ Moore,WR,2026,2,2026,12,10,0.0,6.011962413787842,False,63,0.0,15.282934784889221,3
DJ Moore,WR,2026,2,2026,13,11,0.0,5.956873416900635,False,70,0.0,14.959517812728873,3
DJ Moore,WR,2026,2,2026,14,12,0.0,5.905534267425537,False,77,0.0,14.35236911773681,3
DJ Moore,WR,2026,2,2026,15,13,0.0,5.813394069671631,False,84,0.0,13.460382556915274,3
DJ Moore,WR,2026,2,2026,16,14,0.0,5.749810695648193,False,91,0.0,11.36299002170562,3
DJ Moore,WR,2026,2,2026,17,15,0.0,5.698187351226807,False,98,0.0,9.302681255340534,3
DK Metcalf,WR,2026,2,2026,3,1,0.0,13.539834976196289,False,0,2.441219520568847,28.255594921112042,3
DK Metcalf,WR,2026,2,2026,4,2,0.0,13.613601684570312,False,7,0.0,27.774914169311515,3
DK Metcalf,WR,2026,2,2026,5,3,0.0,13.530940055847168,False,14,0.0,27.060169315338126,3
DK Metcalf,WR,2026,2,2026,6,4,0.0,13.45055866241455,False,21,0.0,27.002111148834217,3
DK Metcalf,WR,2026,2,2026,7,5,0.0,13.256806373596191,False,28,0.0,26.199798989295957,3
DK Metcalf,WR,2026,2,2026,8,6,0.0,12.894851684570312,False,35,0.0,25.111543655395504,3
DK Metcalf,WR,2026,2,2026,9,7,0.0,12.583880424499512,False,42,0.0,24.197436523437496,3
DK Metcalf,WR,2026,2,2026,10,8,0.0,12.37690258026123,False,49,0.0,23.39383010864257,3
DK Metcalf,WR,2026,2,2026,11,9,0.0,12.176143646240234,False,56,0.0,22.082022094726533,3
DK Metcalf,WR,2026,2,2026,12,10,0.0,12.001130104064941,False,63,0.0,21.27210247516632,3
DK Metcalf,WR,2026,2,2026,13,11,0.0,11.875417709350586,False,70,0.0,20.878062105178824,3
DK Metcalf,WR,2026,2,2026,14,12,0.0,11.791975975036621,False,77,0.0,20.238810825347894,3
DK Metcalf,WR,2026,2,2026,15,13,0.0,11.650758743286133,False,84,0.0,19.297747230529776,3
DK Metcalf,WR,2026,2,2026,16,14,0.0,11.552021980285645,False,91,0.0,17.16520130634307,3
DK Metcalf,WR,2026,2,2026,17,15,0.0,11.474703788757324,False,98,0.0,15.079197692871052,3
Dareke Young,WR,2026,2,2026,3,1,0.0,1.454463243484497,False,0,0.0,16.17022318840025,3
Dareke Young,WR,2026,2,2026,4,2,0.0,1.261478304862976,False,7,0.0,15.42279078960418,3
Dareke Young,WR,2026,2,2026,5,3,0.0,1.3949321508407593,False,14,0.0,14.924161410331717,3
Dareke Young,WR,2026,2,2026,6,4,0.0,1.5205403566360474,False,21,0.0,15.072092843055712,3
Dareke Young,WR,2026,2,2026,7,5,0.0,1.5824984312057495,False,28,0.0,14.525491046905515,3
Dareke Young,WR,2026,2,2026,8,6,0.0,1.6849390268325806,False,35,0.0,13.901630997657772,3
Dareke Young,WR,2026,2,2026,9,7,0.0,1.7935160398483276,False,42,0.0,13.407072138786312,3
Dareke Young,WR,2026,2,2026,10,8,0.0,1.9184104204177856,False,49,0.0,12.935337948799127,3
Dareke Young,WR,2026,2,2026,11,9,0.0,2.025601387023926,False,56,0.0,11.931479835510226,3
Dareke Young,WR,2026,2,2026,12,10,0.0,2.1258647441864014,False,63,0.0,11.39683711528778,3
Dareke Young,WR,2026,2,2026,13,11,0.0,2.275618076324463,False,70,0.0,11.2782624721527,3
Dareke Young,WR,2026,2,2026,14,12,0.0,2.398049831390381,False,77,0.0,10.844884681701654,3
Dareke Young,WR,2026,2,2026,15,13,0.0,2.5381484031677246,False,84,0.0,10.185136890411368,3
Dareke Young,WR,2026,2,2026,16,14,0.0,2.6645212173461914,False,91,0.0,8.277700543403618,3
Dareke Young,WR,2026,2,2026,17,15,0.0,2.766117811203003,False,98,0.0,6.370611715316731,3
Darius Cooper,WR,2026,2,2026,3,1,0.0,1.8715630769729614,False,0,0.0,16.587323021888714,3
Darius Cooper,WR,2026,2,2026,4,2,0.0,1.7806299924850464,False,7,0.0,15.94194247722625,3
Darius Cooper,WR,2026,2,2026,5,3,0.0,1.9410840272903442,False,14,0.0,15.470313286781302,3
Darius Cooper,WR,2026,2,2026,6,4,0.0,2.0601742267608643,False,21,0.0,15.611726713180529,3
Darius Cooper,WR,2026,2,2026,7,5,0.0,2.114428997039795,False,28,0.0,15.05742161273956,3
Darius Cooper,WR,2026,2,2026,8,6,0.0,2.2013654708862305,False,35,0.0,14.418057441711422,3
Darius Cooper,WR,2026,2,2026,9,7,0.0,2.2827305793762207,False,42,0.0,13.896286678314205,3
Darius Cooper,WR,2026,2,2026,10,8,0.0,2.373852252960205,False,49,0.0,13.390779781341546,3
Darius Cooper,WR,2026,2,2026,11,9,0.0,2.4263248443603516,False,56,0.0,12.332203292846652,3
Darius Cooper,WR,2026,2,2026,12,10,0.0,2.468125343322754,False,63,0.0,11.739097714424133,3
Darius Cooper,WR,2026,2,2026,13,11,0.0,2.5474846363067627,False,70,0.0,11.550129032135,3
Darius Cooper,WR,2026,2,2026,14,12,0.0,2.5972204208374023,False,77,0.0,11.044055271148675,3
Darius Cooper,WR,2026,2,2026,15,13,0.0,2.662646770477295,False,84,0.0,10.309635257720938,3
Darius Cooper,WR,2026,2,2026,16,14,0.0,2.723691463470459,False,91,0.0,8.336870789527886,3
Darius Cooper,WR,2026,2,2026,17,15,0.0,2.7780823707580566,False,98,0.0,6.382576274871785,3
Darius Slayton,WR,2026,2,2026,3,1,0.0,5.633251667022705,False,0,0.0,20.349011611938458,3
Darius Slayton,WR,2026,2,2026,4,2,0.0,5.365029811859131,False,7,0.0,19.526342296600333,3
Darius Slayton,WR,2026,2,2026,5,3,0.0,5.4459147453308105,False,14,0.0,18.975144004821768,3
Darius Slayton,WR,2026,2,2026,6,4,0.0,5.5830535888671875,False,21,0.0,19.134606075286854,3
Darius Slayton,WR,2026,2,2026,7,5,0.0,5.7466254234313965,False,28,0.0,18.68961803913116,3
Darius Slayton,WR,2026,2,2026,8,6,0.0,5.993244171142578,False,35,0.0,18.20993614196777,3
Darius Slayton,WR,2026,2,2026,9,7,0.0,6.2973809242248535,False,42,0.0,17.910937023162838,3
Darius Slayton,WR,2026,2,2026,10,8,0.0,6.725400447845459,False,49,0.0,17.7423279762268,3
Darius Slayton,WR,2026,2,2026,11,9,0.0,7.105998516082764,False,56,0.0,17.011876964569062,3
Darius Slayton,WR,2026,2,2026,12,10,0.0,7.431541442871094,False,63,0.0,16.702513813972473,3
Darius Slayton,WR,2026,2,2026,13,11,0.0,7.639674663543701,False,70,0.0,16.64231905937194,3
Darius Slayton,WR,2026,2,2026,14,12,0.0,7.74542760848999,False,77,0.0,16.192262458801263,3
Darius Slayton,WR,2026,2,2026,15,13,0.0,7.734376907348633,False,84,0.0,15.381365394592276,3
Darius Slayton,WR,2026,2,2026,16,14,0.0,7.6869988441467285,False,91,0.0,13.300178170204155,3
Darius Slayton,WR,2026,2,2026,17,15,0.0,7.5970869064331055,False,98,0.0,11.201580810546833,3
Darnell Mooney,WR,2026,2,2026,3,1,0.0,5.04850959777832,False,0,0.0,19.764269542694073,3
Darnell Mooney,WR,2026,2,2026,4,2,0.0,4.85759162902832,False,7,0.0,19.018904113769523,3
Darnell Mooney,WR,2026,2,2026,5,3,0.0,5.061500072479248,False,14,0.0,18.590729331970206,3
Darnell Mooney,WR,2026,2,2026,6,4,0.0,5.299178600311279,False,21,0.0,18.850731086730946,3
Darnell Mooney,WR,2026,2,2026,7,5,0.0,5.58024263381958,False,28,0.0,18.523235249519345,3
Darnell Mooney,WR,2026,2,2026,8,6,0.0,5.994115352630615,False,35,0.0,18.210807323455807,3
Darnell Mooney,WR,2026,2,2026,9,7,0.0,6.471169948577881,False,42,0.0,18.084726047515865,3
Darnell Mooney,WR,2026,2,2026,10,8,0.0,7.0348381996154785,False,49,0.0,18.05176572799682,3
Darnell Mooney,WR,2026,2,2026,11,9,0.0,7.4552226066589355,False,56,0.0,17.361101055145234,3
Darnell Mooney,WR,2026,2,2026,12,10,0.0,7.748713970184326,False,63,0.0,17.019686341285706,3
Darnell Mooney,WR,2026,2,2026,13,11,0.0,7.917594909667969,False,70,0.0,16.920239305496207,3
Darnell Mooney,WR,2026,2,2026,14,12,0.0,7.987764835357666,False,77,0.0,16.43459968566894,3
Darnell Mooney,WR,2026,2,2026,15,13,0.0,7.962164402008057,False,84,0.0,15.6091528892517,3
Darnell Mooney,WR,2026,2,2026,16,14,0.0,7.908982753753662,False,91,0.0,13.522162079811089,3
Darnell Mooney,WR,2026,2,2026,17,15,0.0,7.825497150421143,False,98,0.0,11.42999105453487,3
Davante Adams,WR,2026,2,2026,3,1,0.0,15.625580787658691,False,0,4.526965332031249,30.341340732574444,3
Davante Adams,WR,2026,2,2026,4,2,0.0,15.7733793258667,False,7,2.1060851097106923,29.9346918106079,3
Davante Adams,WR,2026,2,2026,5,3,0.0,15.74396800994873,False,14,1.6163826942443844,29.273197269439688,3
Davante Adams,WR,2026,2,2026,6,4,0.0,15.739594459533691,False,21,1.4518402099609382,29.291146945953358,3
Davante Adams,WR,2026,2,2026,7,5,0.0,15.603553771972656,False,28,1.1651035308837887,28.54654638767242,3
Davante Adams,WR,2026,2,2026,8,6,0.0,15.303506851196289,False,35,0.7701056480407704,27.52019882202148,3
Davante Adams,WR,2026,2,2026,9,7,0.0,15.007035255432129,False,42,0.4013825416564938,26.620591354370113,3
Davante Adams,WR,2026,2,2026,10,8,0.0,14.813612937927246,False,49,0.15816469192504812,25.830540466308587,3
Davante Adams,WR,2026,2,2026,11,9,0.0,14.64953327178955,False,56,0.0,24.55541172027585,3
Davante Adams,WR,2026,2,2026,12,10,0.0,14.529644966125488,False,63,0.0,23.800617337226868,3
Davante Adams,WR,2026,2,2026,13,11,0.0,14.426885604858398,False,70,0.0,23.429530000686636,3
Davante Adams,WR,2026,2,2026,14,12,0.0,14.345422744750977,False,77,0.0,22.79225759506225,3
Davante Adams,WR,2026,2,2026,15,13,0.0,14.233576774597168,False,84,0.0,21.88056526184081,3
Davante Adams,WR,2026,2,2026,16,14,0.0,14.113341331481934,False,91,0.0,19.72652065753936,3
Davante Adams,WR,2026,2,2026,17,15,0.0,14.007842063903809,False,98,0.0,17.612335968017536,3
David Montgomery,RB,2026,2,2026,3,1,0.0,9.182269096374512,False,0,0.0,23.898029041290265,3
David Montgomery,RB,2026,2,2026,4,2,0.0,9.171090126037598,False,7,0.0,23.3324026107788,3
David Montgomery,RB,2026,2,2026,5,3,0.0,9.093579292297363,False,14,0.0,22.62280855178832,3
David Montgomery,RB,2026,2,2026,6,4,0.0,9.075050354003906,False,21,0.0,22.626602840423573,3
David Montgomery,RB,2026,2,2026,7,5,0.0,8.941158294677734,False,28,0.0,21.8841509103775,3
David Montgomery,RB,2026,2,2026,8,6,0.0,8.603768348693848,False,35,0.0,20.82046031951904,3
David Montgomery,RB,2026,2,2026,9,7,0.0,8.19398307800293,False,42,0.0,19.807539176940914,3
David Montgomery,RB,2026,2,2026,10,8,0.0,7.805309295654297,False,49,0.0,18.822236824035638,3
David Montgomery,RB,2026,2,2026,11,9,0.0,7.351263523101807,False,56,0.0,17.257141971588105,3
David Montgomery,RB,2026,2,2026,12,10,0.0,6.943307399749756,False,63,0.0,16.214279770851135,3
David Montgomery,RB,2026,2,2026,13,11,0.0,6.596741199493408,False,70,0.0,15.599385595321646,3
David Montgomery,RB,2026,2,2026,14,12,0.0,6.346280097961426,False,77,0.0,14.793114948272699,3
David Montgomery,RB,2026,2,2026,15,13,0.0,6.096606254577637,False,84,0.0,13.74359474182128,3
David Montgomery,RB,2026,2,2026,16,14,0.0,5.924551486968994,False,91,0.0,11.537730813026421,3
David Montgomery,RB,2026,2,2026,17,15,0.0,5.7974724769592285,False,98,0.0,9.401966381072956,3
De'Von Achane,RB,2026,2,2026,3,1,0.0,17.86245346069336,False,0,6.763838005065917,32.57821340560911,3
De'Von Achane,RB,2026,2,2026,4,2,0.0,18.565406799316406,False,7,4.898112583160399,32.72671928405761,3
De'Von Achane,RB,2026,2,2026,5,3,0.0,18.28951072692871,False,14,4.161925411224365,31.81873998641967,3
De'Von Achane,RB,2026,2,2026,6,4,0.0,17.99744415283203,False,21,3.709689903259278,31.548996639251698,3
De'Von Achane,RB,2026,2,2026,7,5,0.0,17.791942596435547,False,28,3.3534923553466793,30.734935212135312,3
De'Von Achane,RB,2026,2,2026,8,6,0.0,17.635969161987305,False,35,3.102567958831786,29.852661132812496,3
De'Von Achane,RB,2026,2,2026,9,7,0.0,17.503480911254883,False,42,2.8978281974792477,29.117037010192867,3
De'Von Achane,RB,2026,2,2026,10,8,0.0,17.43451690673828,False,49,2.7790686607360833,28.451444435119623,3
De'Von Achane,RB,2026,2,2026,11,9,0.0,17.34502410888672,False,56,2.6432070732116717,27.250902557373017,3
De'Von Achane,RB,2026,2,2026,12,10,0.0,17.281980514526367,False,63,2.517253589630128,26.552952885627747,3
De'Von Achane,RB,2026,2,2026,13,11,0.0,17.201772689819336,False,70,2.390499019622803,26.204417085647574,3
De'Von Achane,RB,2026,2,2026,14,12,0.0,17.076900482177734,False,77,2.2340954780578617,25.523735332489007,3
De'Von Achane,RB,2026,2,2026,15,13,0.0,16.94609260559082,False,84,2.093495082855224,24.593081092834463,3
De'Von Achane,RB,2026,2,2026,16,14,0.0,16.74627685546875,False,91,1.8629839897155769,22.359456181526177,3
De'Von Achane,RB,2026,2,2026,17,15,0.0,16.58405113220215,False,98,1.705059909820557,20.188545036315876,3
De'Zhaun Stribling,WR,2026,2,2026,3,1,0.0,1.7000950574874878,False,0,0.0,16.41585500240324,3
De'Zhaun Stribling,WR,2026,2,2026,4,2,0.0,1.3583365678787231,False,7,0.0,15.519649052619927,3
De'Zhaun Stribling,WR,2026,2,2026,5,3,0.0,1.4114265441894531,False,14,0.0,14.94065580368041,3
De'Zhaun Stribling,WR,2026,2,2026,6,4,0.0,1.4691632986068726,False,21,0.0,15.020715785026537,3
De'Zhaun Stribling,WR,2026,2,2026,7,5,0.0,1.4909558296203613,False,28,0.0,14.433948445320127,3
De'Zhaun Stribling,WR,2026,2,2026,8,6,0.0,1.562273383140564,False,35,0.0,13.778965353965756,3
De'Zhaun Stribling,WR,2026,2,2026,9,7,0.0,1.6474601030349731,False,42,0.0,13.261016201972957,3
De'Zhaun Stribling,WR,2026,2,2026,10,8,0.0,1.7590664625167847,False,49,0.0,12.775993990898126,3
De'Zhaun Stribling,WR,2026,2,2026,11,9,0.0,1.8625414371490479,False,56,0.0,11.768419885635348,3
De'Zhaun Stribling,WR,2026,2,2026,12,10,0.0,1.966063141822815,False,63,0.0,11.237035512924194,3
De'Zhaun Stribling,WR,2026,2,2026,13,11,0.0,2.1149730682373047,False,70,0.0,11.117617464065543,3
De'Zhaun Stribling,WR,2026,2,2026,14,12,0.0,2.223043918609619,False,77,0.0,10.669878768920892,3
De'Zhaun Stribling,WR,2026,2,2026,15,13,0.0,2.3532276153564453,False,84,0.0,10.000216102600088,3
De'Zhaun Stribling,WR,2026,2,2026,16,14,0.0,2.45953369140625,False,91,0.0,8.072713017463677,3
De'Zhaun Stribling,WR,2026,2,2026,17,15,0.0,2.5279247760772705,False,98,0.0,6.132418680190999,3
DeMario Douglas,WR,2026,2,2026,3,1,0.0,4.1058526039123535,False,0,0.0,18.821612548828107,3
DeMario Douglas,WR,2026,2,2026,4,2,0.0,3.8215854167938232,False,7,0.0,17.982897901535026,3
DeMario Douglas,WR,2026,2,2026,5,3,0.0,3.860050678253174,False,14,0.0,17.38927993774413,3
DeMario Douglas,WR,2026,2,2026,6,4,0.0,3.9262304306030273,False,21,0.0,17.477782917022694,3
DeMario Douglas,WR,2026,2,2026,7,5,0.0,3.9701921939849854,False,28,0.0,16.91318480968475,3
DeMario Douglas,WR,2026,2,2026,8,6,0.0,4.045349597930908,False,35,0.0,16.2620415687561,3
DeMario Douglas,WR,2026,2,2026,9,7,0.0,4.132530212402344,False,42,0.0,15.746086311340328,3
DeMario Douglas,WR,2026,2,2026,10,8,0.0,4.273022174835205,False,49,0.0,15.289949703216546,3
DeMario Douglas,WR,2026,2,2026,11,9,0.0,4.3887505531311035,False,56,0.0,14.294629001617404,3
DeMario Douglas,WR,2026,2,2026,12,10,0.0,4.534124374389648,False,63,0.0,13.805096745491028,3
DeMario Douglas,WR,2026,2,2026,13,11,0.0,4.713698863983154,False,70,0.0,13.716343259811392,3
DeMario Douglas,WR,2026,2,2026,14,12,0.0,4.8639235496521,False,77,0.0,13.310758399963373,3
DeMario Douglas,WR,2026,2,2026,15,13,0.0,4.978188991546631,False,84,0.0,12.625177478790274,3
DeMario Douglas,WR,2026,2,2026,16,14,0.0,5.049529552459717,False,91,0.0,10.662708878517144,3
DeMario Douglas,WR,2026,2,2026,17,15,0.0,5.084219932556152,False,98,0.0,8.68871383666988,3
DeVonta Smith,WR,2026,2,2026,3,1,0.0,15.248457908630371,False,0,4.149842453002929,29.964217853546124,3
DeVonta Smith,WR,2026,2,2026,4,2,0.0,15.340081214904785,False,7,1.6727869987487782,29.501393699645988,3
DeVonta Smith,WR,2026,2,2026,5,3,0.0,15.2665433883667,False,14,1.1389580726623532,28.795772647857657,3
DeVonta Smith,WR,2026,2,2026,6,4,0.0,15.22689151763916,False,21,0.939137268066407,28.778444004058827,3
DeVonta Smith,WR,2026,2,2026,7,5,0.0,15.074196815490723,False,28,0.6357465744018551,28.017189431190488,3
DeVonta Smith,WR,2026,2,2026,8,6,0.0,14.785991668701172,False,35,0.25259046554565323,27.002683639526364,3
DeVonta Smith,WR,2026,2,2026,9,7,0.0,14.530987739562988,False,42,0.0,26.144543838500972,3
DeVonta Smith,WR,2026,2,2026,10,8,0.0,14.386406898498535,False,49,0.0,25.403334426879876,3
DeVonta Smith,WR,2026,2,2026,11,9,0.0,14.254189491271973,False,56,0.0,24.16006793975827,3
DeVonta Smith,WR,2026,2,2026,12,10,0.0,14.148505210876465,False,63,0.0,23.419477581977844,3
DeVonta Smith,WR,2026,2,2026,13,11,0.0,14.066800117492676,False,70,0.0,23.069444513320914,3
DeVonta Smith,WR,2026,2,2026,14,12,0.0,13.995573997497559,False,77,0.0,22.44240884780883,3
DeVonta Smith,WR,2026,2,2026,15,13,0.0,13.897880554199219,False,84,0.0,21.544869041442862,3
DeVonta Smith,WR,2026,2,2026,16,14,0.0,13.7946138381958,False,91,0.0,19.407793164253228,3
DeVonta Smith,WR,2026,2,2026,17,15,0.0,13.708974838256836,False,98,0.0,17.313468742370564,3
DeeJay Dallas,RB,2026,2,2026,3,1,0.0,1.2233067750930786,False,0,0.0,15.939066720008832,3
DeeJay Dallas,RB,2026,2,2026,4,2,0.0,1.058166742324829,False,7,0.0,15.219479227066033,3
DeeJay Dallas,RB,2026,2,2026,5,3,0.0,1.1267015933990479,False,14,0.0,14.655930852890005,3
DeeJay Dallas,RB,2026,2,2026,6,4,0.0,1.2037173509597778,False,21,0.0,14.755269837379442,3
DeeJay Dallas,RB,2026,2,2026,7,5,0.0,1.2264387607574463,False,28,0.0,14.169431376457212,3
DeeJay Dallas,RB,2026,2,2026,8,6,0.0,1.2659803628921509,False,35,0.0,13.482672333717343,3
DeeJay Dallas,RB,2026,2,2026,9,7,0.0,1.2951979637145996,False,42,0.0,12.908754062652584,3
DeeJay Dallas,RB,2026,2,2026,10,8,0.0,1.3205028772354126,False,49,0.0,12.337430405616754,3
DeeJay Dallas,RB,2026,2,2026,11,9,0.0,1.3234106302261353,False,56,0.0,11.229289078712435,3
DeeJay Dallas,RB,2026,2,2026,12,10,0.0,1.2995487451553345,False,63,0.0,10.570521116256714,3
DeeJay Dallas,RB,2026,2,2026,13,11,0.0,1.3036547899246216,False,70,0.0,10.30629918575286,3
DeeJay Dallas,RB,2026,2,2026,14,12,0.0,1.2938801050186157,False,77,0.0,9.740714955329889,3
DeeJay Dallas,RB,2026,2,2026,15,13,0.0,1.299476981163025,False,84,0.0,8.946465468406668,3
DeeJay Dallas,RB,2026,2,2026,16,14,0.0,1.3242493867874146,False,91,0.0,6.937428712844842,3
DeeJay Dallas,RB,2026,2,2026,17,15,0.0,1.3536137342453003,False,98,0.0,4.958107638359029,3
Deebo Samuel Sr.,WR,2026,2,2026,3,1,0.0,13.479048728942871,False,0,2.380433273315429,28.194808673858624,3
Deebo Samuel Sr.,WR,2026,2,2026,4,2,0.0,13.43046760559082,False,7,0.0,27.591780090332023,3
Deebo Samuel Sr.,WR,2026,2,2026,5,3,0.0,13.368203163146973,False,14,0.0,26.89743242263793,3
Deebo Samuel Sr.,WR,2026,2,2026,6,4,0.0,13.563410758972168,False,21,0.0,27.114963245391834,3
Deebo Samuel Sr.,WR,2026,2,2026,7,5,0.0,13.762774467468262,False,28,0.0,26.705767083168027,3
Deebo Samuel Sr.,WR,2026,2,2026,8,6,0.0,13.705456733703613,False,35,0.0,25.922148704528805,3
Deebo Samuel Sr.,WR,2026,2,2026,9,7,0.0,13.557886123657227,False,42,0.0,25.17144222259521,3
Deebo Samuel Sr.,WR,2026,2,2026,10,8,0.0,13.47087574005127,False,49,0.0,24.48780326843261,3
Deebo Samuel Sr.,WR,2026,2,2026,11,9,0.0,13.366686820983887,False,56,0.0,23.272565269470185,3
Deebo Samuel Sr.,WR,2026,2,2026,12,10,0.0,13.26905345916748,False,63,0.0,22.54002583026886,3
Deebo Samuel Sr.,WR,2026,2,2026,13,11,0.0,13.205751419067383,False,70,0.0,22.20839581489562,3
Deebo Samuel Sr.,WR,2026,2,2026,14,12,0.0,13.155106544494629,False,77,0.0,21.601941394805902,3
Deebo Samuel Sr.,WR,2026,2,2026,15,13,0.0,13.062950134277344,False,84,0.0,20.709938621520987,3
Deebo Samuel Sr.,WR,2026,2,2026,16,14,0.0,12.98603343963623,False,91,0.0,18.599212765693657,3
Deebo Samuel Sr.,WR,2026,2,2026,17,15,0.0,12.920647621154785,False,98,0.0,16.525141525268513,3
Deion Burks,WR,2026,2,2026,3,1,0.0,1.546755075454712,False,0,0.0,16.262515020370465,3
Deion Burks,WR,2026,2,2026,4,2,0.0,1.2287968397140503,False,7,0.0,15.390109324455254,3
Deion Burks,WR,2026,2,2026,5,3,0.0,1.2655466794967651,False,14,0.0,14.794775938987723,3
Deion Burks,WR,2026,2,2026,6,4,0.0,1.3123410940170288,False,21,0.0,14.863893580436693,3
Deion Burks,WR,2026,2,2026,7,5,0.0,1.322975993156433,False,28,0.0,14.265968608856198,3
Deion Burks,WR,2026,2,2026,8,6,0.0,1.3821531534194946,False,35,0.0,13.598845124244686,3
Deion Burks,WR,2026,2,2026,9,7,0.0,1.4558404684066772,False,42,0.0,13.069396567344661,3
Deion Burks,WR,2026,2,2026,10,8,0.0,1.5526458024978638,False,49,0.0,12.569573330879205,3
Deion Burks,WR,2026,2,2026,11,9,0.0,1.6444578170776367,False,56,0.0,11.550336265563937,3
Deion Burks,WR,2026,2,2026,12,10,0.0,1.732144832611084,False,63,0.0,11.003117203712463,3
Deion Burks,WR,2026,2,2026,13,11,0.0,1.8644282817840576,False,70,0.0,10.867072677612295,3
Deion Burks,WR,2026,2,2026,14,12,0.0,1.9586336612701416,False,77,0.0,10.405468511581415,3
Deion Burks,WR,2026,2,2026,15,13,0.0,2.076422929763794,False,84,0.0,9.723411417007437,3
Deion Burks,WR,2026,2,2026,16,14,0.0,2.1747355461120605,False,91,0.0,7.787914872169488,3
Deion Burks,WR,2026,2,2026,17,15,0.0,2.240175724029541,False,98,0.0,5.8446696281432695,3
Demarcus Robinson,WR,2026,2,2026,3,1,0.0,5.408369064331055,False,0,0.0,20.124129009246808,3
Demarcus Robinson,WR,2026,2,2026,4,2,0.0,5.221780300140381,False,7,0.0,19.383092784881583,3
Demarcus Robinson,WR,2026,2,2026,5,3,0.0,5.513741493225098,False,14,0.0,19.042970752716055,3
Demarcus Robinson,WR,2026,2,2026,6,4,0.0,5.929650783538818,False,21,0.0,19.481203269958485,3
Demarcus Robinson,WR,2026,2,2026,7,5,0.0,6.5760273933410645,False,28,0.0,19.51902000904083,3
Demarcus Robinson,WR,2026,2,2026,8,6,0.0,7.500268459320068,False,35,0.0,19.71696043014526,3
Demarcus Robinson,WR,2026,2,2026,9,7,0.0,8.5066499710083,False,42,0.0,20.120206069946285,3
Demarcus Robinson,WR,2026,2,2026,10,8,0.0,9.4701566696167,False,49,0.0,20.48708419799804,3
Demarcus Robinson,WR,2026,2,2026,11,9,0.0,10.0447359085083,False,56,0.0,19.9506143569946,3
Demarcus Robinson,WR,2026,2,2026,12,10,0.0,10.316717147827148,False,63,0.0,19.587689518928528,3
Demarcus Robinson,WR,2026,2,2026,13,11,0.0,10.387484550476074,False,70,0.0,19.390128946304312,3
Demarcus Robinson,WR,2026,2,2026,14,12,0.0,10.365793228149414,False,77,0.0,18.812628078460687,3
Demarcus Robinson,WR,2026,2,2026,15,13,0.0,10.268326759338379,False,84,0.0,17.915315246582022,3
Demarcus Robinson,WR,2026,2,2026,16,14,0.0,10.146753311157227,False,91,0.0,15.759932637214654,3
Demarcus Robinson,WR,2026,2,2026,17,15,0.0,10.000577926635742,False,98,0.0,13.60507183074947,3
Demond Claiborne,RB,2026,2,2026,3,1,0.0,1.6715008020401,False,0,0.0,16.387260746955853,3
Demond Claiborne,RB,2026,2,2026,4,2,0.0,1.3714805841445923,False,7,0.0,15.532793068885796,3
Demond Claiborne,RB,2026,2,2026,5,3,0.0,1.4185819625854492,False,14,0.0,14.947811222076407,3
Demond Claiborne,RB,2026,2,2026,6,4,0.0,1.4651758670806885,False,21,0.0,15.016728353500353,3
Demond Claiborne,RB,2026,2,2026,7,5,0.0,1.4707516431808472,False,28,0.0,14.413744258880612,3
Demond Claiborne,RB,2026,2,2026,8,6,0.0,1.5225673913955688,False,35,0.0,13.73925936222076,3
Demond Claiborne,RB,2026,2,2026,9,7,0.0,1.5887172222137451,False,42,0.0,13.20227332115173,3
Demond Claiborne,RB,2026,2,2026,10,8,0.0,1.6775275468826294,False,49,0.0,12.69445507526397,3
Demond Claiborne,RB,2026,2,2026,11,9,0.0,1.7588788270950317,False,56,0.0,11.664757275581332,3
Demond Claiborne,RB,2026,2,2026,12,10,0.0,1.8348701000213623,False,63,0.0,11.105842471122742,3
Demond Claiborne,RB,2026,2,2026,13,11,0.0,1.9556018114089966,False,70,0.0,10.958246207237234,3
Demond Claiborne,RB,2026,2,2026,14,12,0.0,2.040506601333618,False,77,0.0,10.487341451644891,3
Demond Claiborne,RB,2026,2,2026,15,13,0.0,2.148122549057007,False,84,0.0,9.79511103630065,3
Demond Claiborne,RB,2026,2,2026,16,14,0.0,2.240509510040283,False,91,0.0,7.853688836097711,3
Demond Claiborne,RB,2026,2,2026,17,15,0.0,2.3050060272216797,False,98,0.0,5.909499931335408,3
Denzel Boston,WR,2026,2,2026,3,1,0.0,6.935508728027344,False,0,0.0,21.651268672943097,3
Denzel Boston,WR,2026,2,2026,4,2,0.0,7.020429611206055,False,7,0.0,21.181742095947257,3
Denzel Boston,WR,2026,2,2026,5,3,0.0,7.419517993927002,False,14,0.0,20.94874725341796,3
Denzel Boston,WR,2026,2,2026,6,4,0.0,7.777190685272217,False,21,0.0,21.328743171691883,3
Denzel Boston,WR,2026,2,2026,7,5,0.0,8.035207748413086,False,28,0.0,20.97820036411285,3
Denzel Boston,WR,2026,2,2026,8,6,0.0,8.118121147155762,False,35,0.0,20.334813117980953,3
Denzel Boston,WR,2026,2,2026,9,7,0.0,8.00963020324707,False,42,0.0,19.623186302185054,3
Denzel Boston,WR,2026,2,2026,10,8,0.0,7.8741655349731445,False,49,0.0,18.891093063354486,3
Denzel Boston,WR,2026,2,2026,11,9,0.0,7.637380123138428,False,56,0.0,17.543258571624726,3
Denzel Boston,WR,2026,2,2026,12,10,0.0,7.413239002227783,False,63,0.0,16.684211373329163,3
Denzel Boston,WR,2026,2,2026,13,11,0.0,7.222564697265625,False,70,0.0,16.225209093093863,3
Denzel Boston,WR,2026,2,2026,14,12,0.0,7.05828857421875,False,77,0.0,15.505123424530023,3
Denzel Boston,WR,2026,2,2026,15,13,0.0,6.874133586883545,False,84,0.0,14.521122074127188,3
Denzel Boston,WR,2026,2,2026,16,14,0.0,6.722727298736572,False,91,0.0,12.335906624794,3
Denzel Boston,WR,2026,2,2026,17,15,0.0,6.586668014526367,False,98,0.0,10.191161918640095,3
Derius Davis,WR,2026,2,2026,3,1,0.0,2.1717758178710938,False,0,0.0,16.887535762786847,3
Derius Davis,WR,2026,2,2026,4,2,0.0,2.0348424911499023,False,7,0.0,16.196154975891105,3
Derius Davis,WR,2026,2,2026,5,3,0.0,2.20052433013916,False,14,0.0,15.729753589630118,3
Derius Davis,WR,2026,2,2026,6,4,0.0,2.317753791809082,False,21,0.0,15.869306278228747,3
Derius Davis,WR,2026,2,2026,7,5,0.0,2.379157066345215,False,28,0.0,15.32214968204498,3
Derius Davis,WR,2026,2,2026,8,6,0.0,2.486008882522583,False,35,0.0,14.702700853347775,3
Derius Davis,WR,2026,2,2026,9,7,0.0,2.5997180938720703,False,42,0.0,14.213274192810054,3
Derius Davis,WR,2026,2,2026,10,8,0.0,2.7397704124450684,False,49,0.0,13.75669794082641,3
Derius Davis,WR,2026,2,2026,11,9,0.0,2.84391450881958,False,56,0.0,12.74979295730588,3
Derius Davis,WR,2026,2,2026,12,10,0.0,2.9451496601104736,False,63,0.0,12.216122031211853,3
Derius Davis,WR,2026,2,2026,13,11,0.0,3.0814645290374756,False,70,0.0,12.084108924865713,3
Derius Davis,WR,2026,2,2026,14,12,0.0,3.176711320877075,False,77,0.0,11.623546171188348,3
Derius Davis,WR,2026,2,2026,15,13,0.0,3.282646894454956,False,84,0.0,10.9296353816986,3
Derius Davis,WR,2026,2,2026,16,14,0.0,3.3656415939331055,False,91,0.0,8.978820919990532,3
Derius Davis,WR,2026,2,2026,17,15,0.0,3.4249701499938965,False,98,0.0,7.029464054107625,3
Derrick Henry,RB,2026,2,2026,3,1,0.0,13.884284973144531,False,0,2.785669517517089,28.600044918060284,3
Derrick Henry,RB,2026,2,2026,4,2,0.0,13.703280448913574,False,7,0.035986232757567294,27.864592933654777,3
Derrick Henry,RB,2026,2,2026,5,3,0.0,13.651277542114258,False,14,0.0,27.180506801605215,3
Derrick Henry,RB,2026,2,2026,6,4,0.0,13.829751014709473,False,21,0.0,27.38130350112914,3
Derrick Henry,RB,2026,2,2026,7,5,0.0,14.224599838256836,False,28,0.0,27.1675924539566,3
Derrick Henry,RB,2026,2,2026,8,6,0.0,14.599308967590332,False,35,0.06590776443481339,26.816000938415524,3
Derrick Henry,RB,2026,2,2026,9,7,0.0,14.687291145324707,False,42,0.08163843154907191,26.30084724426269,3
Derrick Henry,RB,2026,2,2026,10,8,0.0,14.70232105255127,False,49,0.046872806549071555,25.71924858093261,3
Derrick Henry,RB,2026,2,2026,11,9,0.0,14.686854362487793,False,56,0.0,24.59273281097409,3
Derrick Henry,RB,2026,2,2026,12,10,0.0,14.684908866882324,False,63,0.0,23.955881237983704,3
Derrick Henry,RB,2026,2,2026,13,11,0.0,14.694367408752441,False,70,0.0,23.69701180458068,3
Derrick Henry,RB,2026,2,2026,14,12,0.0,14.682310104370117,False,77,0.0,23.12914495468139,3
Derrick Henry,RB,2026,2,2026,15,13,0.0,14.638176918029785,False,84,0.0,22.28516540527343,3
Derrick Henry,RB,2026,2,2026,16,14,0.0,14.55712890625,False,91,0.0,20.170308232307427,3
Derrick Henry,RB,2026,2,2026,17,15,0.0,14.470917701721191,False,98,0.0,18.07541160583492,3
Devaughn Vele,WR,2026,2,2026,3,1,0.0,3.913605213165283,False,0,0.0,18.629365158081036,3
Devaughn Vele,WR,2026,2,2026,4,2,0.0,3.876290798187256,False,7,0.0,18.03760328292846,3
Devaughn Vele,WR,2026,2,2026,5,3,0.0,4.07181978225708,False,14,0.0,17.601049041748038,3
Devaughn Vele,WR,2026,2,2026,6,4,0.0,4.249098777770996,False,21,0.0,17.800651264190662,3
Devaughn Vele,WR,2026,2,2026,7,5,0.0,4.441142559051514,False,28,0.0,17.38413517475128,3
Devaughn Vele,WR,2026,2,2026,8,6,0.0,4.730264186859131,False,35,0.0,16.946956157684323,3
Devaughn Vele,WR,2026,2,2026,9,7,0.0,5.037749290466309,False,42,0.0,16.651305389404293,3
Devaughn Vele,WR,2026,2,2026,10,8,0.0,5.392136573791504,False,49,0.0,16.409064102172845,3
Devaughn Vele,WR,2026,2,2026,11,9,0.0,5.623976230621338,False,56,0.0,15.529854679107638,3
Devaughn Vele,WR,2026,2,2026,12,10,0.0,5.797132968902588,False,63,0.0,15.068105340003967,3
Devaughn Vele,WR,2026,2,2026,13,11,0.0,5.924849987030029,False,70,0.0,14.927494382858267,3
Devaughn Vele,WR,2026,2,2026,14,12,0.0,5.9945220947265625,False,77,0.0,14.441356945037835,3
Devaughn Vele,WR,2026,2,2026,15,13,0.0,6.008092880249023,False,84,0.0,13.655081367492667,3
Devaughn Vele,WR,2026,2,2026,16,14,0.0,5.995103359222412,False,91,0.0,11.608282685279839,3
Devaughn Vele,WR,2026,2,2026,17,15,0.0,5.963954448699951,False,98,0.0,9.568448352813679,3
Devin Duvernay,WR,2026,2,2026,3,1,0.0,1.0874524116516113,False,0,0.0,15.803212356567364,3
Devin Duvernay,WR,2026,2,2026,4,2,0.0,0.9583135843276978,False,7,0.0,15.119626069068902,3
Devin Duvernay,WR,2026,2,2026,5,3,0.0,1.0320827960968018,False,14,0.0,14.56131205558776,3
Devin Duvernay,WR,2026,2,2026,6,4,0.0,1.1190377473831177,False,21,0.0,14.670590233802782,3
Devin Duvernay,WR,2026,2,2026,7,5,0.0,1.149190902709961,False,28,0.0,14.092183518409726,3
Devin Duvernay,WR,2026,2,2026,8,6,0.0,1.190228819847107,False,35,0.0,13.406920790672299,3
Devin Duvernay,WR,2026,2,2026,9,7,0.0,1.212506651878357,False,42,0.0,12.826062750816341,3
Devin Duvernay,WR,2026,2,2026,10,8,0.0,1.2251228094100952,False,49,0.0,12.242050337791436,3
Devin Duvernay,WR,2026,2,2026,11,9,0.0,1.2136898040771484,False,56,0.0,11.119568252563448,3
Devin Duvernay,WR,2026,2,2026,12,10,0.0,1.1741939783096313,False,63,0.0,10.44516634941101,3
Devin Duvernay,WR,2026,2,2026,13,11,0.0,1.1599851846694946,False,70,0.0,10.162629580497732,3
Devin Duvernay,WR,2026,2,2026,14,12,0.0,1.1397122144699097,False,77,0.0,9.586547064781183,3
Devin Duvernay,WR,2026,2,2026,15,13,0.0,1.1343274116516113,False,84,0.0,8.781315898895254,3
Devin Duvernay,WR,2026,2,2026,16,14,0.0,1.15544855594635,False,91,0.0,6.768627882003778,3
Devin Duvernay,WR,2026,2,2026,17,15,0.0,1.1868904829025269,False,98,0.0,4.791384387016255,3
Devin Singletary,RB,2026,2,2026,3,1,0.0,2.0091516971588135,False,0,0.0,16.724911642074566,3
Devin Singletary,RB,2026,2,2026,4,2,0.0,1.5330235958099365,False,7,0.0,15.69433608055114,3
Devin Singletary,RB,2026,2,2026,5,3,0.0,1.3786953687667847,False,14,0.0,14.907924628257742,3
Devin Singletary,RB,2026,2,2026,6,4,0.0,1.2924312353134155,False,21,0.0,14.84398372173308,3
Devin Singletary,RB,2026,2,2026,7,5,0.0,1.1785742044448853,False,28,0.0,14.12156682014465,3
Devin Singletary,RB,2026,2,2026,8,6,0.0,1.0855419635772705,False,35,0.0,13.302233934402462,3
Devin Singletary,RB,2026,2,2026,9,7,0.0,1.017255425453186,False,42,0.0,12.63081152439117,3
Devin Singletary,RB,2026,2,2026,10,8,0.0,0.9512101411819458,False,49,0.0,11.968137669563287,3
Devin Singletary,RB,2026,2,2026,11,9,0.0,0.9073783755302429,False,56,0.0,10.813256824016543,3
Devin Singletary,RB,2026,2,2026,12,10,0.0,0.8326649069786072,False,63,0.0,10.103637278079987,3
Devin Singletary,RB,2026,2,2026,13,11,0.0,0.8063039183616638,False,70,0.0,9.808948314189902,3
Devin Singletary,RB,2026,2,2026,14,12,0.0,0.7842552661895752,False,77,0.0,9.231090116500848,3
Devin Singletary,RB,2026,2,2026,15,13,0.0,0.7983015179634094,False,84,0.0,8.445290005207053,3
Devin Singletary,RB,2026,2,2026,16,14,0.0,0.8259980082511902,False,91,0.0,6.439177334308618,3
Devin Singletary,RB,2026,2,2026,17,15,0.0,0.8479098677635193,False,98,0.0,4.452403771877248,3
Devontez Walker,WR,2026,2,2026,3,1,0.0,3.791076421737671,False,0,0.0,18.506836366653424,3
Devontez Walker,WR,2026,2,2026,4,2,0.0,3.7116386890411377,False,7,0.0,17.87295117378234,3
Devontez Walker,WR,2026,2,2026,5,3,0.0,3.9619338512420654,False,14,0.0,17.491163110733023,3
Devontez Walker,WR,2026,2,2026,6,4,0.0,4.199338912963867,False,21,0.0,17.750891399383534,3
Devontez Walker,WR,2026,2,2026,7,5,0.0,4.473410129547119,False,28,0.0,17.416402745246884,3
Devontez Walker,WR,2026,2,2026,8,6,0.0,4.878857135772705,False,35,0.0,17.095549106597897,3
Devontez Walker,WR,2026,2,2026,9,7,0.0,5.329232692718506,False,42,0.0,16.94278879165649,3
Devontez Walker,WR,2026,2,2026,10,8,0.0,5.835649013519287,False,49,0.0,16.85257654190063,3
Devontez Walker,WR,2026,2,2026,11,9,0.0,6.23678731918335,False,56,0.0,16.142665767669648,3
Devontez Walker,WR,2026,2,2026,12,10,0.0,6.56960916519165,False,63,0.0,15.84058153629303,3
Devontez Walker,WR,2026,2,2026,13,11,0.0,6.838572025299072,False,70,0.0,15.84121642112731,3
Devontez Walker,WR,2026,2,2026,14,12,0.0,7.026435375213623,False,77,0.0,15.473270225524896,3
Devontez Walker,WR,2026,2,2026,15,13,0.0,7.129006862640381,False,84,0.0,14.775995349884024,3
Devontez Walker,WR,2026,2,2026,16,14,0.0,7.17318058013916,False,91,0.0,12.786359906196587,3
Devontez Walker,WR,2026,2,2026,17,15,0.0,7.174494743347168,False,98,0.0,10.778988647460896,3
Dillon Bell,WR,2026,2,2026,3,1,0.0,1.6606919765472412,False,0,0.0,16.376451921462994,3
Dillon Bell,WR,2026,2,2026,4,2,0.0,1.3554760217666626,False,7,0.0,15.516788506507867,3
Dillon Bell,WR,2026,2,2026,5,3,0.0,1.400926113128662,False,14,0.0,14.93015537261962,3
Dillon Bell,WR,2026,2,2026,6,4,0.0,1.4469729661941528,False,21,0.0,14.998525452613817,3
Dillon Bell,WR,2026,2,2026,7,5,0.0,1.4520364999771118,False,28,0.0,14.395029115676877,3
Dillon Bell,WR,2026,2,2026,8,6,0.0,1.503031849861145,False,35,0.0,13.719723820686337,3
Dillon Bell,WR,2026,2,2026,9,7,0.0,1.5682536363601685,False,42,0.0,13.181809735298152,3
Dillon Bell,WR,2026,2,2026,10,8,0.0,1.6557999849319458,False,49,0.0,12.672727513313287,3
Dillon Bell,WR,2026,2,2026,11,9,0.0,1.7366591691970825,False,56,0.0,11.642537617683383,3
Dillon Bell,WR,2026,2,2026,12,10,0.0,1.8116432428359985,False,63,0.0,11.082615613937378,3
Dillon Bell,WR,2026,2,2026,13,11,0.0,1.9315897226333618,False,70,0.0,10.9342341184616,3
Dillon Bell,WR,2026,2,2026,14,12,0.0,2.015625476837158,False,77,0.0,10.462460327148431,3
Dillon Bell,WR,2026,2,2026,15,13,0.0,2.1224870681762695,False,84,0.0,9.769475555419913,3
Dillon Bell,WR,2026,2,2026,16,14,0.0,2.214606285095215,False,91,0.0,7.827785611152643,3
Dillon Bell,WR,2026,2,2026,17,15,0.0,2.279179096221924,False,98,0.0,5.883673000335652,3
Dohnte Meyers,WR,2026,2,2026,3,1,0.0,1.7662948369979858,False,0,0.0,16.48205478191374,3
Dohnte Meyers,WR,2026,2,2026,4,2,0.0,1.3900662660598755,False,7,0.0,15.55137875080108,3
Dohnte Meyers,WR,2026,2,2026,5,3,0.0,1.433660626411438,False,14,0.0,14.962889885902396,3
Dohnte Meyers,WR,2026,2,2026,6,4,0.0,1.483236312866211,False,21,0.0,15.034788799285876,3
Dohnte Meyers,WR,2026,2,2026,7,5,0.0,1.5091649293899536,False,28,0.0,14.452157545089719,3
Dohnte Meyers,WR,2026,2,2026,8,6,0.0,1.5968846082687378,False,35,0.0,13.81357657909393,3
Dohnte Meyers,WR,2026,2,2026,9,7,0.0,1.7130030393600464,False,42,0.0,13.32655913829803,3
Dohnte Meyers,WR,2026,2,2026,10,8,0.0,1.8790011405944824,False,49,0.0,12.895928668975824,3
Dohnte Meyers,WR,2026,2,2026,11,9,0.0,2.0518195629119873,False,56,0.0,11.957698011398287,3
Dohnte Meyers,WR,2026,2,2026,12,10,0.0,2.249295711517334,False,63,0.0,11.520268082618713,3
Dohnte Meyers,WR,2026,2,2026,13,11,0.0,2.4999232292175293,False,70,0.0,11.502567625045767,3
Dohnte Meyers,WR,2026,2,2026,14,12,0.0,2.705217123031616,False,77,0.0,11.15205197334289,3
Dohnte Meyers,WR,2026,2,2026,15,13,0.0,2.928016185760498,False,84,0.0,10.575004673004141,3
Dohnte Meyers,WR,2026,2,2026,16,14,0.0,3.0976638793945312,False,91,0.0,8.710843205451958,3
Dohnte Meyers,WR,2026,2,2026,17,15,0.0,3.190373182296753,False,98,0.0,6.794867086410481,3
Dontayvion Wicks,WR,2026,2,2026,3,1,0.0,5.9215617179870605,False,0,0.0,20.637321662902814,3
Dontayvion Wicks,WR,2026,2,2026,4,2,0.0,5.663559436798096,False,7,0.0,19.824871921539298,3
Dontayvion Wicks,WR,2026,2,2026,5,3,0.0,5.655142307281494,False,14,0.0,19.18437156677245,3
Dontayvion Wicks,WR,2026,2,2026,6,4,0.0,5.6924052238464355,False,21,0.0,19.243957710266102,3
Dontayvion Wicks,WR,2026,2,2026,7,5,0.0,5.688823223114014,False,28,0.0,18.63181583881378,3
Dontayvion Wicks,WR,2026,2,2026,8,6,0.0,5.649449348449707,False,35,0.0,17.8661413192749,3
Dontayvion Wicks,WR,2026,2,2026,9,7,0.0,5.62965202331543,False,42,0.0,17.243208122253414,3
Dontayvion Wicks,WR,2026,2,2026,10,8,0.0,5.722573757171631,False,49,0.0,16.739501285552972,3
Dontayvion Wicks,WR,2026,2,2026,11,9,0.0,5.77215051651001,False,56,0.0,15.67802896499631,3
Dontayvion Wicks,WR,2026,2,2026,12,10,0.0,5.803919792175293,False,63,0.0,15.074892163276672,3
Dontayvion Wicks,WR,2026,2,2026,13,11,0.0,5.814208507537842,False,70,0.0,14.81685290336608,3
Dontayvion Wicks,WR,2026,2,2026,14,12,0.0,5.80411434173584,False,77,0.0,14.250949192047113,3
Dontayvion Wicks,WR,2026,2,2026,15,13,0.0,5.745936870574951,False,84,0.0,13.392925357818594,3
Dontayvion Wicks,WR,2026,2,2026,16,14,0.0,5.688258647918701,False,91,0.0,11.301437973976128,3
Dontayvion Wicks,WR,2026,2,2026,17,15,0.0,5.6332478523254395,False,98,0.0,9.237741756439167,3
Drake London,WR,2026,2,2026,3,1,0.0,12.045166015625,False,0,0.9465505599975579,26.760925960540753,3
Drake London,WR,2026,2,2026,4,2,0.0,12.026223182678223,False,7,0.0,26.187535667419425,3
Drake London,WR,2026,2,2026,5,3,0.0,12.237818717956543,False,14,0.0,25.7670479774475,3
Drake London,WR,2026,2,2026,6,4,0.0,12.466591835021973,False,21,0.0,26.01814432144164,3
Drake London,WR,2026,2,2026,7,5,0.0,12.744913101196289,False,28,0.0,25.687905716896054,3
Drake London,WR,2026,2,2026,8,6,0.0,13.212773323059082,False,35,0.0,25.429465293884274,3
Drake London,WR,2026,2,2026,9,7,0.0,13.701714515686035,False,42,0.0,25.31527061462402,3
Drake London,WR,2026,2,2026,10,8,0.0,13.988648414611816,False,49,0.0,25.005575942993158,3
Drake London,WR,2026,2,2026,11,9,0.0,14.055575370788574,False,56,0.0,23.961453819274873,3
Drake London,WR,2026,2,2026,12,10,0.0,14.07409954071045,False,63,0.0,23.34507191181183,3
Drake London,WR,2026,2,2026,13,11,0.0,14.090421676635742,False,70,0.0,23.09306607246398,3
Drake London,WR,2026,2,2026,14,12,0.0,14.092476844787598,False,77,0.0,22.53931169509887,3
Drake London,WR,2026,2,2026,15,13,0.0,14.058023452758789,False,84,0.0,21.705011940002432,3
Drake London,WR,2026,2,2026,16,14,0.0,13.99832534790039,False,91,0.0,19.611504673957818,3
Drake London,WR,2026,2,2026,17,15,0.0,13.922192573547363,False,98,0.0,17.52668647766109,3
Dyami Brown,WR,2026,2,2026,3,1,0.0,5.228017330169678,False,0,0.0,19.94377727508543,3
Dyami Brown,WR,2026,2,2026,4,2,0.0,5.204395771026611,False,7,0.0,19.365708255767814,3
Dyami Brown,WR,2026,2,2026,5,3,0.0,5.512936115264893,False,14,0.0,19.04216537475585,3
Dyami Brown,WR,2026,2,2026,6,4,0.0,5.861982822418213,False,21,0.0,19.41353530883788,3
Dyami Brown,WR,2026,2,2026,7,5,0.0,6.232509613037109,False,28,0.0,19.175502228736875,3
Dyami Brown,WR,2026,2,2026,8,6,0.0,6.5776214599609375,False,35,0.0,18.79431343078613,3
Dyami Brown,WR,2026,2,2026,9,7,0.0,6.690484523773193,False,42,0.0,18.304040622711177,3
Dyami Brown,WR,2026,2,2026,10,8,0.0,6.644312381744385,False,49,0.0,17.661239910125726,3
Dyami Brown,WR,2026,2,2026,11,9,0.0,6.400918960571289,False,56,0.0,16.306797409057587,3
Dyami Brown,WR,2026,2,2026,12,10,0.0,6.1131110191345215,False,63,0.0,15.3840833902359,3
Dyami Brown,WR,2026,2,2026,13,11,0.0,5.8566412925720215,False,70,0.0,14.85928568840026,3
Dyami Brown,WR,2026,2,2026,14,12,0.0,5.648102283477783,False,77,0.0,14.094937133789056,3
Dyami Brown,WR,2026,2,2026,15,13,0.0,5.443641185760498,False,84,0.0,13.090629673004141,3
Dyami Brown,WR,2026,2,2026,16,14,0.0,5.286770343780518,False,91,0.0,10.899949669837945,3
Dyami Brown,WR,2026,2,2026,17,15,0.0,5.174677848815918,False,98,0.0,8.779171752929646,3
Dylan Laube,RB,2026,2,2026,3,1,0.0,2.3045506477355957,False,0,0.0,17.02031059265135,3
Dylan Laube,RB,2026,2,2026,4,2,0.0,2.224346399307251,False,7,0.0,16.385658884048453,3
Dylan Laube,RB,2026,2,2026,5,3,0.0,2.3830981254577637,False,14,0.0,15.912327384948721,3
Dylan Laube,RB,2026,2,2026,6,4,0.0,2.490619421005249,False,21,0.0,16.042171907424915,3
Dylan Laube,RB,2026,2,2026,7,5,0.0,2.536223888397217,False,28,0.0,15.479216504096982,3
Dylan Laube,RB,2026,2,2026,8,6,0.0,2.606004476547241,False,35,0.0,14.822696447372433,3
Dylan Laube,RB,2026,2,2026,9,7,0.0,2.659726142883301,False,42,0.0,14.273282241821285,3
Dylan Laube,RB,2026,2,2026,10,8,0.0,2.725226879119873,False,49,0.0,13.742154407501214,3
Dylan Laube,RB,2026,2,2026,11,9,0.0,2.743647813796997,False,56,0.0,12.649526262283297,3
Dylan Laube,RB,2026,2,2026,12,10,0.0,2.7562034130096436,False,63,0.0,12.027175784111023,3
Dylan Laube,RB,2026,2,2026,13,11,0.0,2.8019936084747314,False,70,0.0,11.80463800430297,3
Dylan Laube,RB,2026,2,2026,14,12,0.0,2.818603038787842,False,77,0.0,11.265437889099115,3
Dylan Laube,RB,2026,2,2026,15,13,0.0,2.850524663925171,False,84,0.0,10.497513151168814,3
Dylan Laube,RB,2026,2,2026,16,14,0.0,2.8789308071136475,False,91,0.0,8.492110133171074,3
Dylan Laube,RB,2026,2,2026,17,15,0.0,2.9042916297912598,False,98,0.0,6.508785533904988,3
Dylan Sampson,RB,2026,2,2026,3,1,0.0,4.485412120819092,False,0,0.0,19.201172065734845,3
Dylan Sampson,RB,2026,2,2026,4,2,0.0,4.335770130157471,False,7,0.0,18.497082614898673,3
Dylan Sampson,RB,2026,2,2026,5,3,0.0,4.502079963684082,False,14,0.0,18.03130922317504,3
Dylan Sampson,RB,2026,2,2026,6,4,0.0,4.688019275665283,False,21,0.0,18.23957176208495,3
Dylan Sampson,RB,2026,2,2026,7,5,0.0,4.916663646697998,False,28,0.0,17.859656262397763,3
Dylan Sampson,RB,2026,2,2026,8,6,0.0,5.263611316680908,False,35,0.0,17.4803032875061,3
Dylan Sampson,RB,2026,2,2026,9,7,0.0,5.6350226402282715,False,42,0.0,17.248578739166256,3
Dylan Sampson,RB,2026,2,2026,10,8,0.0,6.070972919464111,False,49,0.0,17.087900447845453,3
Dylan Sampson,RB,2026,2,2026,11,9,0.0,6.434691905975342,False,56,0.0,16.34057035446164,3
Dylan Sampson,RB,2026,2,2026,12,10,0.0,6.75680685043335,False,63,0.0,16.02777922153473,3
Dylan Sampson,RB,2026,2,2026,13,11,0.0,7.009572505950928,False,70,0.0,16.012216901779166,3
Dylan Sampson,RB,2026,2,2026,14,12,0.0,7.160676956176758,False,77,0.0,15.60751180648803,3
Dylan Sampson,RB,2026,2,2026,15,13,0.0,7.203160762786865,False,84,0.0,14.850149250030508,3
Dylan Sampson,RB,2026,2,2026,16,14,0.0,7.198540210723877,False,91,0.0,12.811719536781304,3
Dylan Sampson,RB,2026,2,2026,17,15,0.0,7.1550116539001465,False,98,0.0,10.759505558013874,3
Efton Chism III,WR,2026,2,2026,3,1,0.0,0.9183329343795776,False,0,0.0,15.63409287929533,3
Efton Chism III,WR,2026,2,2026,4,2,0.0,0.7273750901222229,False,7,0.0,14.888687574863427,3
Efton Chism III,WR,2026,2,2026,5,3,0.0,0.8637032508850098,False,14,0.0,14.392932510375967,3
Efton Chism III,WR,2026,2,2026,6,4,0.0,1.0049554109573364,False,21,0.0,14.556507897377001,3
Efton Chism III,WR,2026,2,2026,7,5,0.0,1.076093316078186,False,28,0.0,14.019085931777951,3
Efton Chism III,WR,2026,2,2026,8,6,0.0,1.179652452468872,False,35,0.0,13.396344423294064,3
Efton Chism III,WR,2026,2,2026,9,7,0.0,1.284006953239441,False,42,0.0,12.897563052177425,3
Efton Chism III,WR,2026,2,2026,10,8,0.0,1.394813895225525,False,49,0.0,12.411741423606866,3
Efton Chism III,WR,2026,2,2026,11,9,0.0,1.4954477548599243,False,56,0.0,11.401326203346224,3
Efton Chism III,WR,2026,2,2026,12,10,0.0,1.5866268873214722,False,63,0.0,10.857599258422852,3
Efton Chism III,WR,2026,2,2026,13,11,0.0,1.7288576364517212,False,70,0.0,10.731502032279959,3
Efton Chism III,WR,2026,2,2026,14,12,0.0,1.8469581604003906,False,77,0.0,10.293793010711664,3
Efton Chism III,WR,2026,2,2026,15,13,0.0,1.990169644355774,False,84,0.0,9.637158131599417,3
Efton Chism III,WR,2026,2,2026,16,14,0.0,2.127004861831665,False,91,0.0,7.740184187889093,3
Efton Chism III,WR,2026,2,2026,17,15,0.0,2.2416820526123047,False,98,0.0,5.846175956726033,3
Eli Heidenreich,RB,2026,2,2026,3,1,0.0,1.4177449941635132,False,0,0.0,16.133504939079266,3
Eli Heidenreich,RB,2026,2,2026,4,2,0.0,1.1255595684051514,False,7,0.0,15.286872053146356,3
Eli Heidenreich,RB,2026,2,2026,5,3,0.0,1.1663988828659058,False,14,0.0,14.695628142356863,3
Eli Heidenreich,RB,2026,2,2026,6,4,0.0,1.2161468267440796,False,21,0.0,14.767699313163744,3
Eli Heidenreich,RB,2026,2,2026,7,5,0.0,1.22151780128479,False,28,0.0,14.164510416984555,3
Eli Heidenreich,RB,2026,2,2026,8,6,0.0,1.267102599143982,False,35,0.0,13.483794569969174,3
Eli Heidenreich,RB,2026,2,2026,9,7,0.0,1.3234410285949707,False,42,0.0,12.936997127532955,3
Eli Heidenreich,RB,2026,2,2026,10,8,0.0,1.3923285007476807,False,49,0.0,12.409256029129022,3
Eli Heidenreich,RB,2026,2,2026,11,9,0.0,1.4553533792495728,False,56,0.0,11.361231827735873,3
Eli Heidenreich,RB,2026,2,2026,12,10,0.0,1.5038853883743286,False,63,0.0,10.774857759475708,3
Eli Heidenreich,RB,2026,2,2026,13,11,0.0,1.5965970754623413,False,70,0.0,10.59924147129058,3
Eli Heidenreich,RB,2026,2,2026,14,12,0.0,1.6597020626068115,False,77,0.0,10.106536912918084,3
Eli Heidenreich,RB,2026,2,2026,15,13,0.0,1.747718334197998,False,84,0.0,9.394706821441641,3
Eli Heidenreich,RB,2026,2,2026,16,14,0.0,1.8329819440841675,False,91,0.0,7.446161270141595,3
Eli Heidenreich,RB,2026,2,2026,17,15,0.0,1.9005407094955444,False,98,0.0,5.505034613609273,3
Elic Ayomanor,WR,2026,2,2026,3,1,0.0,11.709765434265137,False,0,0.6111499786376946,26.42552537918089,3
Elic Ayomanor,WR,2026,2,2026,4,2,0.0,11.647863388061523,False,7,0.0,25.809175872802726,3
Elic Ayomanor,WR,2026,2,2026,5,3,0.0,11.458353042602539,False,14,0.0,24.987582302093497,3
Elic Ayomanor,WR,2026,2,2026,6,4,0.0,11.273018836975098,False,21,0.0,24.824571323394764,3
Elic Ayomanor,WR,2026,2,2026,7,5,0.0,10.962410926818848,False,28,0.0,23.905403542518613,3
Elic Ayomanor,WR,2026,2,2026,8,6,0.0,10.493390083312988,False,35,0.0,22.71008205413818,3
Elic Ayomanor,WR,2026,2,2026,9,7,0.0,10.032235145568848,False,42,0.0,21.64579124450683,3
Elic Ayomanor,WR,2026,2,2026,10,8,0.0,9.642827987670898,False,49,0.0,20.65975551605224,3
Elic Ayomanor,WR,2026,2,2026,11,9,0.0,9.230997085571289,False,56,0.0,19.136875534057587,3
Elic Ayomanor,WR,2026,2,2026,12,10,0.0,8.863481521606445,False,63,0.0,18.134453892707825,3
Elic Ayomanor,WR,2026,2,2026,13,11,0.0,8.53158950805664,False,70,0.0,17.53423390388488,3
Elic Ayomanor,WR,2026,2,2026,14,12,0.0,8.257314682006836,False,77,0.0,16.70414953231811,3
Elic Ayomanor,WR,2026,2,2026,15,13,0.0,7.986905574798584,False,84,0.0,15.633894062042227,3
Elic Ayomanor,WR,2026,2,2026,16,14,0.0,7.765450477600098,False,91,0.0,13.378629803657525,3
Elic Ayomanor,WR,2026,2,2026,17,15,0.0,7.576776027679443,False,98,0.0,11.181269931793171,3
Elijah Moore,WR,2026,2,2026,3,1,0.0,1.267059326171875,False,0,0.0,15.982819271087628,3
Elijah Moore,WR,2026,2,2026,4,2,0.0,0.986717939376831,False,7,0.0,15.148030424118035,3
Elijah Moore,WR,2026,2,2026,5,3,0.0,1.0674415826797485,False,14,0.0,14.596670842170706,3
Elijah Moore,WR,2026,2,2026,6,4,0.0,1.1778923273086548,False,21,0.0,14.72944481372832,3
Elijah Moore,WR,2026,2,2026,7,5,0.0,1.2313382625579834,False,28,0.0,14.174330878257749,3
Elijah Moore,WR,2026,2,2026,8,6,0.0,1.3229303359985352,False,35,0.0,13.539622306823727,3
Elijah Moore,WR,2026,2,2026,9,7,0.0,1.4196242094039917,False,42,0.0,13.033180308341976,3
Elijah Moore,WR,2026,2,2026,10,8,0.0,1.527511477470398,False,49,0.0,12.54443900585174,3
Elijah Moore,WR,2026,2,2026,11,9,0.0,1.6258444786071777,False,56,0.0,11.531722927093478,3
Elijah Moore,WR,2026,2,2026,12,10,0.0,1.711670160293579,False,63,0.0,10.982642531394958,3
Elijah Moore,WR,2026,2,2026,13,11,0.0,1.8491528034210205,False,70,0.0,10.851797199249258,3
Elijah Moore,WR,2026,2,2026,14,12,0.0,1.9630759954452515,False,77,0.0,10.409910845756524,3
Elijah Moore,WR,2026,2,2026,15,13,0.0,2.096273183822632,False,84,0.0,9.743261671066275,3
Elijah Moore,WR,2026,2,2026,16,14,0.0,2.220304012298584,False,91,0.0,7.833483338356012,3
Elijah Moore,WR,2026,2,2026,17,15,0.0,2.320405960083008,False,98,0.0,5.924899864196736,3
Elijah Sarratt,WR,2026,2,2026,3,1,0.0,1.6609774827957153,False,0,0.0,16.37673742771147,3
Elijah Sarratt,WR,2026,2,2026,4,2,0.0,1.341752052307129,False,7,0.0,15.503064537048333,3
Elijah Sarratt,WR,2026,2,2026,5,3,0.0,1.377681851387024,False,14,0.0,14.906911110877981,3
Elijah Sarratt,WR,2026,2,2026,6,4,0.0,1.4255620241165161,False,21,0.0,14.97711451053618,3
Elijah Sarratt,WR,2026,2,2026,7,5,0.0,1.4402424097061157,False,28,0.0,14.383235025405881,3
Elijah Sarratt,WR,2026,2,2026,8,6,0.0,1.5022742748260498,False,35,0.0,13.718966245651242,3
Elijah Sarratt,WR,2026,2,2026,9,7,0.0,1.5738340616226196,False,42,0.0,13.187390160560604,3
Elijah Sarratt,WR,2026,2,2026,10,8,0.0,1.6671282052993774,False,49,0.0,12.684055733680719,3
Elijah Sarratt,WR,2026,2,2026,11,9,0.0,1.7499420642852783,False,56,0.0,11.655820512771578,3
Elijah Sarratt,WR,2026,2,2026,12,10,0.0,1.8245710134506226,False,63,0.0,11.095543384552002,3
Elijah Sarratt,WR,2026,2,2026,13,11,0.0,1.939374327659607,False,70,0.0,10.942018723487845,3
Elijah Sarratt,WR,2026,2,2026,14,12,0.0,2.013500213623047,False,77,0.0,10.46033506393432,3
Elijah Sarratt,WR,2026,2,2026,15,13,0.0,2.1055445671081543,False,84,0.0,9.752533054351797,3
Elijah Sarratt,WR,2026,2,2026,16,14,0.0,2.1778838634490967,False,91,0.0,7.7910631895065245,3
Elijah Sarratt,WR,2026,2,2026,17,15,0.0,2.222512722015381,False,98,0.0,5.827006626129109,3
Emanuel Wilson,RB,2026,2,2026,3,1,0.0,3.193012237548828,False,0,0.0,17.90877218246458,3
Emanuel Wilson,RB,2026,2,2026,4,2,0.0,2.6402835845947266,False,7,0.0,16.80159606933593,3
Emanuel Wilson,RB,2026,2,2026,5,3,0.0,2.511869192123413,False,14,0.0,16.04109845161437,3
Emanuel Wilson,RB,2026,2,2026,6,4,0.0,2.4461846351623535,False,21,0.0,15.997737121582018,3
Emanuel Wilson,RB,2026,2,2026,7,5,0.0,2.354745388031006,False,28,0.0,15.297738003730771,3
Emanuel Wilson,RB,2026,2,2026,8,6,0.0,2.2980246543884277,False,35,0.0,14.51471662521362,3
Emanuel Wilson,RB,2026,2,2026,9,7,0.0,2.295397996902466,False,42,0.0,13.90895409584045,3
Emanuel Wilson,RB,2026,2,2026,10,8,0.0,2.355715751647949,False,49,0.0,13.37264328002929,3
Emanuel Wilson,RB,2026,2,2026,11,9,0.0,2.4564085006713867,False,56,0.0,12.362286949157687,3
Emanuel Wilson,RB,2026,2,2026,12,10,0.0,2.606663227081299,False,63,0.0,11.877635598182678,3
Emanuel Wilson,RB,2026,2,2026,13,11,0.0,2.848121166229248,False,70,0.0,11.850765562057486,3
Emanuel Wilson,RB,2026,2,2026,14,12,0.0,3.100156545639038,False,77,0.0,11.546991395950311,3
Emanuel Wilson,RB,2026,2,2026,15,13,0.0,3.444283962249756,False,84,0.0,11.091272449493399,3
Emanuel Wilson,RB,2026,2,2026,16,14,0.0,3.82185697555542,False,91,0.0,9.435036301612847,3
Emanuel Wilson,RB,2026,2,2026,17,15,0.0,4.184359073638916,False,98,0.0,7.7888529777526445,3
Emari Demercado,RB,2026,2,2026,3,1,0.0,4.242254734039307,False,0,0.0,18.95801467895506,3
Emari Demercado,RB,2026,2,2026,4,2,0.0,3.8607096672058105,False,7,0.0,18.022022151947013,3
Emari Demercado,RB,2026,2,2026,5,3,0.0,3.754563570022583,False,14,0.0,17.28379282951354,3
Emari Demercado,RB,2026,2,2026,6,4,0.0,3.6904354095458984,False,21,0.0,17.241987895965565,3
Emari Demercado,RB,2026,2,2026,7,5,0.0,3.5954513549804688,False,28,0.0,16.538443970680234,3
Emari Demercado,RB,2026,2,2026,8,6,0.0,3.487766742706299,False,35,0.0,15.70445871353149,3
Emari Demercado,RB,2026,2,2026,9,7,0.0,3.371985912322998,False,42,0.0,14.985542011260982,3
Emari Demercado,RB,2026,2,2026,10,8,0.0,3.3113527297973633,False,49,0.0,14.328280258178705,3
Emari Demercado,RB,2026,2,2026,11,9,0.0,3.240318536758423,False,56,0.0,13.146196985244723,3
Emari Demercado,RB,2026,2,2026,12,10,0.0,3.183662176132202,False,63,0.0,12.454634547233582,3
Emari Demercado,RB,2026,2,2026,13,11,0.0,3.1513049602508545,False,70,0.0,12.153949356079092,3
Emari Demercado,RB,2026,2,2026,14,12,0.0,3.1037940979003906,False,77,0.0,11.550628948211664,3
Emari Demercado,RB,2026,2,2026,15,13,0.0,3.058337926864624,False,84,0.0,10.705326414108267,3
Emari Demercado,RB,2026,2,2026,16,14,0.0,3.0193023681640625,False,91,0.0,8.63248169422149,3
Emari Demercado,RB,2026,2,2026,17,15,0.0,2.9982707500457764,False,98,0.0,6.602764654159505,3
Emeka Egbuka,WR,2026,2,2026,3,1,0.0,14.440555572509766,False,0,3.3419401168823235,29.15631551742552,3
Emeka Egbuka,WR,2026,2,2026,4,2,0.0,14.505327224731445,False,7,0.8380330085754384,28.666639709472648,3
Emeka Egbuka,WR,2026,2,2026,5,3,0.0,14.503111839294434,False,14,0.37552652359008754,28.03234109878539,3
Emeka Egbuka,WR,2026,2,2026,6,4,0.0,14.625212669372559,False,21,0.3374584197998054,28.176765155792225,3
Emeka Egbuka,WR,2026,2,2026,7,5,0.0,14.612482070922852,False,28,0.17403182983398402,27.555474686622617,3
Emeka Egbuka,WR,2026,2,2026,8,6,0.0,14.37318229675293,False,35,0.0,26.58987426757812,3
Emeka Egbuka,WR,2026,2,2026,9,7,0.0,14.15880298614502,False,42,0.0,25.772359085083004,3
Emeka Egbuka,WR,2026,2,2026,10,8,0.0,14.044554710388184,False,49,0.0,25.061482238769525,3
Emeka Egbuka,WR,2026,2,2026,11,9,0.0,13.92353343963623,False,56,0.0,23.82941188812253,3
Emeka Egbuka,WR,2026,2,2026,12,10,0.0,13.820539474487305,False,63,0.0,23.091511845588684,3
Emeka Egbuka,WR,2026,2,2026,13,11,0.0,13.743659019470215,False,70,0.0,22.746303415298453,3
Emeka Egbuka,WR,2026,2,2026,14,12,0.0,13.67929744720459,False,77,0.0,22.126132297515863,3
Emeka Egbuka,WR,2026,2,2026,15,13,0.0,13.583070755004883,False,84,0.0,21.230059242248526,3
Emeka Egbuka,WR,2026,2,2026,16,14,0.0,13.484288215637207,False,91,0.0,19.097467541694634,3
Emeka Egbuka,WR,2026,2,2026,17,15,0.0,13.401680946350098,False,98,0.0,17.006174850463825,3
Emmett Johnson,RB,2026,2,2026,3,1,0.0,1.5410698652267456,False,0,0.0,16.2568298101425,3
Emmett Johnson,RB,2026,2,2026,4,2,0.0,1.2822471857070923,False,7,0.0,15.443559670448296,3
Emmett Johnson,RB,2026,2,2026,5,3,0.0,1.35313081741333,False,14,0.0,14.882360076904288,3
Emmett Johnson,RB,2026,2,2026,6,4,0.0,1.4201217889785767,False,21,0.0,14.971674275398241,3
Emmett Johnson,RB,2026,2,2026,7,5,0.0,1.4548852443695068,False,28,0.0,14.397877860069272,3
Emmett Johnson,RB,2026,2,2026,8,6,0.0,1.5544251203536987,False,35,0.0,13.77111709117889,3
Emmett Johnson,RB,2026,2,2026,9,7,0.0,1.6749402284622192,False,42,0.0,13.288496327400203,3
Emmett Johnson,RB,2026,2,2026,10,8,0.0,1.8287910223007202,False,49,0.0,12.845718550682061,3
Emmett Johnson,RB,2026,2,2026,11,9,0.0,1.9764679670333862,False,56,0.0,11.882346415519686,3
Emmett Johnson,RB,2026,2,2026,12,10,0.0,2.1404950618743896,False,63,0.0,11.411467432975769,3
Emmett Johnson,RB,2026,2,2026,13,11,0.0,2.358096122741699,False,70,0.0,11.360740518569937,3
Emmett Johnson,RB,2026,2,2026,14,12,0.0,2.53810715675354,False,77,0.0,10.984942007064813,3
Emmett Johnson,RB,2026,2,2026,15,13,0.0,2.748797655105591,False,84,0.0,10.395786142349234,3
Emmett Johnson,RB,2026,2,2026,16,14,0.0,2.9340481758117676,False,91,0.0,8.547227501869195,3
Emmett Johnson,RB,2026,2,2026,17,15,0.0,3.0737411975860596,False,98,0.0,6.678235101699788,3
Frank Gore Jr.,RB,2026,2,2026,3,1,0.0,1.4700325727462769,False,0,0.0,16.18579251766203,3
Frank Gore Jr.,RB,2026,2,2026,4,2,0.0,1.2700520753860474,False,7,0.0,15.431364560127252,3
Frank Gore Jr.,RB,2026,2,2026,5,3,0.0,1.3861939907073975,False,14,0.0,14.915423250198355,3
Frank Gore Jr.,RB,2026,2,2026,6,4,0.0,1.5061380863189697,False,21,0.0,15.057690572738634,3
Frank Gore Jr.,RB,2026,2,2026,7,5,0.0,1.5630534887313843,False,28,0.0,14.50604610443115,3
Frank Gore Jr.,RB,2026,2,2026,8,6,0.0,1.6527726650238037,False,35,0.0,13.869464635848995,3
Frank Gore Jr.,RB,2026,2,2026,9,7,0.0,1.741444706916809,False,42,0.0,13.355000805854793,3
Frank Gore Jr.,RB,2026,2,2026,10,8,0.0,1.8398152589797974,False,49,0.0,12.856742787361139,3
Frank Gore Jr.,RB,2026,2,2026,11,9,0.0,1.9180996417999268,False,56,0.0,11.823978090286227,3
Frank Gore Jr.,RB,2026,2,2026,12,10,0.0,1.9795607328414917,False,63,0.0,11.250533103942871,3
Frank Gore Jr.,RB,2026,2,2026,13,11,0.0,2.084538459777832,False,70,0.0,11.08718285560607,3
Frank Gore Jr.,RB,2026,2,2026,14,12,0.0,2.1609995365142822,False,77,0.0,10.607834386825555,3
Frank Gore Jr.,RB,2026,2,2026,15,13,0.0,2.2511143684387207,False,84,0.0,9.898102855682364,3
Frank Gore Jr.,RB,2026,2,2026,16,14,0.0,2.3347296714782715,False,91,0.0,7.947908997535699,3
Frank Gore Jr.,RB,2026,2,2026,17,15,0.0,2.4038681983947754,False,98,0.0,6.008362102508504,3
Garrett Wilson,WR,2026,2,2026,3,1,0.0,7.0392303466796875,False,0,0.0,21.75499029159544,3
Garrett Wilson,WR,2026,2,2026,4,2,0.0,6.872209072113037,False,7,0.0,21.03352155685424,3
Garrett Wilson,WR,2026,2,2026,5,3,0.0,7.202682018280029,False,14,0.0,20.731911277770987,3
Garrett Wilson,WR,2026,2,2026,6,4,0.0,7.729677677154541,False,21,0.0,21.281230163574207,3
Garrett Wilson,WR,2026,2,2026,7,5,0.0,8.445734977722168,False,28,0.0,21.388727593421933,3
Garrett Wilson,WR,2026,2,2026,8,6,0.0,9.20602798461914,False,35,0.0,21.422719955444332,3
Garrett Wilson,WR,2026,2,2026,9,7,0.0,9.67358112335205,False,42,0.0,21.287137222290035,3
Garrett Wilson,WR,2026,2,2026,10,8,0.0,9.911690711975098,False,49,0.0,20.92861824035644,3
Garrett Wilson,WR,2026,2,2026,11,9,0.0,9.901610374450684,False,56,0.0,19.807488822936982,3
Garrett Wilson,WR,2026,2,2026,12,10,0.0,9.851868629455566,False,63,0.0,19.122841000556946,3
Garrett Wilson,WR,2026,2,2026,13,11,0.0,9.789462089538574,False,70,0.0,18.792106485366812,3
Garrett Wilson,WR,2026,2,2026,14,12,0.0,9.729681968688965,False,77,0.0,18.176516819000238,3
Garrett Wilson,WR,2026,2,2026,15,13,0.0,9.61889934539795,False,84,0.0,17.265887832641592,3
Garrett Wilson,WR,2026,2,2026,16,14,0.0,9.507081985473633,False,91,0.0,15.12026131153106,3
Garrett Wilson,WR,2026,2,2026,17,15,0.0,9.376317024230957,False,98,0.0,12.980810928344685,3
Gary Jennings,WR,2026,2,2026,3,1,0.0,1.3698506355285645,False,0,0.0,16.085610580444317,3
Gary Jennings,WR,2026,2,2026,4,2,0.0,1.097320556640625,False,7,0.0,15.25863304138183,3
Gary Jennings,WR,2026,2,2026,5,3,0.0,1.151197910308838,False,14,0.0,14.680427169799795,3
Gary Jennings,WR,2026,2,2026,6,4,0.0,1.2060405015945435,False,21,0.0,14.757592988014208,3
Gary Jennings,WR,2026,2,2026,7,5,0.0,1.2179073095321655,False,28,0.0,14.16089992523193,3
Gary Jennings,WR,2026,2,2026,8,6,0.0,1.2784943580627441,False,35,0.0,13.495186328887936,3
Gary Jennings,WR,2026,2,2026,9,7,0.0,1.356045126914978,False,42,0.0,12.969601225852962,3
Gary Jennings,WR,2026,2,2026,10,8,0.0,1.456017017364502,False,49,0.0,12.472944545745843,3
Gary Jennings,WR,2026,2,2026,11,9,0.0,1.5533013343811035,False,56,0.0,11.459179782867404,3
Gary Jennings,WR,2026,2,2026,12,10,0.0,1.6488782167434692,False,63,0.0,10.919850587844849,3
Gary Jennings,WR,2026,2,2026,13,11,0.0,1.7919174432754517,False,70,0.0,10.79456183910369,3
Gary Jennings,WR,2026,2,2026,14,12,0.0,1.8986741304397583,False,77,0.0,10.345508980751031,3
Gary Jennings,WR,2026,2,2026,15,13,0.0,2.030283212661743,False,84,0.0,9.677271699905386,3
Gary Jennings,WR,2026,2,2026,16,14,0.0,2.1452643871307373,False,91,0.0,7.758443713188165,3
Gary Jennings,WR,2026,2,2026,17,15,0.0,2.2267849445343018,False,98,0.0,5.83127884864803,3
George Holani,RB,2026,2,2026,3,1,0.0,0.936477541923523,False,0,0.0,15.652237486839276,3
George Holani,RB,2026,2,2026,4,2,0.0,0.7031601667404175,False,7,0.0,14.864472651481622,3
George Holani,RB,2026,2,2026,5,3,0.0,0.7827965021133423,False,14,0.0,14.3120257616043,3
George Holani,RB,2026,2,2026,6,4,0.0,0.8948783278465271,False,21,0.0,14.446430814266192,3
George Holani,RB,2026,2,2026,7,5,0.0,0.9481382369995117,False,28,0.0,13.891130852699277,3
George Holani,RB,2026,2,2026,8,6,0.0,1.0321998596191406,False,35,0.0,13.248891830444332,3
George Holani,RB,2026,2,2026,9,7,0.0,1.1126477718353271,False,42,0.0,12.726203870773311,3
George Holani,RB,2026,2,2026,10,8,0.0,1.1892377138137817,False,49,0.0,12.206165242195123,3
George Holani,RB,2026,2,2026,11,9,0.0,1.2535520792007446,False,56,0.0,11.159430527687045,3
George Holani,RB,2026,2,2026,12,10,0.0,1.2937043905258179,False,63,0.0,10.564676761627197,3
George Holani,RB,2026,2,2026,13,11,0.0,1.3788145780563354,False,70,0.0,10.381458973884573,3
George Holani,RB,2026,2,2026,14,12,0.0,1.4456766843795776,False,77,0.0,9.89251153469085,3
George Holani,RB,2026,2,2026,15,13,0.0,1.532503604888916,False,84,0.0,9.17949209213256,3
George Holani,RB,2026,2,2026,16,14,0.0,1.6258972883224487,False,91,0.0,7.239076614379877,3
George Holani,RB,2026,2,2026,17,15,0.0,1.7106603384017944,False,98,0.0,5.315154242515523,3
George Pickens,WR,2026,2,2026,3,1,0.0,16.36163330078125,False,0,5.263017845153808,31.077393245697003,3
George Pickens,WR,2026,2,2026,4,2,0.0,17.292404174804688,False,7,3.6251099586486806,31.45371665954589,3
George Pickens,WR,2026,2,2026,5,3,0.0,17.53384017944336,False,14,3.4062548637390133,31.063069438934317,3
George Pickens,WR,2026,2,2026,6,4,0.0,18.407852172851562,False,21,4.120097923278809,31.95940465927123,3
George Pickens,WR,2026,2,2026,7,5,0.0,19.250341415405273,False,28,4.811891174316406,32.19333403110504,3
George Pickens,WR,2026,2,2026,8,6,0.0,19.766897201538086,False,35,5.233495998382567,31.983589172363278,3
George Pickens,WR,2026,2,2026,9,7,0.0,19.89105987548828,False,42,5.285407161712646,31.504615974426265,3
George Pickens,WR,2026,2,2026,10,8,0.0,19.92594337463379,False,49,5.270495128631591,30.94287090301513,3
George Pickens,WR,2026,2,2026,11,9,0.0,19.903165817260742,False,56,5.201348781585695,29.80904426574704,3
George Pickens,WR,2026,2,2026,12,10,0.0,19.880069732666016,False,63,5.1153428077697765,29.151042103767395,3
George Pickens,WR,2026,2,2026,13,11,0.0,19.780000686645508,False,70,4.968727016448975,28.782645082473746,3
George Pickens,WR,2026,2,2026,14,12,0.0,19.66309356689453,False,77,4.820288562774659,28.109928417205804,3
George Pickens,WR,2026,2,2026,15,13,0.0,19.574607849121094,False,84,4.722010326385497,27.221596336364737,3
George Pickens,WR,2026,2,2026,16,14,0.0,19.441987991333008,False,91,4.558695125579835,25.055167317390435,3
George Pickens,WR,2026,2,2026,17,15,0.0,19.30813980102539,False,98,4.429148578643799,22.91263370513912,3
Germie Bernard,WR,2026,2,2026,3,1,0.0,1.5860594511032104,False,0,0.0,16.301819396018963,3
Germie Bernard,WR,2026,2,2026,4,2,0.0,1.2178199291229248,False,7,0.0,15.379132413864129,3
Germie Bernard,WR,2026,2,2026,5,3,0.0,1.2594739198684692,False,14,0.0,14.788703179359427,3
Germie Bernard,WR,2026,2,2026,6,4,0.0,1.31134831905365,False,21,0.0,14.862900805473314,3
Germie Bernard,WR,2026,2,2026,7,5,0.0,1.3371808528900146,False,28,0.0,14.28017346858978,3
Germie Bernard,WR,2026,2,2026,8,6,0.0,1.4243685007095337,False,35,0.0,13.641060471534725,3
Germie Bernard,WR,2026,2,2026,9,7,0.0,1.5359314680099487,False,42,0.0,13.149487566947933,3
Germie Bernard,WR,2026,2,2026,10,8,0.0,1.6921966075897217,False,49,0.0,12.709124135971063,3
Germie Bernard,WR,2026,2,2026,11,9,0.0,1.8559435606002808,False,56,0.0,11.76182200908658,3
Germie Bernard,WR,2026,2,2026,12,10,0.0,2.042971611022949,False,63,0.0,11.313943982124329,3
Germie Bernard,WR,2026,2,2026,13,11,0.0,2.2832694053649902,False,70,0.0,11.285913801193228,3
Germie Bernard,WR,2026,2,2026,14,12,0.0,2.480419635772705,False,77,0.0,10.927254486083978,3
Germie Bernard,WR,2026,2,2026,15,13,0.0,2.70375919342041,False,84,0.0,10.350747680664053,3
Germie Bernard,WR,2026,2,2026,16,14,0.0,2.886934995651245,False,91,0.0,8.500114321708672,3
Germie Bernard,WR,2026,2,2026,17,15,0.0,3.001314163208008,False,98,0.0,6.605808067321736,3
Greg Dortch,WR,2026,2,2026,3,1,0.0,3.403547763824463,False,0,0.0,18.119307708740216,3
Greg Dortch,WR,2026,2,2026,4,2,0.0,3.231876850128174,False,7,0.0,17.393189334869376,3
Greg Dortch,WR,2026,2,2026,5,3,0.0,3.433912754058838,False,14,0.0,16.963142013549795,3
Greg Dortch,WR,2026,2,2026,6,4,0.0,3.59814453125,False,21,0.0,17.149697017669666,3
Greg Dortch,WR,2026,2,2026,7,5,0.0,3.7866415977478027,False,28,0.0,16.729634213447568,3
Greg Dortch,WR,2026,2,2026,8,6,0.0,4.091830253601074,False,35,0.0,16.308522224426266,3
Greg Dortch,WR,2026,2,2026,9,7,0.0,4.446061134338379,False,42,0.0,16.059617233276363,3
Greg Dortch,WR,2026,2,2026,10,8,0.0,4.888171195983887,False,49,0.0,15.905098724365228,3
Greg Dortch,WR,2026,2,2026,11,9,0.0,5.2906084060668945,False,56,0.0,15.196486854553195,3
Greg Dortch,WR,2026,2,2026,12,10,0.0,5.734324932098389,False,63,0.0,15.005297303199768,3
Greg Dortch,WR,2026,2,2026,13,11,0.0,6.18594217300415,False,70,0.0,15.188586568832388,3
Greg Dortch,WR,2026,2,2026,14,12,0.0,6.5542073249816895,False,77,0.0,15.001042175292962,3
Greg Dortch,WR,2026,2,2026,15,13,0.0,6.822268009185791,False,84,0.0,14.469256496429434,3
Greg Dortch,WR,2026,2,2026,16,14,0.0,6.9663987159729,False,91,0.0,12.579578042030327,3
Greg Dortch,WR,2026,2,2026,17,15,0.0,7.0078816413879395,False,98,0.0,10.612375545501667,3
Hunter Luepke,RB,2026,2,2026,3,1,0.0,2.5571441650390625,False,0,0.0,17.272904109954816,3
Hunter Luepke,RB,2026,2,2026,4,2,0.0,2.2145912647247314,False,7,0.0,16.375903749465934,3
Hunter Luepke,RB,2026,2,2026,5,3,0.0,2.3719372749328613,False,14,0.0,15.901166534423819,3
Hunter Luepke,RB,2026,2,2026,6,4,0.0,2.4867796897888184,False,21,0.0,16.038332176208485,3
Hunter Luepke,RB,2026,2,2026,7,5,0.0,2.585498571395874,False,28,0.0,15.52849118709564,3
Hunter Luepke,RB,2026,2,2026,8,6,0.0,2.791316032409668,False,35,0.0,15.00800800323486,3
Hunter Luepke,RB,2026,2,2026,9,7,0.0,3.0703938007354736,False,42,0.0,14.683949899673458,3
Hunter Luepke,RB,2026,2,2026,10,8,0.0,3.4760549068450928,False,49,0.0,14.492982435226434,3
Hunter Luepke,RB,2026,2,2026,11,9,0.0,3.926909923553467,False,56,0.0,13.832788372039767,3
Hunter Luepke,RB,2026,2,2026,12,10,0.0,4.469833850860596,False,63,0.0,13.740806221961975,3
Hunter Luepke,RB,2026,2,2026,13,11,0.0,5.06925630569458,False,70,0.0,14.071900701522818,3
Hunter Luepke,RB,2026,2,2026,14,12,0.0,5.6028523445129395,False,77,0.0,14.049687194824212,3
Hunter Luepke,RB,2026,2,2026,15,13,0.0,6.062814235687256,False,84,0.0,13.709802722930899,3
Hunter Luepke,RB,2026,2,2026,16,14,0.0,6.3542914390563965,False,91,0.0,11.967470765113823,3
Hunter Luepke,RB,2026,2,2026,17,15,0.0,6.47797966003418,False,98,0.0,10.082473564147907,3
Isaac TeSlaa,WR,2026,2,2026,3,1,0.0,7.069910526275635,False,0,0.0,21.785670471191388,3
Isaac TeSlaa,WR,2026,2,2026,4,2,0.0,7.136353015899658,False,7,0.0,21.29766550064086,3
Isaac TeSlaa,WR,2026,2,2026,5,3,0.0,7.705908298492432,False,14,0.0,21.23513755798339,3
Isaac TeSlaa,WR,2026,2,2026,6,4,0.0,8.329959869384766,False,21,0.0,21.881512355804432,3
Isaac TeSlaa,WR,2026,2,2026,7,5,0.0,8.919535636901855,False,28,0.0,21.86252825260162,3
Isaac TeSlaa,WR,2026,2,2026,8,6,0.0,9.295611381530762,False,35,0.0,21.512303352355953,3
Isaac TeSlaa,WR,2026,2,2026,9,7,0.0,9.3318452835083,False,42,0.0,20.945401382446285,3
Isaac TeSlaa,WR,2026,2,2026,10,8,0.0,9.241353034973145,False,49,0.0,20.258280563354486,3
Isaac TeSlaa,WR,2026,2,2026,11,9,0.0,9.000298500061035,False,56,0.0,18.906176948547333,3
Isaac TeSlaa,WR,2026,2,2026,12,10,0.0,8.777472496032715,False,63,0.0,18.048444867134094,3
Isaac TeSlaa,WR,2026,2,2026,13,11,0.0,8.577101707458496,False,70,0.0,17.579746103286734,3
Isaac TeSlaa,WR,2026,2,2026,14,12,0.0,8.405743598937988,False,77,0.0,16.85257844924926,3
Isaac TeSlaa,WR,2026,2,2026,15,13,0.0,8.223322868347168,False,84,0.0,15.870311355590811,3
Isaac TeSlaa,WR,2026,2,2026,16,14,0.0,8.062976837158203,False,91,0.0,13.67615616321563,3
Isaac TeSlaa,WR,2026,2,2026,17,15,0.0,7.903873443603516,False,98,0.0,11.508367347717243,3
Isaiah Bond,WR,2026,2,2026,3,1,0.0,3.276883840560913,False,0,0.0,17.992643785476666,3
Isaiah Bond,WR,2026,2,2026,4,2,0.0,3.143885850906372,False,7,0.0,17.305198335647574,3
Isaiah Bond,WR,2026,2,2026,5,3,0.0,3.344087600708008,False,14,0.0,16.873316860198965,3
Isaiah Bond,WR,2026,2,2026,6,4,0.0,3.4907114505767822,False,21,0.0,17.04226393699645,3
Isaiah Bond,WR,2026,2,2026,7,5,0.0,3.6165881156921387,False,28,0.0,16.559580731391904,3
Isaiah Bond,WR,2026,2,2026,8,6,0.0,3.8163864612579346,False,35,0.0,16.033078432083126,3
Isaiah Bond,WR,2026,2,2026,9,7,0.0,4.035659313201904,False,42,0.0,15.649215412139888,3
Isaiah Bond,WR,2026,2,2026,10,8,0.0,4.309574604034424,False,49,0.0,15.326502132415765,3
Isaiah Bond,WR,2026,2,2026,11,9,0.0,4.536417484283447,False,56,0.0,14.442295932769747,3
Isaiah Bond,WR,2026,2,2026,12,10,0.0,4.775457859039307,False,63,0.0,14.046430230140686,3
Isaiah Bond,WR,2026,2,2026,13,11,0.0,5.040649890899658,False,70,0.0,14.043294286727896,3
Isaiah Bond,WR,2026,2,2026,14,12,0.0,5.2491135597229,False,77,0.0,13.695948410034173,3
Isaiah Bond,WR,2026,2,2026,15,13,0.0,5.438574314117432,False,84,0.0,13.085562801361075,3
Isaiah Bond,WR,2026,2,2026,16,14,0.0,5.563360691070557,False,91,0.0,11.176540017127984,3
Isaiah Bond,WR,2026,2,2026,17,15,0.0,5.634676933288574,False,98,0.0,9.239170837402302,3
Isaiah Davis,RB,2026,2,2026,3,1,0.0,3.5223629474639893,False,0,0.0,18.238122892379742,3
Isaiah Davis,RB,2026,2,2026,4,2,0.0,3.289233684539795,False,7,0.0,17.450546169280997,3
Isaiah Davis,RB,2026,2,2026,5,3,0.0,3.258009910583496,False,14,0.0,16.787239170074454,3
Isaiah Davis,RB,2026,2,2026,6,4,0.0,3.235379219055176,False,21,0.0,16.786931705474842,3
Isaiah Davis,RB,2026,2,2026,7,5,0.0,3.1587319374084473,False,28,0.0,16.101724553108212,3
Isaiah Davis,RB,2026,2,2026,8,6,0.0,3.060084342956543,False,35,0.0,15.276776313781735,3
Isaiah Davis,RB,2026,2,2026,9,7,0.0,2.938821792602539,False,42,0.0,14.552377891540523,3
Isaiah Davis,RB,2026,2,2026,10,8,0.0,2.855288028717041,False,49,0.0,13.872215557098382,3
Isaiah Davis,RB,2026,2,2026,11,9,0.0,2.741058111190796,False,56,0.0,12.646936559677096,3
Isaiah Davis,RB,2026,2,2026,12,10,0.0,2.627361536026001,False,63,0.0,11.89833390712738,3
Isaiah Davis,RB,2026,2,2026,13,11,0.0,2.551780939102173,False,70,0.0,11.55442533493041,3
Isaiah Davis,RB,2026,2,2026,14,12,0.0,2.4763641357421875,False,77,0.0,10.92319898605346,3
Isaiah Davis,RB,2026,2,2026,15,13,0.0,2.420377731323242,False,84,0.0,10.067366218566885,3
Isaiah Davis,RB,2026,2,2026,16,14,0.0,2.3947551250457764,False,91,0.0,8.007934451103203,3
Isaiah Davis,RB,2026,2,2026,17,15,0.0,2.39030385017395,False,98,0.0,5.994797754287679,3
Isaiah Williams,WR,2026,2,2026,3,1,0.0,0.9453824162483215,False,0,0.0,15.661142361164075,3
Isaiah Williams,WR,2026,2,2026,4,2,0.0,0.6175280809402466,False,7,0.0,14.77884056568145,3
Isaiah Williams,WR,2026,2,2026,5,3,0.0,0.6506198644638062,False,14,0.0,14.179849123954764,3
Isaiah Williams,WR,2026,2,2026,6,4,0.0,0.7114548087120056,False,21,0.0,14.26300729513167,3
Isaiah Williams,WR,2026,2,2026,7,5,0.0,0.7332959175109863,False,28,0.0,13.676288533210752,3
Isaiah Williams,WR,2026,2,2026,8,6,0.0,0.8002161383628845,False,35,0.0,13.016908109188076,3
Isaiah Williams,WR,2026,2,2026,9,7,0.0,0.8791024088859558,False,42,0.0,12.49265850782394,3
Isaiah Williams,WR,2026,2,2026,10,8,0.0,0.9716964364051819,False,49,0.0,11.988623964786523,3
Isaiah Williams,WR,2026,2,2026,11,9,0.0,1.066583275794983,False,56,0.0,10.972461724281283,3
Isaiah Williams,WR,2026,2,2026,12,10,0.0,1.1604403257369995,False,63,0.0,10.431412696838379,3
Isaiah Williams,WR,2026,2,2026,13,11,0.0,1.3045588731765747,False,70,0.0,10.307203269004813,3
Isaiah Williams,WR,2026,2,2026,14,12,0.0,1.4216488599777222,False,77,0.0,9.868483710288995,3
Isaiah Williams,WR,2026,2,2026,15,13,0.0,1.5775001049041748,False,84,0.0,9.224488592147818,3
Isaiah Williams,WR,2026,2,2026,16,14,0.0,1.7274150848388672,False,91,0.0,7.340594410896295,3
Isaiah Williams,WR,2026,2,2026,17,15,0.0,1.8475682735443115,False,98,0.0,5.45206217765804,3
J. Michael Sturdivant,WR,2026,2,2026,3,1,0.0,1.6108206510543823,False,0,0.0,16.326580595970135,3
J. Michael Sturdivant,WR,2026,2,2026,4,2,0.0,1.318602442741394,False,7,0.0,15.479914927482598,3
J. Michael Sturdivant,WR,2026,2,2026,5,3,0.0,1.374188780784607,False,14,0.0,14.903418040275564,3
J. Michael Sturdivant,WR,2026,2,2026,6,4,0.0,1.4381051063537598,False,21,0.0,14.989657592773424,3
J. Michael Sturdivant,WR,2026,2,2026,7,5,0.0,1.4595986604690552,False,28,0.0,14.40259127616882,3
J. Michael Sturdivant,WR,2026,2,2026,8,6,0.0,1.5186842679977417,False,35,0.0,13.735376238822933,3
J. Michael Sturdivant,WR,2026,2,2026,9,7,0.0,1.5826431512832642,False,42,0.0,13.196199250221248,3
J. Michael Sturdivant,WR,2026,2,2026,10,8,0.0,1.6610337495803833,False,49,0.0,12.677961277961725,3
J. Michael Sturdivant,WR,2026,2,2026,11,9,0.0,1.7242323160171509,False,56,0.0,11.630110764503451,3
J. Michael Sturdivant,WR,2026,2,2026,12,10,0.0,1.7738960981369019,False,63,0.0,11.044868469238281,3
J. Michael Sturdivant,WR,2026,2,2026,13,11,0.0,1.8636795282363892,False,70,0.0,10.866323924064627,3
J. Michael Sturdivant,WR,2026,2,2026,14,12,0.0,1.9222856760025024,False,77,0.0,10.369120526313775,3
J. Michael Sturdivant,WR,2026,2,2026,15,13,0.0,2.000399351119995,False,84,0.0,9.647387838363638,3
J. Michael Sturdivant,WR,2026,2,2026,16,14,0.0,2.0722148418426514,False,91,0.0,7.685394167900079,3
J. Michael Sturdivant,WR,2026,2,2026,17,15,0.0,2.1259102821350098,False,98,0.0,5.730404186248738,3
J.K. Dobbins,RB,2026,2,2026,3,1,0.0,3.352760076522827,False,0,0.0,18.06852002143858,3
J.K. Dobbins,RB,2026,2,2026,4,2,0.0,2.8477602005004883,False,7,0.0,17.00907268524169,3
J.K. Dobbins,RB,2026,2,2026,5,3,0.0,2.7287416458129883,False,14,0.0,16.257970905303946,3
J.K. Dobbins,RB,2026,2,2026,6,4,0.0,2.6693878173828125,False,21,0.0,16.22094030380248,3
J.K. Dobbins,RB,2026,2,2026,7,5,0.0,2.581422805786133,False,28,0.0,15.524415421485898,3
J.K. Dobbins,RB,2026,2,2026,8,6,0.0,2.5145552158355713,False,35,0.0,14.731247186660763,3
J.K. Dobbins,RB,2026,2,2026,9,7,0.0,2.4885542392730713,False,42,0.0,14.102110338211055,3
J.K. Dobbins,RB,2026,2,2026,10,8,0.0,2.5150389671325684,False,49,0.0,13.53196649551391,3
J.K. Dobbins,RB,2026,2,2026,11,9,0.0,2.568157911300659,False,56,0.0,12.47403635978696,3
J.K. Dobbins,RB,2026,2,2026,12,10,0.0,2.647449016571045,False,63,0.0,11.918421387672424,3
J.K. Dobbins,RB,2026,2,2026,13,11,0.0,2.800994873046875,False,70,0.0,11.803639268875113,3
J.K. Dobbins,RB,2026,2,2026,14,12,0.0,2.9644107818603516,False,77,0.0,11.411245632171624,3
J.K. Dobbins,RB,2026,2,2026,15,13,0.0,3.1813716888427734,False,84,0.0,10.828360176086417,3
J.K. Dobbins,RB,2026,2,2026,16,14,0.0,3.394350290298462,False,91,0.0,9.007529616355889,3
J.K. Dobbins,RB,2026,2,2026,17,15,0.0,3.563908338546753,False,98,0.0,7.168402242660481,3
Ja'Kobi Lane,WR,2026,2,2026,3,1,0.0,1.9425501823425293,False,0,0.0,16.658310127258282,3
Ja'Kobi Lane,WR,2026,2,2026,4,2,0.0,1.5974878072738647,False,7,0.0,15.758800292015069,3
Ja'Kobi Lane,WR,2026,2,2026,5,3,0.0,1.6442581415176392,False,14,0.0,15.173487401008597,3
Ja'Kobi Lane,WR,2026,2,2026,6,4,0.0,1.694534182548523,False,21,0.0,15.246086668968188,3
Ja'Kobi Lane,WR,2026,2,2026,7,5,0.0,1.716436743736267,False,28,0.0,14.659429359436032,3
Ja'Kobi Lane,WR,2026,2,2026,8,6,0.0,1.7949403524398804,False,35,0.0,14.011632323265072,3
Ja'Kobi Lane,WR,2026,2,2026,9,7,0.0,1.8913871049880981,False,42,0.0,13.504943203926082,3
Ja'Kobi Lane,WR,2026,2,2026,10,8,0.0,2.0236847400665283,False,49,0.0,13.04061226844787,3
Ja'Kobi Lane,WR,2026,2,2026,11,9,0.0,2.1480860710144043,False,56,0.0,12.053964519500704,3
Ja'Kobi Lane,WR,2026,2,2026,12,10,0.0,2.2789816856384277,False,63,0.0,11.549954056739807,3
Ja'Kobi Lane,WR,2026,2,2026,13,11,0.0,2.456873893737793,False,70,0.0,11.45951828956603,3
Ja'Kobi Lane,WR,2026,2,2026,14,12,0.0,2.5900039672851562,False,77,0.0,11.03683881759643,3
Ja'Kobi Lane,WR,2026,2,2026,15,13,0.0,2.739318370819092,False,84,0.0,10.386306858062735,3
Ja'Kobi Lane,WR,2026,2,2026,16,14,0.0,2.8503432273864746,False,91,0.0,8.463522553443902,3
Ja'Kobi Lane,WR,2026,2,2026,17,15,0.0,2.9112496376037598,False,98,0.0,6.515743541717488,3
Ja'Marr Chase,WR,2026,2,2026,3,1,0.0,18.00482940673828,False,0,6.906213951110839,32.720589351654034,3
Ja'Marr Chase,WR,2026,2,2026,4,2,0.0,19.121482849121094,False,7,5.454188632965087,33.282795333862296,3
Ja'Marr Chase,WR,2026,2,2026,5,3,0.0,19.006725311279297,False,14,4.879139995574951,32.53595457077026,3
Ja'Marr Chase,WR,2026,2,2026,6,4,0.0,18.862812042236328,False,21,4.575057792663575,32.414364528655994,3
Ja'Marr Chase,WR,2026,2,2026,7,5,0.0,18.76036262512207,False,28,4.321912384033203,31.703355240821836,3
Ja'Marr Chase,WR,2026,2,2026,8,6,0.0,18.689144134521484,False,35,4.155742931365966,30.905836105346676,3
Ja'Marr Chase,WR,2026,2,2026,9,7,0.0,18.608795166015625,False,42,4.00314245223999,30.22235126495361,3
Ja'Marr Chase,WR,2026,2,2026,10,8,0.0,18.577369689941406,False,49,3.9219214439392083,29.594297218322748,3
Ja'Marr Chase,WR,2026,2,2026,11,9,0.0,18.522003173828125,False,56,3.820186138153078,28.427881622314423,3
Ja'Marr Chase,WR,2026,2,2026,12,10,0.0,18.49968910217285,False,63,3.7349621772766124,27.77066147327423,3
Ja'Marr Chase,WR,2026,2,2026,13,11,0.0,18.428770065307617,False,70,3.6174963951110843,27.431414461135855,3
Ja'Marr Chase,WR,2026,2,2026,14,12,0.0,18.301620483398438,False,77,3.458815479278565,26.74845533370971,3
Ja'Marr Chase,WR,2026,2,2026,15,13,0.0,18.172748565673828,False,84,3.3201510429382317,25.81973705291747,3
Ja'Marr Chase,WR,2026,2,2026,16,14,0.0,17.96984100341797,False,91,3.0865481376647956,23.583020329475396,3
Ja'Marr Chase,WR,2026,2,2026,17,15,0.0,17.80006980895996,False,98,2.9210785865783695,21.40456371307369,3
Jack Bech,WR,2026,2,2026,3,1,0.0,3.1222314834594727,False,0,0.0,17.837991428375226,3
Jack Bech,WR,2026,2,2026,4,2,0.0,3.1082303524017334,False,7,0.0,17.269542837142936,3
Jack Bech,WR,2026,2,2026,5,3,0.0,3.304960250854492,False,14,0.0,16.83418951034545,3
Jack Bech,WR,2026,2,2026,6,4,0.0,3.4421000480651855,False,21,0.0,16.993652534484852,3
Jack Bech,WR,2026,2,2026,7,5,0.0,3.5505762100219727,False,28,0.0,16.493568825721738,3
Jack Bech,WR,2026,2,2026,8,6,0.0,3.7202625274658203,False,35,0.0,15.936954498291012,3
Jack Bech,WR,2026,2,2026,9,7,0.0,3.892904281616211,False,42,0.0,15.506460380554195,3
Jack Bech,WR,2026,2,2026,10,8,0.0,4.101222991943359,False,49,0.0,15.1181505203247,3
Jack Bech,WR,2026,2,2026,11,9,0.0,4.249288558959961,False,56,0.0,14.155167007446261,3
Jack Bech,WR,2026,2,2026,12,10,0.0,4.396266937255859,False,63,0.0,13.667239308357239,3
Jack Bech,WR,2026,2,2026,13,11,0.0,4.561608791351318,False,70,0.0,13.564253187179556,3
Jack Bech,WR,2026,2,2026,14,12,0.0,4.671376705169678,False,77,0.0,13.11821155548095,3
Jack Bech,WR,2026,2,2026,15,13,0.0,4.757837295532227,False,84,0.0,12.40482578277587,3
Jack Bech,WR,2026,2,2026,16,14,0.0,4.806970596313477,False,91,0.0,10.420149922370904,3
Jack Bech,WR,2026,2,2026,17,15,0.0,4.824332237243652,False,98,0.0,8.42882614135738,3
Jacob Cowing,WR,2026,2,2026,3,1,0.0,1.476723551750183,False,0,0.0,16.192483496665936,3
Jacob Cowing,WR,2026,2,2026,4,2,0.0,1.2530338764190674,False,7,0.0,15.414346361160272,3
Jacob Cowing,WR,2026,2,2026,5,3,0.0,1.392788052558899,False,14,0.0,14.922017312049856,3
Jacob Cowing,WR,2026,2,2026,6,4,0.0,1.514267086982727,False,21,0.0,15.065819573402392,3
Jacob Cowing,WR,2026,2,2026,7,5,0.0,1.5773919820785522,False,28,0.0,14.520384597778317,3
Jacob Cowing,WR,2026,2,2026,8,6,0.0,1.691897988319397,False,35,0.0,13.908589959144589,3
Jacob Cowing,WR,2026,2,2026,9,7,0.0,1.8222237825393677,False,42,0.0,13.435779881477352,3
Jacob Cowing,WR,2026,2,2026,10,8,0.0,1.9832733869552612,False,49,0.0,13.000200915336602,3
Jacob Cowing,WR,2026,2,2026,11,9,0.0,2.139019012451172,False,56,0.0,12.044897460937472,3
Jacob Cowing,WR,2026,2,2026,12,10,0.0,2.307187557220459,False,63,0.0,11.578159928321838,3
Jacob Cowing,WR,2026,2,2026,13,11,0.0,2.535651206970215,False,70,0.0,11.538295602798453,3
Jacob Cowing,WR,2026,2,2026,14,12,0.0,2.7344114780426025,False,77,0.0,11.181246328353875,3
Jacob Cowing,WR,2026,2,2026,15,13,0.0,2.9628219604492188,False,84,0.0,10.609810447692862,3
Jacob Cowing,WR,2026,2,2026,16,14,0.0,3.1657285690307617,False,91,0.0,8.778907895088189,3
Jacob Cowing,WR,2026,2,2026,17,15,0.0,3.327300548553467,False,98,0.0,6.931794452667195,3
Jacob Saylors,RB,2026,2,2026,3,1,0.0,4.232666015625,False,0,0.0,18.948425960540753,3
Jacob Saylors,RB,2026,2,2026,4,2,0.0,4.346502304077148,False,7,0.0,18.50781478881835,3
Jacob Saylors,RB,2026,2,2026,5,3,0.0,4.609617710113525,False,14,0.0,18.138846969604483,3
Jacob Saylors,RB,2026,2,2026,6,4,0.0,4.7838239669799805,False,21,0.0,18.335376453399647,3
Jacob Saylors,RB,2026,2,2026,7,5,0.0,4.810610294342041,False,28,0.0,17.753602910041806,3
Jacob Saylors,RB,2026,2,2026,8,6,0.0,4.736838340759277,False,35,0.0,16.95353031158447,3
Jacob Saylors,RB,2026,2,2026,9,7,0.0,4.561023235321045,False,42,0.0,16.17457933425903,3
Jacob Saylors,RB,2026,2,2026,10,8,0.0,4.401451587677002,False,49,0.0,15.418379116058343,3
Jacob Saylors,RB,2026,2,2026,11,9,0.0,4.181478023529053,False,56,0.0,14.087356472015353,3
Jacob Saylors,RB,2026,2,2026,12,10,0.0,3.97823429107666,False,63,0.0,13.24920666217804,3
Jacob Saylors,RB,2026,2,2026,13,11,0.0,3.831289768218994,False,70,0.0,12.833934164047232,3
Jacob Saylors,RB,2026,2,2026,14,12,0.0,3.722517490386963,False,77,0.0,12.169352340698236,3
Jacob Saylors,RB,2026,2,2026,15,13,0.0,3.6272976398468018,False,84,0.0,11.274286127090445,3
Jacob Saylors,RB,2026,2,2026,16,14,0.0,3.5724964141845703,False,91,0.0,9.185675740241997,3
Jacob Saylors,RB,2026,2,2026,17,15,0.0,3.5508065223693848,False,98,0.0,7.155300426483113,3
Jacory Croskey-Merritt,RB,2026,2,2026,3,1,0.0,6.94600248336792,False,0,0.0,21.661762428283673,3
Jacory Croskey-Merritt,RB,2026,2,2026,4,2,0.0,6.682754993438721,False,7,0.0,20.844067478179923,3
Jacory Croskey-Merritt,RB,2026,2,2026,5,3,0.0,6.745790958404541,False,14,0.0,20.2750202178955,3
Jacory Croskey-Merritt,RB,2026,2,2026,6,4,0.0,6.894794940948486,False,21,0.0,20.446347427368153,3
Jacory Croskey-Merritt,RB,2026,2,2026,7,5,0.0,7.026978015899658,False,28,0.0,19.969970631599423,3
Jacory Croskey-Merritt,RB,2026,2,2026,8,6,0.0,7.156235218048096,False,35,0.0,19.372927188873287,3
Jacory Croskey-Merritt,RB,2026,2,2026,9,7,0.0,7.386760234832764,False,42,0.0,19.000316333770748,3
Jacory Croskey-Merritt,RB,2026,2,2026,10,8,0.0,7.796123504638672,False,49,0.0,18.813051033020013,3
Jacory Croskey-Merritt,RB,2026,2,2026,11,9,0.0,8.119718551635742,False,56,0.0,18.02559700012204,3
Jacory Croskey-Merritt,RB,2026,2,2026,12,10,0.0,8.331633567810059,False,63,0.0,17.602605938911438,3
Jacory Croskey-Merritt,RB,2026,2,2026,13,11,0.0,8.429161071777344,False,70,0.0,17.43180546760558,3
Jacory Croskey-Merritt,RB,2026,2,2026,14,12,0.0,8.47181510925293,False,77,0.0,16.918649959564203,3
Jacory Croskey-Merritt,RB,2026,2,2026,15,13,0.0,8.430008888244629,False,84,0.0,16.076997375488272,3
Jacory Croskey-Merritt,RB,2026,2,2026,16,14,0.0,8.371596336364746,False,91,0.0,13.984775662422173,3
Jacory Croskey-Merritt,RB,2026,2,2026,17,15,0.0,8.27480411529541,False,98,0.0,11.879298019409138,3
Jadarian Price,RB,2026,2,2026,3,1,0.0,2.6471691131591797,False,0,0.0,17.362929058074933,3
Jadarian Price,RB,2026,2,2026,4,2,0.0,2.3752083778381348,False,7,0.0,16.536520862579337,3
Jadarian Price,RB,2026,2,2026,5,3,0.0,2.4294848442077637,False,14,0.0,15.958714103698721,3
Jadarian Price,RB,2026,2,2026,6,4,0.0,2.473051071166992,False,21,0.0,16.02460355758666,3
Jadarian Price,RB,2026,2,2026,7,5,0.0,2.4921977519989014,False,28,0.0,15.435190367698667,3
Jadarian Price,RB,2026,2,2026,8,6,0.0,2.584155321121216,False,35,0.0,14.800847291946408,3
Jadarian Price,RB,2026,2,2026,9,7,0.0,2.7153091430664062,False,42,0.0,14.32886524200439,3
Jadarian Price,RB,2026,2,2026,10,8,0.0,2.9062159061431885,False,49,0.0,13.92314343452453,3
Jadarian Price,RB,2026,2,2026,11,9,0.0,3.093423843383789,False,56,0.0,12.99930229187009,3
Jadarian Price,RB,2026,2,2026,12,10,0.0,3.3057079315185547,False,63,0.0,12.576680302619934,3
Jadarian Price,RB,2026,2,2026,13,11,0.0,3.5645947456359863,False,70,0.0,12.567239141464224,3
Jadarian Price,RB,2026,2,2026,14,12,0.0,3.7753214836120605,False,77,0.0,12.222156333923333,3
Jadarian Price,RB,2026,2,2026,15,13,0.0,3.9660985469818115,False,84,0.0,11.613087034225455,3
Jadarian Price,RB,2026,2,2026,16,14,0.0,4.096229553222656,False,91,0.0,9.709408879280083,3
Jadarian Price,RB,2026,2,2026,17,15,0.0,4.147994041442871,False,98,0.0,7.7524879455566,3
Jahan Dotson,WR,2026,2,2026,3,1,0.0,2.3303534984588623,False,0,0.0,17.046113443374615,3
Jahan Dotson,WR,2026,2,2026,4,2,0.0,2.2749457359313965,False,7,0.0,16.4362582206726,3
Jahan Dotson,WR,2026,2,2026,5,3,0.0,2.4063119888305664,False,14,0.0,15.935541248321524,3
Jahan Dotson,WR,2026,2,2026,6,4,0.0,2.495570659637451,False,21,0.0,16.047123146057118,3
Jahan Dotson,WR,2026,2,2026,7,5,0.0,2.518519163131714,False,28,0.0,15.461511778831479,3
Jahan Dotson,WR,2026,2,2026,8,6,0.0,2.554899215698242,False,35,0.0,14.771591186523434,3
Jahan Dotson,WR,2026,2,2026,9,7,0.0,2.5632362365722656,False,42,0.0,14.17679233551025,3
Jahan Dotson,WR,2026,2,2026,10,8,0.0,2.574213981628418,False,49,0.0,13.59114151000976,3
Jahan Dotson,WR,2026,2,2026,11,9,0.0,2.5390939712524414,False,56,0.0,12.444972419738741,3
Jahan Dotson,WR,2026,2,2026,12,10,0.0,2.487011194229126,False,63,0.0,11.757983565330505,3
Jahan Dotson,WR,2026,2,2026,13,11,0.0,2.468010187149048,False,70,0.0,11.470654582977286,3
Jahan Dotson,WR,2026,2,2026,14,12,0.0,2.4386086463928223,False,77,0.0,10.885443496704095,3
Jahan Dotson,WR,2026,2,2026,15,13,0.0,2.425395965576172,False,84,0.0,10.072384452819815,3
Jahan Dotson,WR,2026,2,2026,16,14,0.0,2.4308111667633057,False,91,0.0,8.043990492820733,3
Jahan Dotson,WR,2026,2,2026,17,15,0.0,2.450035572052002,False,98,0.0,6.0545294761657305,3
Jahdae Walker,WR,2026,2,2026,3,1,0.0,1.9544600248336792,False,0,0.0,16.670219969749432,3
Jahdae Walker,WR,2026,2,2026,4,2,0.0,1.833634853363037,False,7,0.0,15.994947338104241,3
Jahdae Walker,WR,2026,2,2026,5,3,0.0,2.0043013095855713,False,14,0.0,15.533530569076529,3
Jahdae Walker,WR,2026,2,2026,6,4,0.0,2.13008975982666,False,21,0.0,15.681642246246325,3
Jahdae Walker,WR,2026,2,2026,7,5,0.0,2.1912002563476562,False,28,0.0,15.134192872047421,3
Jahdae Walker,WR,2026,2,2026,8,6,0.0,2.286856174468994,False,35,0.0,14.503548145294186,3
Jahdae Walker,WR,2026,2,2026,9,7,0.0,2.3784351348876953,False,42,0.0,13.99199123382568,3
Jahdae Walker,WR,2026,2,2026,10,8,0.0,2.483201026916504,False,49,0.0,13.500128555297845,3
Jahdae Walker,WR,2026,2,2026,11,9,0.0,2.551445722579956,False,56,0.0,12.457324171066256,3
Jahdae Walker,WR,2026,2,2026,12,10,0.0,2.612598419189453,False,63,0.0,11.883570790290833,3
Jahdae Walker,WR,2026,2,2026,13,11,0.0,2.7147505283355713,False,70,0.0,11.71739492416381,3
Jahdae Walker,WR,2026,2,2026,14,12,0.0,2.7807254791259766,False,77,0.0,11.22756032943725,3
Jahdae Walker,WR,2026,2,2026,15,13,0.0,2.867056131362915,False,84,0.0,10.514044618606558,3
Jahdae Walker,WR,2026,2,2026,16,14,0.0,2.9424870014190674,False,91,0.0,8.555666327476494,3
Jahdae Walker,WR,2026,2,2026,17,15,0.0,3.0086052417755127,False,98,0.0,6.613099145889241,3
Jahmyr Gibbs,RB,2026,2,2026,3,1,0.0,18.294660568237305,False,0,7.196045112609863,33.01042051315306,3
Jahmyr Gibbs,RB,2026,2,2026,4,2,0.0,19.243316650390625,False,7,5.576022434234618,33.40462913513183,3
Jahmyr Gibbs,RB,2026,2,2026,5,3,0.0,18.896106719970703,False,14,4.768521404266357,32.425335979461664,3
Jahmyr Gibbs,RB,2026,2,2026,6,4,0.0,18.601390838623047,False,21,4.313636589050294,32.15294332504271,3
Jahmyr Gibbs,RB,2026,2,2026,7,5,0.0,18.392208099365234,False,28,3.953757858276367,31.335200715065,3
Jahmyr Gibbs,RB,2026,2,2026,8,6,0.0,18.227842330932617,False,35,3.6944411277770985,30.44453430175781,3
Jahmyr Gibbs,RB,2026,2,2026,9,7,0.0,18.085193634033203,False,42,3.479540920257568,29.698749732971187,3
Jahmyr Gibbs,RB,2026,2,2026,10,8,0.0,18.00749969482422,False,49,3.3520514488220208,29.02442722320556,3
Jahmyr Gibbs,RB,2026,2,2026,11,9,0.0,17.918987274169922,False,56,3.217170238494875,27.82486572265622,3
Jahmyr Gibbs,RB,2026,2,2026,12,10,0.0,17.865577697753906,False,63,3.100850772857667,27.136550068855286,3
Jahmyr Gibbs,RB,2026,2,2026,13,11,0.0,17.790119171142578,False,70,2.9788455009460453,26.792763566970816,3
Jahmyr Gibbs,RB,2026,2,2026,14,12,0.0,17.67844009399414,False,77,2.835635089874268,26.125274944305414,3
Jahmyr Gibbs,RB,2026,2,2026,15,13,0.0,17.571170806884766,False,84,2.718573284149169,25.21815929412841,3
Jahmyr Gibbs,RB,2026,2,2026,16,14,0.0,17.380847930908203,False,91,2.49755506515503,22.99402725696563,3
Jahmyr Gibbs,RB,2026,2,2026,17,15,0.0,17.20538330078125,False,98,2.3263920783996586,20.809877204894978,3
Jakobi Meyers,WR,2026,2,2026,3,1,0.0,12.838086128234863,False,0,1.7394706726074212,27.553846073150616,3
Jakobi Meyers,WR,2026,2,2026,4,2,0.0,12.897077560424805,False,7,0.0,27.058390045166007,3
Jakobi Meyers,WR,2026,2,2026,5,3,0.0,12.676348686218262,False,14,0.0,26.20557794570922,3
Jakobi Meyers,WR,2026,2,2026,6,4,0.0,12.397669792175293,False,21,0.0,25.94922227859496,3
Jakobi Meyers,WR,2026,2,2026,7,5,0.0,12.063961029052734,False,28,0.0,25.0069536447525,3
Jakobi Meyers,WR,2026,2,2026,8,6,0.0,11.581216812133789,False,35,0.0,23.79790878295898,3
Jakobi Meyers,WR,2026,2,2026,9,7,0.0,11.114668846130371,False,42,0.0,22.728224945068355,3
Jakobi Meyers,WR,2026,2,2026,10,8,0.0,10.693230628967285,False,49,0.0,21.710158157348626,3
Jakobi Meyers,WR,2026,2,2026,11,9,0.0,10.23117446899414,False,56,0.0,20.13705291748044,3
Jakobi Meyers,WR,2026,2,2026,12,10,0.0,9.78403377532959,False,63,0.0,19.05500614643097,3
Jakobi Meyers,WR,2026,2,2026,13,11,0.0,9.390926361083984,False,70,0.0,18.393570756912222,3
Jakobi Meyers,WR,2026,2,2026,14,12,0.0,9.055045127868652,False,77,0.0,17.501879978179925,3
Jakobi Meyers,WR,2026,2,2026,15,13,0.0,8.648701667785645,False,84,0.0,16.295690155029288,3
Jakobi Meyers,WR,2026,2,2026,16,14,0.0,8.313895225524902,False,91,0.0,13.92707455158233,3
Jakobi Meyers,WR,2026,2,2026,17,15,0.0,8.03762435913086,False,98,0.0,11.642118263244587,3
Jaleel McLaughlin,RB,2026,2,2026,3,1,0.0,6.372351169586182,False,0,0.0,21.088111114501935,3
Jaleel McLaughlin,RB,2026,2,2026,4,2,0.0,6.360976696014404,False,7,0.0,20.522289180755607,3
Jaleel McLaughlin,RB,2026,2,2026,5,3,0.0,6.43898344039917,False,14,0.0,19.968212699890127,3
Jaleel McLaughlin,RB,2026,2,2026,6,4,0.0,6.49193000793457,False,21,0.0,20.043482494354237,3
Jaleel McLaughlin,RB,2026,2,2026,7,5,0.0,6.448226451873779,False,28,0.0,19.391219067573545,3
Jaleel McLaughlin,RB,2026,2,2026,8,6,0.0,6.2535929679870605,False,35,0.0,18.470284938812252,3
Jaleel McLaughlin,RB,2026,2,2026,9,7,0.0,5.898452281951904,False,42,0.0,17.51200838088989,3
Jaleel McLaughlin,RB,2026,2,2026,10,8,0.0,5.513302326202393,False,49,0.0,16.530229854583734,3
Jaleel McLaughlin,RB,2026,2,2026,11,9,0.0,5.053739070892334,False,56,0.0,14.959617519378634,3
Jaleel McLaughlin,RB,2026,2,2026,12,10,0.0,4.6353020668029785,False,63,0.0,13.906274437904358,3
Jaleel McLaughlin,RB,2026,2,2026,13,11,0.0,4.296380519866943,False,70,0.0,13.299024915695181,3
Jaleel McLaughlin,RB,2026,2,2026,14,12,0.0,4.048980236053467,False,77,0.0,12.49581508636474,3
Jaleel McLaughlin,RB,2026,2,2026,15,13,0.0,3.848759412765503,False,84,0.0,11.495747900009146,3
Jaleel McLaughlin,RB,2026,2,2026,16,14,0.0,3.7173104286193848,False,91,0.0,9.330489754676812,3
Jaleel McLaughlin,RB,2026,2,2026,17,15,0.0,3.643972396850586,False,98,0.0,7.248466300964314,3
Jalen Brooks,WR,2026,2,2026,3,1,0.0,1.1857224702835083,False,0,0.0,15.901482415199261,3
Jalen Brooks,WR,2026,2,2026,4,2,0.0,1.0129966735839844,False,7,0.0,15.174309158325189,3
Jalen Brooks,WR,2026,2,2026,5,3,0.0,1.1431760787963867,False,14,0.0,14.672405338287344,3
Jalen Brooks,WR,2026,2,2026,6,4,0.0,1.2682524919509888,False,21,0.0,14.819804978370653,3
Jalen Brooks,WR,2026,2,2026,7,5,0.0,1.3252812623977661,False,28,0.0,14.268273878097531,3
Jalen Brooks,WR,2026,2,2026,8,6,0.0,1.4136821031570435,False,35,0.0,13.630374073982235,3
Jalen Brooks,WR,2026,2,2026,9,7,0.0,1.5042741298675537,False,42,0.0,13.117830228805538,3
Jalen Brooks,WR,2026,2,2026,10,8,0.0,1.6024807691574097,False,49,0.0,12.619408297538751,3
Jalen Brooks,WR,2026,2,2026,11,9,0.0,1.684655785560608,False,56,0.0,11.590534234046908,3
Jalen Brooks,WR,2026,2,2026,12,10,0.0,1.7533258199691772,False,63,0.0,11.024298191070557,3
Jalen Brooks,WR,2026,2,2026,13,11,0.0,1.870072603225708,False,70,0.0,10.872716999053946,3
Jalen Brooks,WR,2026,2,2026,14,12,0.0,1.9632545709609985,False,77,0.0,10.410089421272271,3
Jalen Brooks,WR,2026,2,2026,15,13,0.0,2.075319766998291,False,84,0.0,9.722308254241934,3
Jalen Brooks,WR,2026,2,2026,16,14,0.0,2.1824324131011963,False,91,0.0,7.795611739158624,3
Jalen Brooks,WR,2026,2,2026,17,15,0.0,2.2714309692382812,False,98,0.0,5.87592487335201,3
Jalen Coker,WR,2026,2,2026,3,1,0.0,5.980677127838135,False,0,0.0,20.696437072753888,3
Jalen Coker,WR,2026,2,2026,4,2,0.0,5.761666297912598,False,7,0.0,19.9229787826538,3
Jalen Coker,WR,2026,2,2026,5,3,0.0,5.914309501647949,False,14,0.0,19.443538761138907,3
Jalen Coker,WR,2026,2,2026,6,4,0.0,6.109002590179443,False,21,0.0,19.66055507659911,3
Jalen Coker,WR,2026,2,2026,7,5,0.0,6.329288482666016,False,28,0.0,19.27228109836578,3
Jalen Coker,WR,2026,2,2026,8,6,0.0,6.6413254737854,False,35,0.0,18.858017444610592,3
Jalen Coker,WR,2026,2,2026,9,7,0.0,6.990156173706055,False,42,0.0,18.60371227264404,3
Jalen Coker,WR,2026,2,2026,10,8,0.0,7.44474458694458,False,49,0.0,18.46167211532592,3
Jalen Coker,WR,2026,2,2026,11,9,0.0,7.883996486663818,False,56,0.0,17.789874935150117,3
Jalen Coker,WR,2026,2,2026,12,10,0.0,8.285490036010742,False,63,0.0,17.55646240711212,3
Jalen Coker,WR,2026,2,2026,13,11,0.0,8.577491760253906,False,70,0.0,17.580136156082144,3
Jalen Coker,WR,2026,2,2026,14,12,0.0,8.757514953613281,False,77,0.0,17.204349803924554,3
Jalen Coker,WR,2026,2,2026,15,13,0.0,8.822904586791992,False,84,0.0,16.469893074035635,3
Jalen Coker,WR,2026,2,2026,16,14,0.0,8.847672462463379,False,91,0.0,14.460851788520806,3
Jalen Coker,WR,2026,2,2026,17,15,0.0,8.821663856506348,False,98,0.0,12.426157760620075,3
Jalen McMillan,WR,2026,2,2026,3,1,0.0,4.01579475402832,False,0,0.0,18.731554698944073,3
Jalen McMillan,WR,2026,2,2026,4,2,0.0,3.9927690029144287,False,7,0.0,18.15408148765563,3
Jalen McMillan,WR,2026,2,2026,5,3,0.0,4.22137975692749,False,14,0.0,17.750609016418448,3
Jalen McMillan,WR,2026,2,2026,6,4,0.0,4.419842720031738,False,21,0.0,17.971395206451405,3
Jalen McMillan,WR,2026,2,2026,7,5,0.0,4.566155910491943,False,28,0.0,17.50914852619171,3
Jalen McMillan,WR,2026,2,2026,8,6,0.0,4.71679162979126,False,35,0.0,16.93348360061645,3
Jalen McMillan,WR,2026,2,2026,9,7,0.0,4.785212993621826,False,42,0.0,16.39876909255981,3
Jalen McMillan,WR,2026,2,2026,10,8,0.0,4.831021308898926,False,49,0.0,15.847948837280267,3
Jalen McMillan,WR,2026,2,2026,11,9,0.0,4.753525257110596,False,56,0.0,14.659403705596896,3
Jalen McMillan,WR,2026,2,2026,12,10,0.0,4.645030498504639,False,63,0.0,13.916002869606018,3
Jalen McMillan,WR,2026,2,2026,13,11,0.0,4.55261754989624,False,70,0.0,13.555261945724478,3
Jalen McMillan,WR,2026,2,2026,14,12,0.0,4.458228588104248,False,77,0.0,12.905063438415521,3
Jalen McMillan,WR,2026,2,2026,15,13,0.0,4.369946479797363,False,84,0.0,12.016934967041006,3
Jalen McMillan,WR,2026,2,2026,16,14,0.0,4.3012518882751465,False,91,0.0,9.914431214332573,3
Jalen McMillan,WR,2026,2,2026,17,15,0.0,4.2540507316589355,False,98,0.0,7.858544635772664,3
Jalen Nailor,WR,2026,2,2026,3,1,0.0,4.704912185668945,False,0,0.0,19.4206721305847,3
Jalen Nailor,WR,2026,2,2026,4,2,0.0,4.295843124389648,False,7,0.0,18.45715560913085,3
Jalen Nailor,WR,2026,2,2026,5,3,0.0,4.28475284576416,False,14,0.0,17.813982105255118,3
Jalen Nailor,WR,2026,2,2026,6,4,0.0,4.358270168304443,False,21,0.0,17.90982265472411,3
Jalen Nailor,WR,2026,2,2026,7,5,0.0,4.477500915527344,False,28,0.0,17.42049353122711,3
Jalen Nailor,WR,2026,2,2026,8,6,0.0,4.701405048370361,False,35,0.0,16.918097019195553,3
Jalen Nailor,WR,2026,2,2026,9,7,0.0,5.013859272003174,False,42,0.0,16.627415370941158,3
Jalen Nailor,WR,2026,2,2026,10,8,0.0,5.465044021606445,False,49,0.0,16.481971549987787,3
Jalen Nailor,WR,2026,2,2026,11,9,0.0,5.929309368133545,False,56,0.0,15.835187816619845,3
Jalen Nailor,WR,2026,2,2026,12,10,0.0,6.445010662078857,False,63,0.0,15.715983033180237,3
Jalen Nailor,WR,2026,2,2026,13,11,0.0,6.975131034851074,False,70,0.0,15.977775430679312,3
Jalen Nailor,WR,2026,2,2026,14,12,0.0,7.441904544830322,False,77,0.0,15.888739395141595,3
Jalen Nailor,WR,2026,2,2026,15,13,0.0,7.741485118865967,False,84,0.0,15.38847360610961,3
Jalen Nailor,WR,2026,2,2026,16,14,0.0,7.866509914398193,False,91,0.0,13.47968924045562,3
Jalen Nailor,WR,2026,2,2026,17,15,0.0,7.855479717254639,False,98,0.0,11.459973621368366,3
Jalen Royals,WR,2026,2,2026,3,1,0.0,1.0972166061401367,False,0,0.0,15.81297655105589,3
Jalen Royals,WR,2026,2,2026,4,2,0.0,0.8635507822036743,False,7,0.0,15.024863266944879,3
Jalen Royals,WR,2026,2,2026,5,3,0.0,0.934515655040741,False,14,0.0,14.463744914531699,3
Jalen Royals,WR,2026,2,2026,6,4,0.0,1.0239272117614746,False,21,0.0,14.57547969818114,3
Jalen Royals,WR,2026,2,2026,7,5,0.0,1.063033103942871,False,28,0.0,14.006025719642636,3
Jalen Royals,WR,2026,2,2026,8,6,0.0,1.135831356048584,False,35,0.0,13.352523326873776,3
Jalen Royals,WR,2026,2,2026,9,7,0.0,1.2103145122528076,False,42,0.0,12.823870611190792,3
Jalen Royals,WR,2026,2,2026,10,8,0.0,1.2847741842269897,False,49,0.0,12.301701712608331,3
Jalen Royals,WR,2026,2,2026,11,9,0.0,1.3419331312179565,False,56,0.0,11.247811579704257,3
Jalen Royals,WR,2026,2,2026,12,10,0.0,1.3777786493301392,False,63,0.0,10.648751020431519,3
Jalen Royals,WR,2026,2,2026,13,11,0.0,1.452648401260376,False,70,0.0,10.455292797088614,3
Jalen Royals,WR,2026,2,2026,14,12,0.0,1.50749671459198,False,77,0.0,9.954331564903253,3
Jalen Royals,WR,2026,2,2026,15,13,0.0,1.581229329109192,False,84,0.0,9.228217816352835,3
Jalen Royals,WR,2026,2,2026,16,14,0.0,1.6610512733459473,False,91,0.0,7.274230599403375,3
Jalen Royals,WR,2026,2,2026,17,15,0.0,1.7340863943099976,False,98,0.0,5.338580298423726,3
Jalen Tolbert,WR,2026,2,2026,3,1,0.0,6.489946365356445,False,0,0.0,21.2057063102722,3
Jalen Tolbert,WR,2026,2,2026,4,2,0.0,6.57675313949585,False,7,0.0,20.738065624237052,3
Jalen Tolbert,WR,2026,2,2026,5,3,0.0,6.979607105255127,False,14,0.0,20.508836364746085,3
Jalen Tolbert,WR,2026,2,2026,6,4,0.0,7.330193996429443,False,21,0.0,20.88174648284911,3
Jalen Tolbert,WR,2026,2,2026,7,5,0.0,7.4635329246521,False,28,0.0,20.406525540351865,3
Jalen Tolbert,WR,2026,2,2026,8,6,0.0,7.341548442840576,False,35,0.0,19.558240413665768,3
Jalen Tolbert,WR,2026,2,2026,9,7,0.0,7.014094829559326,False,42,0.0,18.62765092849731,3
Jalen Tolbert,WR,2026,2,2026,10,8,0.0,6.676604270935059,False,49,0.0,17.6935317993164,3
Jalen Tolbert,WR,2026,2,2026,11,9,0.0,6.256865978240967,False,56,0.0,16.162744426727265,3
Jalen Tolbert,WR,2026,2,2026,12,10,0.0,5.880711078643799,False,63,0.0,15.151683449745178,3
Jalen Tolbert,WR,2026,2,2026,13,11,0.0,5.5627312660217285,False,70,0.0,14.565375661849966,3
Jalen Tolbert,WR,2026,2,2026,14,12,0.0,5.320851802825928,False,77,0.0,13.7676866531372,3
Jalen Tolbert,WR,2026,2,2026,15,13,0.0,5.1168999671936035,False,84,0.0,12.763888454437247,3
Jalen Tolbert,WR,2026,2,2026,16,14,0.0,4.965275287628174,False,91,0.0,10.5784546136856,3
Jalen Tolbert,WR,2026,2,2026,17,15,0.0,4.8646345138549805,False,98,0.0,8.469128417968708,3
James Cook,RB,2026,2,2026,3,1,0.0,13.868782997131348,False,0,2.7701675415039055,28.5845429420471,3
James Cook,RB,2026,2,2026,4,2,0.0,13.732460021972656,False,7,0.06516580581664932,27.89377250671386,3
James Cook,RB,2026,2,2026,5,3,0.0,13.780976295471191,False,14,0.0,27.31020555496215,3
James Cook,RB,2026,2,2026,6,4,0.0,14.026496887207031,False,21,0.0,27.578049373626698,3
James Cook,RB,2026,2,2026,7,5,0.0,14.48691463470459,False,28,0.0484643936157223,27.429907250404355,3
James Cook,RB,2026,2,2026,8,6,0.0,15.001354217529297,False,35,0.46795301437377823,27.21804618835449,3
James Cook,RB,2026,2,2026,9,7,0.0,15.176844596862793,False,42,0.5711918830871578,26.790400695800777,3
James Cook,RB,2026,2,2026,10,8,0.0,15.197327613830566,False,49,0.5418793678283684,26.214255142211908,3
James Cook,RB,2026,2,2026,11,9,0.0,15.180573463439941,False,56,0.47875642776489435,25.08645191192624,3
James Cook,RB,2026,2,2026,12,10,0.0,15.192280769348145,False,63,0.42755384445190536,24.463253140449524,3
James Cook,RB,2026,2,2026,13,11,0.0,15.189422607421875,False,70,0.37814893722534215,24.192067003250113,3
James Cook,RB,2026,2,2026,14,12,0.0,15.170958518981934,False,77,0.3281535148620609,23.617793369293206,3
James Cook,RB,2026,2,2026,15,13,0.0,15.125557899475098,False,84,0.27296037673950124,22.77254638671874,3
James Cook,RB,2026,2,2026,16,14,0.0,15.03974437713623,False,91,0.15645151138305735,20.652923703193657,3
James Cook,RB,2026,2,2026,17,15,0.0,14.944064140319824,False,98,0.06507291793823278,18.548558044433552,3
Jameson Williams,WR,2026,2,2026,3,1,0.0,13.779572486877441,False,0,2.6809570312499993,28.495332431793194,3
Jameson Williams,WR,2026,2,2026,4,2,0.0,13.746308326721191,False,7,0.07901411056518448,27.907620811462394,3
Jameson Williams,WR,2026,2,2026,5,3,0.0,13.933895111083984,False,14,0.0,27.463124370574942,3
Jameson Williams,WR,2026,2,2026,6,4,0.0,14.175472259521484,False,21,0.0,27.72702474594115,3
Jameson Williams,WR,2026,2,2026,7,5,0.0,14.253607749938965,False,28,0.0,27.19660036563873,3
Jameson Williams,WR,2026,2,2026,8,6,0.0,14.118036270141602,False,35,0.0,26.334728240966793,3
Jameson Williams,WR,2026,2,2026,9,7,0.0,14.020380020141602,False,42,0.0,25.633936119079586,3
Jameson Williams,WR,2026,2,2026,10,8,0.0,13.969386100769043,False,49,0.0,24.986313629150384,3
Jameson Williams,WR,2026,2,2026,11,9,0.0,13.88524055480957,False,56,0.0,23.79111900329587,3
Jameson Williams,WR,2026,2,2026,12,10,0.0,13.80921459197998,False,63,0.0,23.08018696308136,3
Jameson Williams,WR,2026,2,2026,13,11,0.0,13.760650634765625,False,70,0.0,22.763295030593863,3
Jameson Williams,WR,2026,2,2026,14,12,0.0,13.717902183532715,False,77,0.0,22.164737033843988,3
Jameson Williams,WR,2026,2,2026,15,13,0.0,13.648240089416504,False,84,0.0,21.295228576660147,3
Jameson Williams,WR,2026,2,2026,16,14,0.0,13.58194351196289,False,91,0.0,19.195122838020318,3
Jameson Williams,WR,2026,2,2026,17,15,0.0,13.512894630432129,False,98,0.0,17.117388534545857,3
Jared Wayne,WR,2026,2,2026,3,1,0.0,2.2527658939361572,False,0,0.0,16.96852583885191,3
Jared Wayne,WR,2026,2,2026,4,2,0.0,2.2086710929870605,False,7,0.0,16.369983577728263,3
Jared Wayne,WR,2026,2,2026,5,3,0.0,2.3847298622131348,False,14,0.0,15.913959121704092,3
Jared Wayne,WR,2026,2,2026,6,4,0.0,2.5026135444641113,False,21,0.0,16.054166030883778,3
Jared Wayne,WR,2026,2,2026,7,5,0.0,2.5531859397888184,False,28,0.0,15.496178555488584,3
Jared Wayne,WR,2026,2,2026,8,6,0.0,2.6217455863952637,False,35,0.0,14.838437557220455,3
Jared Wayne,WR,2026,2,2026,9,7,0.0,2.665045738220215,False,42,0.0,14.278601837158199,3
Jared Wayne,WR,2026,2,2026,10,8,0.0,2.712010622024536,False,49,0.0,13.728938150405877,3
Jared Wayne,WR,2026,2,2026,11,9,0.0,2.7101871967315674,False,56,0.0,12.616065645217867,3
Jared Wayne,WR,2026,2,2026,12,10,0.0,2.6990773677825928,False,63,0.0,11.970049738883972,3
Jared Wayne,WR,2026,2,2026,13,11,0.0,2.7248358726501465,False,70,0.0,11.727480268478384,3
Jared Wayne,WR,2026,2,2026,14,12,0.0,2.7305829524993896,False,77,0.0,11.177417802810663,3
Jared Wayne,WR,2026,2,2026,15,13,0.0,2.753638505935669,False,84,0.0,10.400626993179312,3
Jared Wayne,WR,2026,2,2026,16,14,0.0,2.7839858531951904,False,91,0.0,8.397165179252617,3
Jared Wayne,WR,2026,2,2026,17,15,0.0,2.8203749656677246,False,98,0.0,6.424868869781453,3
Jauan Jennings,WR,2026,2,2026,3,1,0.0,9.496354103088379,False,0,0.0,24.212114048004132,3
Jauan Jennings,WR,2026,2,2026,4,2,0.0,9.386527061462402,False,7,0.0,23.547839546203605,3
Jauan Jennings,WR,2026,2,2026,5,3,0.0,9.620543479919434,False,14,0.0,23.14977273941039,3
Jauan Jennings,WR,2026,2,2026,6,4,0.0,10.011863708496094,False,21,0.0,23.56341619491576,3
Jauan Jennings,WR,2026,2,2026,7,5,0.0,10.523163795471191,False,28,0.0,23.466156411170957,3
Jauan Jennings,WR,2026,2,2026,8,6,0.0,11.07388973236084,False,35,0.0,23.29058170318603,3
Jauan Jennings,WR,2026,2,2026,9,7,0.0,11.531180381774902,False,42,0.0,23.144736480712886,3
Jauan Jennings,WR,2026,2,2026,10,8,0.0,11.933354377746582,False,49,0.0,22.950281906127923,3
Jauan Jennings,WR,2026,2,2026,11,9,0.0,12.140217781066895,False,56,0.0,22.046096229553193,3
Jauan Jennings,WR,2026,2,2026,12,10,0.0,12.204476356506348,False,63,0.0,21.475448727607727,3
Jauan Jennings,WR,2026,2,2026,13,11,0.0,12.21615219116211,False,70,0.0,21.218796586990347,3
Jauan Jennings,WR,2026,2,2026,14,12,0.0,12.214228630065918,False,77,0.0,20.66106348037719,3
Jauan Jennings,WR,2026,2,2026,15,13,0.0,12.158333778381348,False,84,0.0,19.80532226562499,3
Jauan Jennings,WR,2026,2,2026,16,14,0.0,12.11329460144043,False,91,0.0,17.726473927497857,3
Jauan Jennings,WR,2026,2,2026,17,15,0.0,12.053762435913086,False,98,0.0,15.658256340026814,3
Javonte Williams,RB,2026,2,2026,3,1,0.0,13.365291595458984,False,0,2.2666761398315423,28.081051540374737,3
Javonte Williams,RB,2026,2,2026,4,2,0.0,13.370694160461426,False,7,0.0,27.532006645202628,3
Javonte Williams,RB,2026,2,2026,5,3,0.0,13.082785606384277,False,14,0.0,26.612014865875235,3
Javonte Williams,RB,2026,2,2026,6,4,0.0,12.731382369995117,False,21,0.0,26.282934856414784,3
Javonte Williams,RB,2026,2,2026,7,5,0.0,12.354886054992676,False,28,0.0,25.29787867069244,3
Javonte Williams,RB,2026,2,2026,8,6,0.0,11.841590881347656,False,35,0.0,24.058282852172848,3
Javonte Williams,RB,2026,2,2026,9,7,0.0,11.36600112915039,False,42,0.0,22.979557228088375,3
Javonte Williams,RB,2026,2,2026,10,8,0.0,10.969321250915527,False,49,0.0,21.98624877929687,3
Javonte Williams,RB,2026,2,2026,11,9,0.0,10.558106422424316,False,56,0.0,20.463984870910615,3
Javonte Williams,RB,2026,2,2026,12,10,0.0,10.148722648620605,False,63,0.0,19.419695019721985,3
Javonte Williams,RB,2026,2,2026,13,11,0.0,9.809358596801758,False,70,0.0,18.812002992629996,3
Javonte Williams,RB,2026,2,2026,14,12,0.0,9.529889106750488,False,77,0.0,17.97672395706176,3
Javonte Williams,RB,2026,2,2026,15,13,0.0,9.171525001525879,False,84,0.0,16.818513488769522,3
Javonte Williams,RB,2026,2,2026,16,14,0.0,8.867714881896973,False,91,0.0,14.4808942079544,3
Javonte Williams,RB,2026,2,2026,17,15,0.0,8.598649024963379,False,98,0.0,12.203142929077107,3
Jaxon Smith-Njigba,WR,2026,2,2026,3,1,0.0,17.982168197631836,False,0,6.883552742004394,32.69792814254759,3
Jaxon Smith-Njigba,WR,2026,2,2026,4,2,0.0,19.082366943359375,False,7,5.415072727203368,33.24367942810058,3
Jaxon Smith-Njigba,WR,2026,2,2026,5,3,0.0,18.94273567199707,False,14,4.815150356292724,32.47196493148803,3
Jaxon Smith-Njigba,WR,2026,2,2026,6,4,0.0,18.83094596862793,False,21,4.5431917190551765,32.382498455047596,3
Jaxon Smith-Njigba,WR,2026,2,2026,7,5,0.0,18.777252197265625,False,28,4.3388019561767575,31.72024481296539,3
Jaxon Smith-Njigba,WR,2026,2,2026,8,6,0.0,18.746437072753906,False,35,4.213035869598388,30.963129043579098,3
Jaxon Smith-Njigba,WR,2026,2,2026,9,7,0.0,18.69022560119629,False,42,4.084572887420654,30.303781700134273,3
Jaxon Smith-Njigba,WR,2026,2,2026,10,8,0.0,18.67656898498535,False,49,4.021120738983154,29.693496513366693,3
Jaxon Smith-Njigba,WR,2026,2,2026,11,9,0.0,18.63811492919922,False,56,3.9362978935241717,28.543993377685517,3
Jaxon Smith-Njigba,WR,2026,2,2026,12,10,0.0,18.632415771484375,False,63,3.867688846588136,27.903388142585754,3
Jaxon Smith-Njigba,WR,2026,2,2026,13,11,0.0,18.574302673339844,False,70,3.763029003143311,27.57694706916808,3
Jaxon Smith-Njigba,WR,2026,2,2026,14,12,0.0,18.45773696899414,False,77,3.614931964874268,26.904571819305414,3
Jaxon Smith-Njigba,WR,2026,2,2026,15,13,0.0,18.337696075439453,False,84,3.4850985527038567,25.984684562683096,3
Jaxon Smith-Njigba,WR,2026,2,2026,16,14,0.0,18.15232276916504,False,91,3.269029903411866,23.765502095222466,3
Jaxon Smith-Njigba,WR,2026,2,2026,17,15,0.0,18.002899169921875,False,98,3.1239079475402836,21.607393074035603,3
Jayden Reed,WR,2026,2,2026,3,1,0.0,9.758611679077148,False,0,0.0,24.4743716239929,3
Jayden Reed,WR,2026,2,2026,4,2,0.0,9.801398277282715,False,7,0.0,23.962710762023917,3
Jayden Reed,WR,2026,2,2026,5,3,0.0,9.524301528930664,False,14,0.0,23.05353078842162,3
Jayden Reed,WR,2026,2,2026,6,4,0.0,9.249260902404785,False,21,0.0,22.80081338882445,3
Jayden Reed,WR,2026,2,2026,7,5,0.0,8.8621187210083,False,28,0.0,21.805111336708066,3
Jayden Reed,WR,2026,2,2026,8,6,0.0,8.2756929397583,False,35,0.0,20.492384910583493,3
Jayden Reed,WR,2026,2,2026,9,7,0.0,7.651758670806885,False,42,0.0,19.26531476974487,3
Jayden Reed,WR,2026,2,2026,10,8,0.0,7.091392993927002,False,49,0.0,18.108320522308343,3
Jayden Reed,WR,2026,2,2026,11,9,0.0,6.516658306121826,False,56,0.0,16.422536754608124,3
Jayden Reed,WR,2026,2,2026,12,10,0.0,6.023458957672119,False,63,0.0,15.294431328773499,3
Jayden Reed,WR,2026,2,2026,13,11,0.0,5.619495391845703,False,70,0.0,14.622139787673941,3
Jayden Reed,WR,2026,2,2026,14,12,0.0,5.331526756286621,False,77,0.0,13.778361606597894,3
Jayden Reed,WR,2026,2,2026,15,13,0.0,5.069715976715088,False,84,0.0,12.716704463958731,3
Jayden Reed,WR,2026,2,2026,16,14,0.0,4.8938822746276855,False,91,0.0,10.507061600685113,3
Jayden Reed,WR,2026,2,2026,17,15,0.0,4.786735534667969,False,98,0.0,8.391229438781696,3
Jaylen Waddle,WR,2026,2,2026,3,1,0.0,13.030411720275879,False,0,1.9317962646484368,27.746171665191632,3
Jaylen Waddle,WR,2026,2,2026,4,2,0.0,13.022154808044434,False,7,0.0,27.183467292785636,3
Jaylen Waddle,WR,2026,2,2026,5,3,0.0,13.004464149475098,False,14,0.0,26.533693408966055,3
Jaylen Waddle,WR,2026,2,2026,6,4,0.0,13.092635154724121,False,21,0.0,26.644187641143787,3
Jaylen Waddle,WR,2026,2,2026,7,5,0.0,13.344146728515625,False,28,0.0,26.28713934421539,3
Jaylen Waddle,WR,2026,2,2026,8,6,0.0,13.80379581451416,False,35,0.0,26.020487785339352,3
Jaylen Waddle,WR,2026,2,2026,9,7,0.0,14.269837379455566,False,42,0.0,25.88339347839355,3
Jaylen Waddle,WR,2026,2,2026,10,8,0.0,14.489174842834473,False,49,0.0,25.506102371215814,3
Jaylen Waddle,WR,2026,2,2026,11,9,0.0,14.51717758178711,False,56,0.0,24.423056030273408,3
Jaylen Waddle,WR,2026,2,2026,12,10,0.0,14.509592056274414,False,63,0.0,23.780564427375793,3
Jaylen Waddle,WR,2026,2,2026,13,11,0.0,14.509340286254883,False,70,0.0,23.51198468208312,3
Jaylen Waddle,WR,2026,2,2026,14,12,0.0,14.485445976257324,False,77,0.0,22.932280826568597,3
Jaylen Waddle,WR,2026,2,2026,15,13,0.0,14.438420295715332,False,84,0.0,22.085408782958975,3
Jaylen Waddle,WR,2026,2,2026,16,14,0.0,14.372044563293457,False,91,0.0,19.985223889350884,3
Jaylen Waddle,WR,2026,2,2026,17,15,0.0,14.298379898071289,False,98,0.0,17.902873802185017,3
Jaylen Warren,RB,2026,2,2026,3,1,0.0,14.761305809020996,False,0,3.662690353393554,29.47706575393675,3
Jaylen Warren,RB,2026,2,2026,4,2,0.0,14.79633903503418,False,7,1.1290448188781728,28.957651519775382,3
Jaylen Warren,RB,2026,2,2026,5,3,0.0,14.714850425720215,False,14,0.5872651100158688,28.244079685211172,3
Jaylen Warren,RB,2026,2,2026,6,4,0.0,14.730010986328125,False,21,0.4422567367553718,28.28156347274779,3
Jaylen Warren,RB,2026,2,2026,7,5,0.0,14.694193840026855,False,28,0.2557435989379879,27.63718645572662,3
Jaylen Warren,RB,2026,2,2026,8,6,0.0,14.438193321228027,False,35,0.0,26.65488529205322,3
Jaylen Warren,RB,2026,2,2026,9,7,0.0,14.158243179321289,False,42,0.0,25.771799278259273,3
Jaylen Warren,RB,2026,2,2026,10,8,0.0,13.971907615661621,False,49,0.0,24.988835144042962,3
Jaylen Warren,RB,2026,2,2026,11,9,0.0,13.809313774108887,False,56,0.0,23.715192222595185,3
Jaylen Warren,RB,2026,2,2026,12,10,0.0,13.677213668823242,False,63,0.0,22.94818603992462,3
Jaylen Warren,RB,2026,2,2026,13,11,0.0,13.588955879211426,False,70,0.0,22.591600275039664,3
Jaylen Warren,RB,2026,2,2026,14,12,0.0,13.524374961853027,False,77,0.0,21.9712098121643,3
Jaylen Warren,RB,2026,2,2026,15,13,0.0,13.42216968536377,False,84,0.0,21.069158172607413,3
Jaylen Warren,RB,2026,2,2026,16,14,0.0,13.329717636108398,False,91,0.0,18.942896962165825,3
Jaylen Warren,RB,2026,2,2026,17,15,0.0,13.258734703063965,False,98,0.0,16.863228607177692,3
Jaylen Wright,RB,2026,2,2026,3,1,0.0,5.212473392486572,False,0,0.0,19.928233337402325,3
Jaylen Wright,RB,2026,2,2026,4,2,0.0,5.013675689697266,False,7,0.0,19.174988174438468,3
Jaylen Wright,RB,2026,2,2026,5,3,0.0,5.325687885284424,False,14,0.0,18.85491714477538,3
Jaylen Wright,RB,2026,2,2026,6,4,0.0,5.7988481521606445,False,21,0.0,19.35040063858031,3
Jaylen Wright,RB,2026,2,2026,7,5,0.0,6.489250659942627,False,28,0.0,19.432243275642392,3
Jaylen Wright,RB,2026,2,2026,8,6,0.0,7.412912368774414,False,35,0.0,19.629604339599606,3
Jaylen Wright,RB,2026,2,2026,9,7,0.0,8.202651023864746,False,42,0.0,19.81620712280273,3
Jaylen Wright,RB,2026,2,2026,10,8,0.0,8.7444486618042,False,49,0.0,19.76137619018554,3
Jaylen Wright,RB,2026,2,2026,11,9,0.0,8.899239540100098,False,56,0.0,18.805117988586396,3
Jaylen Wright,RB,2026,2,2026,12,10,0.0,8.893514633178711,False,63,0.0,18.16448700428009,3
Jaylen Wright,RB,2026,2,2026,13,11,0.0,8.817215919494629,False,70,0.0,17.819860315322867,3
Jaylen Wright,RB,2026,2,2026,14,12,0.0,8.730857849121094,False,77,0.0,17.177692699432367,3
Jaylen Wright,RB,2026,2,2026,15,13,0.0,8.601272583007812,False,84,0.0,16.248261070251456,3
Jaylen Wright,RB,2026,2,2026,16,14,0.0,8.471846580505371,False,91,0.0,14.085025906562798,3
Jaylen Wright,RB,2026,2,2026,17,15,0.0,8.345792770385742,False,98,0.0,11.95028667449947,3
Jaylin Lane,WR,2026,2,2026,3,1,0.0,4.1393046379089355,False,0,0.0,18.85506458282469,3
Jaylin Lane,WR,2026,2,2026,4,2,0.0,4.130922317504883,False,7,0.0,18.292234802246085,3
Jaylin Lane,WR,2026,2,2026,5,3,0.0,4.309523105621338,False,14,0.0,17.838752365112295,3
Jaylin Lane,WR,2026,2,2026,6,4,0.0,4.467099666595459,False,21,0.0,18.018652153015125,3
Jaylin Lane,WR,2026,2,2026,7,5,0.0,4.544798851013184,False,28,0.0,17.48779146671295,3
Jaylin Lane,WR,2026,2,2026,8,6,0.0,4.555958271026611,False,35,0.0,16.772650241851803,3
Jaylin Lane,WR,2026,2,2026,9,7,0.0,4.467798233032227,False,42,0.0,16.08135433197021,3
Jaylin Lane,WR,2026,2,2026,10,8,0.0,4.36173152923584,False,49,0.0,15.378659057617181,3
Jaylin Lane,WR,2026,2,2026,11,9,0.0,4.165923118591309,False,56,0.0,14.071801567077609,3
Jaylin Lane,WR,2026,2,2026,12,10,0.0,3.960577964782715,False,63,0.0,13.231550335884094,3
Jaylin Lane,WR,2026,2,2026,13,11,0.0,3.8061962127685547,False,70,0.0,12.808840608596793,3
Jaylin Lane,WR,2026,2,2026,14,12,0.0,3.688617467880249,False,77,0.0,12.135452318191522,3
Jaylin Lane,WR,2026,2,2026,15,13,0.0,3.5851798057556152,False,84,0.0,11.232168292999258,3
Jaylin Lane,WR,2026,2,2026,16,14,0.0,3.523192882537842,False,91,0.0,9.136372208595269,3
Jaylin Lane,WR,2026,2,2026,17,15,0.0,3.495828151702881,False,98,0.0,7.100322055816609,3
Jaylin Noel,WR,2026,2,2026,3,1,0.0,4.06229829788208,False,0,0.0,18.778058242797833,3
Jaylin Noel,WR,2026,2,2026,4,2,0.0,3.912186622619629,False,7,0.0,18.07349910736083,3
Jaylin Noel,WR,2026,2,2026,5,3,0.0,4.0676798820495605,False,14,0.0,17.596909141540518,3
Jaylin Noel,WR,2026,2,2026,6,4,0.0,4.197183132171631,False,21,0.0,17.748735618591297,3
Jaylin Noel,WR,2026,2,2026,7,5,0.0,4.313497066497803,False,28,0.0,17.256489682197568,3
Jaylin Noel,WR,2026,2,2026,8,6,0.0,4.507055282592773,False,35,0.0,16.723747253417965,3
Jaylin Noel,WR,2026,2,2026,9,7,0.0,4.722024440765381,False,42,0.0,16.335580539703365,3
Jaylin Noel,WR,2026,2,2026,10,8,0.0,4.994422912597656,False,49,0.0,16.011350440978998,3
Jaylin Noel,WR,2026,2,2026,11,9,0.0,5.207118988037109,False,56,0.0,15.11299743652341,3
Jaylin Noel,WR,2026,2,2026,12,10,0.0,5.434636116027832,False,63,0.0,14.705608487129211,3
Jaylin Noel,WR,2026,2,2026,13,11,0.0,5.668151378631592,False,70,0.0,14.67079577445983,3
Jaylin Noel,WR,2026,2,2026,14,12,0.0,5.849996089935303,False,77,0.0,14.296830940246576,3
Jaylin Noel,WR,2026,2,2026,15,13,0.0,5.981884956359863,False,84,0.0,13.628873443603506,3
Jaylin Noel,WR,2026,2,2026,16,14,0.0,6.053525447845459,False,91,0.0,11.666704773902886,3
Jaylin Noel,WR,2026,2,2026,17,15,0.0,6.076038837432861,False,98,0.0,9.680532741546589,3
Jeremiyah Love,RB,2026,2,2026,3,1,0.0,2.6755785942077637,False,0,0.0,17.391338539123517,3
Jeremiyah Love,RB,2026,2,2026,4,2,0.0,2.3275623321533203,False,7,0.0,16.488874816894523,3
Jeremiyah Love,RB,2026,2,2026,5,3,0.0,2.4197442531585693,False,14,0.0,15.948973512649527,3
Jeremiyah Love,RB,2026,2,2026,6,4,0.0,2.506314277648926,False,21,0.0,16.057866764068592,3
Jeremiyah Love,RB,2026,2,2026,7,5,0.0,2.6327922344207764,False,28,0.0,15.575784850120542,3
Jeremiyah Love,RB,2026,2,2026,8,6,0.0,2.89412260055542,False,35,0.0,15.110814571380612,3
Jeremiyah Love,RB,2026,2,2026,9,7,0.0,3.2318692207336426,False,42,0.0,14.845425319671627,3
Jeremiyah Love,RB,2026,2,2026,10,8,0.0,3.662599802017212,False,49,0.0,14.679527330398553,3
Jeremiyah Love,RB,2026,2,2026,11,9,0.0,4.065636157989502,False,56,0.0,13.971514606475802,3
Jeremiyah Love,RB,2026,2,2026,12,10,0.0,4.497775554656982,False,63,0.0,13.768747925758362,3
Jeremiyah Love,RB,2026,2,2026,13,11,0.0,4.9703850746154785,False,70,0.0,13.973029470443716,3
Jeremiyah Love,RB,2026,2,2026,14,12,0.0,5.424459934234619,False,77,0.0,13.871294784545892,3
Jeremiyah Love,RB,2026,2,2026,15,13,0.0,5.842373371124268,False,84,0.0,13.48936185836791,3
Jeremiyah Love,RB,2026,2,2026,16,14,0.0,6.136476516723633,False,91,0.0,11.74965584278106,3
Jeremiyah Love,RB,2026,2,2026,17,15,0.0,6.2821431159973145,False,98,0.0,9.886637020111042,3
Jerry Jeudy,WR,2026,2,2026,3,1,0.0,11.838130950927734,False,0,0.7395154953002923,26.553890895843487,3
Jerry Jeudy,WR,2026,2,2026,4,2,0.0,11.827361106872559,False,7,0.0,25.98867359161376,3
Jerry Jeudy,WR,2026,2,2026,5,3,0.0,11.818669319152832,False,14,0.0,25.34789857864379,3
Jerry Jeudy,WR,2026,2,2026,6,4,0.0,11.899382591247559,False,21,0.0,25.450935077667225,3
Jerry Jeudy,WR,2026,2,2026,7,5,0.0,12.16991138458252,False,28,0.0,25.112904000282285,3
Jerry Jeudy,WR,2026,2,2026,8,6,0.0,12.397077560424805,False,35,0.0,24.613769531249996,3
Jerry Jeudy,WR,2026,2,2026,9,7,0.0,12.45280647277832,False,42,0.0,24.066362571716304,3
Jerry Jeudy,WR,2026,2,2026,10,8,0.0,12.439393997192383,False,49,0.0,23.456321525573724,3
Jerry Jeudy,WR,2026,2,2026,11,9,0.0,12.358105659484863,False,56,0.0,22.26398410797116,3
Jerry Jeudy,WR,2026,2,2026,12,10,0.0,12.272019386291504,False,63,0.0,21.542991757392883,3
Jerry Jeudy,WR,2026,2,2026,13,11,0.0,12.218609809875488,False,70,0.0,21.221254205703726,3
Jerry Jeudy,WR,2026,2,2026,14,12,0.0,12.176295280456543,False,77,0.0,20.623130130767816,3
Jerry Jeudy,WR,2026,2,2026,15,13,0.0,12.081120491027832,False,84,0.0,19.728108978271475,3
Jerry Jeudy,WR,2026,2,2026,16,14,0.0,12.005888938903809,False,91,0.0,17.619068264961236,3
Jerry Jeudy,WR,2026,2,2026,17,15,0.0,11.924943923950195,False,98,0.0,15.529437828063923,3
Jimmy Horn Jr.,WR,2026,2,2026,3,1,0.0,1.3095028400421143,False,0,0.0,16.025262784957867,3
Jimmy Horn Jr.,WR,2026,2,2026,4,2,0.0,1.1554797887802124,False,7,0.0,15.316792273521417,3
Jimmy Horn Jr.,WR,2026,2,2026,5,3,0.0,1.2196731567382812,False,14,0.0,14.748902416229239,3
Jimmy Horn Jr.,WR,2026,2,2026,6,4,0.0,1.2908211946487427,False,21,0.0,14.842373681068407,3
Jimmy Horn Jr.,WR,2026,2,2026,7,5,0.0,1.3069407939910889,False,28,0.0,14.249933409690854,3
Jimmy Horn Jr.,WR,2026,2,2026,8,6,0.0,1.338310718536377,False,35,0.0,13.555002689361569,3
Jimmy Horn Jr.,WR,2026,2,2026,9,7,0.0,1.3585072755813599,False,42,0.0,12.972063374519344,3
Jimmy Horn Jr.,WR,2026,2,2026,10,8,0.0,1.3758538961410522,False,49,0.0,12.392781424522394,3
Jimmy Horn Jr.,WR,2026,2,2026,11,9,0.0,1.370684027671814,False,56,0.0,11.276562476158114,3
Jimmy Horn Jr.,WR,2026,2,2026,12,10,0.0,1.33965265750885,False,63,0.0,10.61062502861023,3
Jimmy Horn Jr.,WR,2026,2,2026,13,11,0.0,1.3366520404815674,False,70,0.0,10.339296436309805,3
Jimmy Horn Jr.,WR,2026,2,2026,14,12,0.0,1.321560025215149,False,77,0.0,9.768394875526422,3
Jimmy Horn Jr.,WR,2026,2,2026,15,13,0.0,1.3219611644744873,False,84,0.0,8.96894965171813,3
Jimmy Horn Jr.,WR,2026,2,2026,16,14,0.0,1.3438177108764648,False,91,0.0,6.956997036933893,3
Jimmy Horn Jr.,WR,2026,2,2026,17,15,0.0,1.3716965913772583,False,98,0.0,4.976190495490987,3
John Metchie III,WR,2026,2,2026,3,1,0.0,4.272627830505371,False,0,0.0,18.988387775421124,3
John Metchie III,WR,2026,2,2026,4,2,0.0,4.13430643081665,False,7,0.0,18.295618915557853,3
John Metchie III,WR,2026,2,2026,5,3,0.0,4.2172746658325195,False,14,0.0,17.746503925323477,3
John Metchie III,WR,2026,2,2026,6,4,0.0,4.3113484382629395,False,21,0.0,17.862900924682606,3
John Metchie III,WR,2026,2,2026,7,5,0.0,4.380595684051514,False,28,0.0,17.32358829975128,3
John Metchie III,WR,2026,2,2026,8,6,0.0,4.470948696136475,False,35,0.0,16.687640666961666,3
John Metchie III,WR,2026,2,2026,9,7,0.0,4.541502475738525,False,42,0.0,16.15505857467651,3
John Metchie III,WR,2026,2,2026,10,8,0.0,4.622737884521484,False,49,0.0,15.639665412902826,3
John Metchie III,WR,2026,2,2026,11,9,0.0,4.607325077056885,False,56,0.0,14.513203525543185,3
John Metchie III,WR,2026,2,2026,12,10,0.0,4.543396472930908,False,63,0.0,13.814368844032288,3
John Metchie III,WR,2026,2,2026,13,11,0.0,4.486674785614014,False,70,0.0,13.489319181442252,3
John Metchie III,WR,2026,2,2026,14,12,0.0,4.424276351928711,False,77,0.0,12.871111202239984,3
John Metchie III,WR,2026,2,2026,15,13,0.0,4.3466386795043945,False,84,0.0,11.993627166748038,3
John Metchie III,WR,2026,2,2026,16,14,0.0,4.27923583984375,False,91,0.0,9.892415165901177,3
John Metchie III,WR,2026,2,2026,17,15,0.0,4.226528167724609,False,98,0.0,7.831022071838338,3
Jonah Coleman,RB,2026,2,2026,3,1,0.0,2.308439254760742,False,0,0.0,17.024199199676495,3
Jonah Coleman,RB,2026,2,2026,4,2,0.0,1.9520000219345093,False,7,0.0,16.11331250667571,3
Jonah Coleman,RB,2026,2,2026,5,3,0.0,1.998900294303894,False,14,0.0,15.528129553794852,3
Jonah Coleman,RB,2026,2,2026,6,4,0.0,2.037259101867676,False,21,0.0,15.58881158828734,3
Jonah Coleman,RB,2026,2,2026,7,5,0.0,2.059123992919922,False,28,0.0,15.002116608619687,3
Jonah Coleman,RB,2026,2,2026,8,6,0.0,2.1583728790283203,False,35,0.0,14.375064849853512,3
Jonah Coleman,RB,2026,2,2026,9,7,0.0,2.2984707355499268,False,42,0.0,13.91202683448791,3
Jonah Coleman,RB,2026,2,2026,10,8,0.0,2.503535509109497,False,49,0.0,13.520463037490838,3
Jonah Coleman,RB,2026,2,2026,11,9,0.0,2.712587833404541,False,56,0.0,12.618466281890841,3
Jonah Coleman,RB,2026,2,2026,12,10,0.0,2.949920654296875,False,63,0.0,12.220893025398254,3
Jonah Coleman,RB,2026,2,2026,13,11,0.0,3.2390918731689453,False,70,0.0,12.241736268997183,3
Jonah Coleman,RB,2026,2,2026,14,12,0.0,3.4813880920410156,False,77,0.0,11.928222942352289,3
Jonah Coleman,RB,2026,2,2026,15,13,0.0,3.725438117980957,False,84,0.0,11.3724266052246,3
Jonah Coleman,RB,2026,2,2026,16,14,0.0,3.902282476425171,False,91,0.0,9.515461802482598,3
Jonah Coleman,RB,2026,2,2026,17,15,0.0,3.988665819168091,False,98,0.0,7.593159723281819,3
Jonathan Mingo,WR,2026,2,2026,3,1,0.0,0.9850149750709534,False,0,0.0,15.700774919986706,3
Jonathan Mingo,WR,2026,2,2026,4,2,0.0,0.8247223496437073,False,7,0.0,14.986034834384911,3
Jonathan Mingo,WR,2026,2,2026,5,3,0.0,0.9383269548416138,False,14,0.0,14.467556214332571,3
Jonathan Mingo,WR,2026,2,2026,6,4,0.0,1.0628361701965332,False,21,0.0,14.614388656616198,3
Jonathan Mingo,WR,2026,2,2026,7,5,0.0,1.1173064708709717,False,28,0.0,14.060299086570737,3
Jonathan Mingo,WR,2026,2,2026,8,6,0.0,1.1987417936325073,False,35,0.0,13.415433764457699,3
Jonathan Mingo,WR,2026,2,2026,9,7,0.0,1.2795798778533936,False,42,0.0,12.893135976791378,3
Jonathan Mingo,WR,2026,2,2026,10,8,0.0,1.3598769903182983,False,49,0.0,12.37680451869964,3
Jonathan Mingo,WR,2026,2,2026,11,9,0.0,1.4258137941360474,False,56,0.0,11.331692242622347,3
Jonathan Mingo,WR,2026,2,2026,12,10,0.0,1.4695295095443726,False,63,0.0,10.740501880645752,3
Jonathan Mingo,WR,2026,2,2026,13,11,0.0,1.5580109357833862,False,70,0.0,10.560655331611624,3
Jonathan Mingo,WR,2026,2,2026,14,12,0.0,1.629700779914856,False,77,0.0,10.076535630226129,3
Jonathan Mingo,WR,2026,2,2026,15,13,0.0,1.717281460762024,False,84,0.0,9.364269948005667,3
Jonathan Mingo,WR,2026,2,2026,16,14,0.0,1.8094273805618286,False,91,0.0,7.4226067066192565,3
Jonathan Mingo,WR,2026,2,2026,17,15,0.0,1.8898617029190063,False,98,0.0,5.494355607032735,3
Jonathan Taylor,RB,2026,2,2026,3,1,0.0,15.407540321350098,False,0,4.3089248657226555,30.12330026626585,3
Jonathan Taylor,RB,2026,2,2026,4,2,0.0,15.435762405395508,False,7,1.7684681892395009,29.59707489013671,3
Jonathan Taylor,RB,2026,2,2026,5,3,0.0,15.395747184753418,False,14,1.268161869049072,28.924976444244376,3
Jonathan Taylor,RB,2026,2,2026,6,4,0.0,15.591992378234863,False,21,1.30423812866211,29.14354486465453,3
Jonathan Taylor,RB,2026,2,2026,7,5,0.0,15.671134948730469,False,28,1.2326847076416012,28.614127564430234,3
Jonathan Taylor,RB,2026,2,2026,8,6,0.0,15.508756637573242,False,35,0.9753554344177235,27.725448608398434,3
Jonathan Taylor,RB,2026,2,2026,9,7,0.0,15.272846221923828,False,42,0.667193508148193,26.886402320861812,3
Jonathan Taylor,RB,2026,2,2026,10,8,0.0,15.09069538116455,False,49,0.4352471351623528,26.107622909545892,3
Jonathan Taylor,RB,2026,2,2026,11,9,0.0,14.936985969543457,False,56,0.23516893386840998,24.842864418029755,3
Jonathan Taylor,RB,2026,2,2026,12,10,0.0,14.840977668762207,False,63,0.07625074386596786,24.111950039863586,3
Jonathan Taylor,RB,2026,2,2026,13,11,0.0,14.783365249633789,False,70,0.0,23.786009645462027,3
Jonathan Taylor,RB,2026,2,2026,14,12,0.0,14.726733207702637,False,77,0.0,23.17356805801391,3
Jonathan Taylor,RB,2026,2,2026,15,13,0.0,14.644673347473145,False,84,0.0,22.291661834716788,3
Jonathan Taylor,RB,2026,2,2026,16,14,0.0,14.538290977478027,False,91,0.0,20.151470303535454,3
Jonathan Taylor,RB,2026,2,2026,17,15,0.0,14.446178436279297,False,98,0.0,18.050672340393024,3
Jonathon Brooks,RB,2026,2,2026,3,1,0.0,1.2061736583709717,False,0,0.0,15.921933603286725,3
Jonathon Brooks,RB,2026,2,2026,4,2,0.0,0.9751630425453186,False,7,0.0,15.136475527286523,3
Jonathon Brooks,RB,2026,2,2026,5,3,0.0,1.0453429222106934,False,14,0.0,14.574572181701651,3
Jonathon Brooks,RB,2026,2,2026,6,4,0.0,1.1338222026824951,False,21,0.0,14.68537468910216,3
Jonathon Brooks,RB,2026,2,2026,7,5,0.0,1.1708258390426636,False,28,0.0,14.113818454742429,3
Jonathon Brooks,RB,2026,2,2026,8,6,0.0,1.2422293424606323,False,35,0.0,13.458921313285824,3
Jonathon Brooks,RB,2026,2,2026,9,7,0.0,1.3160802125930786,False,42,0.0,12.929636311531063,3
Jonathon Brooks,RB,2026,2,2026,10,8,0.0,1.3953920602798462,False,49,0.0,12.412319588661187,3
Jonathon Brooks,RB,2026,2,2026,11,9,0.0,1.4593470096588135,False,56,0.0,11.365225458145114,3
Jonathon Brooks,RB,2026,2,2026,12,10,0.0,1.5041652917861938,False,63,0.0,10.775137662887573,3
Jonathon Brooks,RB,2026,2,2026,13,11,0.0,1.5877074003219604,False,70,0.0,10.590351796150198,3
Jonathon Brooks,RB,2026,2,2026,14,12,0.0,1.645551085472107,False,77,0.0,10.09238593578338,3
Jonathon Brooks,RB,2026,2,2026,15,13,0.0,1.7206021547317505,False,84,0.0,9.367590641975394,3
Jonathon Brooks,RB,2026,2,2026,16,14,0.0,1.7933162450790405,False,91,0.0,7.406495571136468,3
Jonathon Brooks,RB,2026,2,2026,17,15,0.0,1.8528066873550415,False,98,0.0,5.45730059146877,3
Jordan Addison,WR,2026,2,2026,3,1,0.0,10.419045448303223,False,0,0.0,25.134805393218976,3
Jordan Addison,WR,2026,2,2026,4,2,0.0,10.463589668273926,False,7,0.0,24.624902153015128,3
Jordan Addison,WR,2026,2,2026,5,3,0.0,10.66549015045166,False,14,0.0,24.194719409942618,3
Jordan Addison,WR,2026,2,2026,6,4,0.0,10.85714054107666,False,21,0.0,24.408693027496327,3
Jordan Addison,WR,2026,2,2026,7,5,0.0,11.073831558227539,False,28,0.0,24.016824173927304,3
Jordan Addison,WR,2026,2,2026,8,6,0.0,11.355767250061035,False,35,0.0,23.572459220886227,3
Jordan Addison,WR,2026,2,2026,9,7,0.0,11.675037384033203,False,42,0.0,23.288593482971187,3
Jordan Addison,WR,2026,2,2026,10,8,0.0,11.85535717010498,False,49,0.0,22.87228469848632,3
Jordan Addison,WR,2026,2,2026,11,9,0.0,11.85371208190918,False,56,0.0,21.759590530395478,3
Jordan Addison,WR,2026,2,2026,12,10,0.0,11.805811882019043,False,63,0.0,21.076784253120422,3
Jordan Addison,WR,2026,2,2026,13,11,0.0,11.784605026245117,False,70,0.0,20.787249422073355,3
Jordan Addison,WR,2026,2,2026,14,12,0.0,11.780312538146973,False,77,0.0,20.227147388458246,3
Jordan Addison,WR,2026,2,2026,15,13,0.0,11.722259521484375,False,84,0.0,19.369248008728018,3
Jordan Addison,WR,2026,2,2026,16,14,0.0,11.689103126525879,False,91,0.0,17.302282452583306,3
Jordan Addison,WR,2026,2,2026,17,15,0.0,11.647927284240723,False,98,0.0,15.25242118835445,3
Jordan James,RB,2026,2,2026,3,1,0.0,1.6215825080871582,False,0,0.0,16.33734245300291,3
Jordan James,RB,2026,2,2026,4,2,0.0,1.373775601387024,False,7,0.0,15.535088086128228,3
Jordan James,RB,2026,2,2026,5,3,0.0,1.5165945291519165,False,14,0.0,15.045823788642874,3
Jordan James,RB,2026,2,2026,6,4,0.0,1.6358578205108643,False,21,0.0,15.187410306930529,3
Jordan James,RB,2026,2,2026,7,5,0.0,1.7037988901138306,False,28,0.0,14.646791505813596,3
Jordan James,RB,2026,2,2026,8,6,0.0,1.8305262327194214,False,35,0.0,14.047218203544613,3
Jordan James,RB,2026,2,2026,9,7,0.0,1.9783071279525757,False,42,0.0,13.59186322689056,3
Jordan James,RB,2026,2,2026,10,8,0.0,2.168455123901367,False,49,0.0,13.185382652282708,3
Jordan James,RB,2026,2,2026,11,9,0.0,2.3599963188171387,False,56,0.0,12.265874767303439,3
Jordan James,RB,2026,2,2026,12,10,0.0,2.5786750316619873,False,63,0.0,11.849647402763367,3
Jordan James,RB,2026,2,2026,13,11,0.0,2.8620474338531494,False,70,0.0,11.864691829681387,3
Jordan James,RB,2026,2,2026,14,12,0.0,3.1121487617492676,False,77,0.0,11.55898361206054,3
Jordan James,RB,2026,2,2026,15,13,0.0,3.394343852996826,False,84,0.0,11.04133234024047,3
Jordan James,RB,2026,2,2026,16,14,0.0,3.642486095428467,False,91,0.0,9.255665421485894,3
Jordan James,RB,2026,2,2026,17,15,0.0,3.83859920501709,False,98,0.0,7.443093109130818,3
Jordan Mason,RB,2026,2,2026,3,1,0.0,5.081547260284424,False,0,0.0,19.797307205200177,3
Jordan Mason,RB,2026,2,2026,4,2,0.0,4.639472961425781,False,7,0.0,18.800785446166984,3
Jordan Mason,RB,2026,2,2026,5,3,0.0,4.608887672424316,False,14,0.0,18.138116931915274,3
Jordan Mason,RB,2026,2,2026,6,4,0.0,4.658610820770264,False,21,0.0,18.21016330718993,3
Jordan Mason,RB,2026,2,2026,7,5,0.0,4.744753360748291,False,28,0.0,17.687745976448056,3
Jordan Mason,RB,2026,2,2026,8,6,0.0,4.9654412269592285,False,35,0.0,17.18213319778442,3
Jordan Mason,RB,2026,2,2026,9,7,0.0,5.307881832122803,False,42,0.0,16.921437931060787,3
Jordan Mason,RB,2026,2,2026,10,8,0.0,5.800055027008057,False,49,0.0,16.816982555389398,3
Jordan Mason,RB,2026,2,2026,11,9,0.0,6.324052333831787,False,56,0.0,16.229930782318085,3
Jordan Mason,RB,2026,2,2026,12,10,0.0,6.977493762969971,False,63,0.0,16.24846613407135,3
Jordan Mason,RB,2026,2,2026,13,11,0.0,7.665001392364502,False,70,0.0,16.66764578819274,3
Jordan Mason,RB,2026,2,2026,14,12,0.0,8.223160743713379,False,77,0.0,16.669995594024652,3
Jordan Mason,RB,2026,2,2026,15,13,0.0,8.51334285736084,False,84,0.0,16.160331344604483,3
Jordan Mason,RB,2026,2,2026,16,14,0.0,8.624341011047363,False,91,0.0,14.23752033710479,3
Jordan Mason,RB,2026,2,2026,17,15,0.0,8.606245994567871,False,98,0.0,12.210739898681599,3
Jordan Watkins,WR,2026,2,2026,3,1,0.0,1.5147286653518677,False,0,0.0,16.23048861026762,3
Jordan Watkins,WR,2026,2,2026,4,2,0.0,1.2921870946884155,False,7,0.0,15.45349957942962,3
Jordan Watkins,WR,2026,2,2026,5,3,0.0,1.4352072477340698,False,14,0.0,14.964436507225027,3
Jordan Watkins,WR,2026,2,2026,6,4,0.0,1.5570393800735474,False,21,0.0,15.108591866493212,3
Jordan Watkins,WR,2026,2,2026,7,5,0.0,1.621685266494751,False,28,0.0,14.564677882194516,3
Jordan Watkins,WR,2026,2,2026,8,6,0.0,1.7388700246810913,False,35,0.0,13.955561995506283,3
Jordan Watkins,WR,2026,2,2026,9,7,0.0,1.8726983070373535,False,42,0.0,13.486254405975338,3
Jordan Watkins,WR,2026,2,2026,10,8,0.0,2.039384126663208,False,49,0.0,13.05631165504455,3
Jordan Watkins,WR,2026,2,2026,11,9,0.0,2.2009315490722656,False,56,0.0,12.106809997558566,3
Jordan Watkins,WR,2026,2,2026,12,10,0.0,2.376858711242676,False,63,0.0,11.647831082344055,3
Jordan Watkins,WR,2026,2,2026,13,11,0.0,2.613226890563965,False,70,0.0,11.615871286392203,3
Jordan Watkins,WR,2026,2,2026,14,12,0.0,2.8185946941375732,False,77,0.0,11.265429544448846,3
Jordan Watkins,WR,2026,2,2026,15,13,0.0,3.052807331085205,False,84,0.0,10.699795818328848,3
Jordan Watkins,WR,2026,2,2026,16,14,0.0,3.259122371673584,False,91,0.0,8.872301697731011,3
Jordan Watkins,WR,2026,2,2026,17,15,0.0,3.4223341941833496,False,98,0.0,7.026828098297078,3
Jordan Whittington,WR,2026,2,2026,3,1,0.0,3.195953845977783,False,0,0.0,17.911713790893536,3
Jordan Whittington,WR,2026,2,2026,4,2,0.0,3.147648811340332,False,7,0.0,17.308961296081534,3
Jordan Whittington,WR,2026,2,2026,5,3,0.0,3.432952404022217,False,14,0.0,16.962181663513174,3
Jordan Whittington,WR,2026,2,2026,6,4,0.0,3.6770436763763428,False,21,0.0,17.22859616279601,3
Jordan Whittington,WR,2026,2,2026,7,5,0.0,3.919271469116211,False,28,0.0,16.862264084815976,3
Jordan Whittington,WR,2026,2,2026,8,6,0.0,4.235092639923096,False,35,0.0,16.451784610748287,3
Jordan Whittington,WR,2026,2,2026,9,7,0.0,4.547085762023926,False,42,0.0,16.16064186096191,3
Jordan Whittington,WR,2026,2,2026,10,8,0.0,4.895671844482422,False,49,0.0,15.912599372863763,3
Jordan Whittington,WR,2026,2,2026,11,9,0.0,5.1710920333862305,False,56,0.0,15.07697048187253,3
Jordan Whittington,WR,2026,2,2026,12,10,0.0,5.45156717300415,False,63,0.0,14.72253954410553,3
Jordan Whittington,WR,2026,2,2026,13,11,0.0,5.731283664703369,False,70,0.0,14.733928060531607,3
Jordan Whittington,WR,2026,2,2026,14,12,0.0,5.94636344909668,False,77,0.0,14.393198299407953,3
Jordan Whittington,WR,2026,2,2026,15,13,0.0,6.107452869415283,False,84,0.0,13.754441356658926,3
Jordan Whittington,WR,2026,2,2026,16,14,0.0,6.204326152801514,False,91,0.0,11.81750547885894,3
Jordan Whittington,WR,2026,2,2026,17,15,0.0,6.246201038360596,False,98,0.0,9.850694942474323,3
Josh Cameron,WR,2026,2,2026,3,1,0.0,1.399440050125122,False,0,0.0,16.115199995040875,3
Josh Cameron,WR,2026,2,2026,4,2,0.0,1.1155709028244019,False,7,0.0,15.276883387565606,3
Josh Cameron,WR,2026,2,2026,5,3,0.0,1.1738817691802979,False,14,0.0,14.703111028671255,3
Josh Cameron,WR,2026,2,2026,6,4,0.0,1.236286997795105,False,21,0.0,14.78783948421477,3
Josh Cameron,WR,2026,2,2026,7,5,0.0,1.2623478174209595,False,28,0.0,14.205340433120725,3
Josh Cameron,WR,2026,2,2026,8,6,0.0,1.3469158411026,False,35,0.0,13.563607811927792,3
Josh Cameron,WR,2026,2,2026,9,7,0.0,1.451111912727356,False,42,0.0,13.06466801166534,3
Josh Cameron,WR,2026,2,2026,10,8,0.0,1.5830544233322144,False,49,0.0,12.599981951713556,3
Josh Cameron,WR,2026,2,2026,11,9,0.0,1.7126349210739136,False,56,0.0,11.618513369560214,3
Josh Cameron,WR,2026,2,2026,12,10,0.0,1.853806495666504,False,63,0.0,11.124778866767883,3
Josh Cameron,WR,2026,2,2026,13,11,0.0,2.048771381378174,False,70,0.0,11.051415777206412,3
Josh Cameron,WR,2026,2,2026,14,12,0.0,2.2090935707092285,False,77,0.0,10.655928421020501,3
Josh Cameron,WR,2026,2,2026,15,13,0.0,2.4011709690093994,False,84,0.0,10.048159456253043,3
Josh Cameron,WR,2026,2,2026,16,14,0.0,2.571401596069336,False,91,0.0,8.184580922126763,3
Josh Cameron,WR,2026,2,2026,17,15,0.0,2.700911521911621,False,98,0.0,6.30540542602535,3
Josh Downs,WR,2026,2,2026,3,1,0.0,8.42760181427002,False,0,0.0,23.143361759185773,3
Josh Downs,WR,2026,2,2026,4,2,0.0,8.299654960632324,False,7,0.0,22.460967445373527,3
Josh Downs,WR,2026,2,2026,5,3,0.0,8.282281875610352,False,14,0.0,21.81151113510131,3
Josh Downs,WR,2026,2,2026,6,4,0.0,8.304465293884277,False,21,0.0,21.856017780303944,3
Josh Downs,WR,2026,2,2026,7,5,0.0,8.302264213562012,False,28,0.0,21.245256829261777,3
Josh Downs,WR,2026,2,2026,8,6,0.0,8.295927047729492,False,35,0.0,20.512619018554684,3
Josh Downs,WR,2026,2,2026,9,7,0.0,8.387846946716309,False,42,0.0,20.001403045654293,3
Josh Downs,WR,2026,2,2026,10,8,0.0,8.473858833312988,False,49,0.0,19.49078636169433,3
Josh Downs,WR,2026,2,2026,11,9,0.0,8.383329391479492,False,56,0.0,18.28920783996579,3
Josh Downs,WR,2026,2,2026,12,10,0.0,8.222990989685059,False,63,0.0,17.493963360786438,3
Josh Downs,WR,2026,2,2026,13,11,0.0,8.067794799804688,False,70,0.0,17.070439195632925,3
Josh Downs,WR,2026,2,2026,14,12,0.0,7.938340663909912,False,77,0.0,16.385175514221185,3
Josh Downs,WR,2026,2,2026,15,13,0.0,7.750999450683594,False,84,0.0,15.397987937927237,3
Josh Downs,WR,2026,2,2026,16,14,0.0,7.606828212738037,False,91,0.0,13.220007538795464,3
Josh Downs,WR,2026,2,2026,17,15,0.0,7.47186803817749,False,98,0.0,11.076361942291218,3
Josh Palmer,WR,2026,2,2026,3,1,0.0,8.188132286071777,False,0,0.0,22.90389223098753,3
Josh Palmer,WR,2026,2,2026,4,2,0.0,8.292311668395996,False,7,0.0,22.4536241531372,3
Josh Palmer,WR,2026,2,2026,5,3,0.0,8.502846717834473,False,14,0.0,22.03207597732543,3
Josh Palmer,WR,2026,2,2026,6,4,0.0,8.730667114257812,False,21,0.0,22.28221960067748,3
Josh Palmer,WR,2026,2,2026,7,5,0.0,8.947632789611816,False,28,0.0,21.89062540531158,3
Josh Palmer,WR,2026,2,2026,8,6,0.0,9.058074951171875,False,35,0.0,21.274766921997067,3
Josh Palmer,WR,2026,2,2026,9,7,0.0,8.976627349853516,False,42,0.0,20.5901834487915,3
Josh Palmer,WR,2026,2,2026,10,8,0.0,8.789748191833496,False,49,0.0,19.806675720214837,3
Josh Palmer,WR,2026,2,2026,11,9,0.0,8.433014869689941,False,56,0.0,18.33889331817624,3
Josh Palmer,WR,2026,2,2026,12,10,0.0,8.069328308105469,False,63,0.0,17.340300679206848,3
Josh Palmer,WR,2026,2,2026,13,11,0.0,7.744154453277588,False,70,0.0,16.746798849105826,3
Josh Palmer,WR,2026,2,2026,14,12,0.0,7.498109340667725,False,77,0.0,15.944944190978998,3
Josh Palmer,WR,2026,2,2026,15,13,0.0,7.265235424041748,False,84,0.0,14.912223911285391,3
Josh Palmer,WR,2026,2,2026,16,14,0.0,7.078619480133057,False,91,0.0,12.691798806190484,3
Josh Palmer,WR,2026,2,2026,17,15,0.0,6.925606727600098,False,98,0.0,10.530100631713825,3
Josh Williams,RB,2026,2,2026,3,1,0.0,1.4062254428863525,False,0,0.0,16.121985387802106,3
Josh Williams,RB,2026,2,2026,4,2,0.0,1.2970576286315918,False,7,0.0,15.458370113372796,3
Josh Williams,RB,2026,2,2026,5,3,0.0,1.4340436458587646,False,14,0.0,14.963272905349722,3
Josh Williams,RB,2026,2,2026,6,4,0.0,1.551226258277893,False,21,0.0,15.102778744697558,3
Josh Williams,RB,2026,2,2026,7,5,0.0,1.5986700057983398,False,28,0.0,14.541662621498105,3
Josh Williams,RB,2026,2,2026,8,6,0.0,1.666469931602478,False,35,0.0,13.88316190242767,3
Josh Williams,RB,2026,2,2026,9,7,0.0,1.7239718437194824,False,42,0.0,13.337527942657466,3
Josh Williams,RB,2026,2,2026,10,8,0.0,1.782070517539978,False,49,0.0,12.79899804592132,3
Josh Williams,RB,2026,2,2026,11,9,0.0,1.8112863302230835,False,56,0.0,11.717164778709384,3
Josh Williams,RB,2026,2,2026,12,10,0.0,1.822536826133728,False,63,0.0,11.093509197235107,3
Josh Williams,RB,2026,2,2026,13,11,0.0,1.8702727556228638,False,70,0.0,10.872917151451102,3
Josh Williams,RB,2026,2,2026,14,12,0.0,1.8972251415252686,False,77,0.0,10.344059991836541,3
Josh Williams,RB,2026,2,2026,15,13,0.0,1.938879370689392,False,84,0.0,9.585867857933035,3
Josh Williams,RB,2026,2,2026,16,14,0.0,1.989001750946045,False,91,0.0,7.602181077003473,3
Josh Williams,RB,2026,2,2026,17,15,0.0,2.0380353927612305,False,98,0.0,5.642529296874959,3
Julius Chestnut,RB,2026,2,2026,3,1,0.0,1.5815244913101196,False,0,0.0,16.297284436225873,3
Julius Chestnut,RB,2026,2,2026,4,2,0.0,1.441799283027649,False,7,0.0,15.603111767768853,3
Julius Chestnut,RB,2026,2,2026,5,3,0.0,1.565529704093933,False,14,0.0,15.09475896358489,3
Julius Chestnut,RB,2026,2,2026,6,4,0.0,1.667083740234375,False,21,0.0,15.21863622665404,3
Julius Chestnut,RB,2026,2,2026,7,5,0.0,1.7058504819869995,False,28,0.0,14.648843097686765,3
Julius Chestnut,RB,2026,2,2026,8,6,0.0,1.7731658220291138,False,35,0.0,13.989857792854306,3
Julius Chestnut,RB,2026,2,2026,9,7,0.0,1.8392457962036133,False,42,0.0,13.452801895141597,3
Julius Chestnut,RB,2026,2,2026,10,8,0.0,1.9150903224945068,False,49,0.0,12.932017850875848,3
Julius Chestnut,RB,2026,2,2026,11,9,0.0,1.9649184942245483,False,56,0.0,11.870796942710848,3
Julius Chestnut,RB,2026,2,2026,12,10,0.0,1.9997285604476929,False,63,0.0,11.270700931549072,3
Julius Chestnut,RB,2026,2,2026,13,11,0.0,2.071108818054199,False,70,0.0,11.073753213882437,3
Julius Chestnut,RB,2026,2,2026,14,12,0.0,2.1126348972320557,False,77,0.0,10.559469747543329,3
Julius Chestnut,RB,2026,2,2026,15,13,0.0,2.1675267219543457,False,84,0.0,9.814515209197989,3
Julius Chestnut,RB,2026,2,2026,16,14,0.0,2.220032215118408,False,91,0.0,7.833211541175836,3
Julius Chestnut,RB,2026,2,2026,17,15,0.0,2.2638025283813477,False,98,0.0,5.868296432495076,3
Justice Hill,RB,2026,2,2026,3,1,0.0,3.9695730209350586,False,0,0.0,18.68533296585081,3
Justice Hill,RB,2026,2,2026,4,2,0.0,3.6651177406311035,False,7,0.0,17.826430225372306,3
Justice Hill,RB,2026,2,2026,5,3,0.0,3.781045913696289,False,14,0.0,17.310275173187247,3
Justice Hill,RB,2026,2,2026,6,4,0.0,3.955878496170044,False,21,0.0,17.50743098258971,3
Justice Hill,RB,2026,2,2026,7,5,0.0,4.223713397979736,False,28,0.0,17.1667060136795,3
Justice Hill,RB,2026,2,2026,8,6,0.0,4.686437606811523,False,35,0.0,16.903129577636715,3
Justice Hill,RB,2026,2,2026,9,7,0.0,5.269805431365967,False,42,0.0,16.88336153030395,3
Justice Hill,RB,2026,2,2026,10,8,0.0,6.0170063972473145,False,49,0.0,17.033933925628656,3
Justice Hill,RB,2026,2,2026,11,9,0.0,6.8056111335754395,False,56,0.0,16.711489582061738,3
Justice Hill,RB,2026,2,2026,12,10,0.0,7.6687517166137695,False,63,0.0,16.93972408771515,3
Justice Hill,RB,2026,2,2026,13,11,0.0,8.45775318145752,False,70,0.0,17.460397577285757,3
Justice Hill,RB,2026,2,2026,14,12,0.0,9.02738094329834,False,77,0.0,17.474215793609613,3
Justice Hill,RB,2026,2,2026,15,13,0.0,9.335660934448242,False,84,0.0,16.982649421691885,3
Justice Hill,RB,2026,2,2026,16,14,0.0,9.460556983947754,False,91,0.0,15.07373631000518,3
Justice Hill,RB,2026,2,2026,17,15,0.0,9.463711738586426,False,98,0.0,13.068205642700153,3
Justin Jefferson,WR,2026,2,2026,3,1,0.0,14.596790313720703,False,0,3.498174858093261,29.312550258636456,3
Justin Jefferson,WR,2026,2,2026,4,2,0.0,14.570670127868652,False,7,0.9033759117126454,28.731982612609855,3
Justin Jefferson,WR,2026,2,2026,5,3,0.0,14.493803977966309,False,14,0.36621866226196254,28.023033237457266,3
Justin Jefferson,WR,2026,2,2026,6,4,0.0,14.551615715026855,False,21,0.2638614654541023,28.103168201446522,3
Justin Jefferson,WR,2026,2,2026,7,5,0.0,14.49513053894043,False,28,0.056680297851562145,27.438123154640195,3
Justin Jefferson,WR,2026,2,2026,8,6,0.0,14.247380256652832,False,35,0.0,26.464072227478024,3
Justin Jefferson,WR,2026,2,2026,9,7,0.0,14.036175727844238,False,42,0.0,25.649731826782222,3
Justin Jefferson,WR,2026,2,2026,10,8,0.0,13.923686027526855,False,49,0.0,24.940613555908197,3
Justin Jefferson,WR,2026,2,2026,11,9,0.0,13.808003425598145,False,56,0.0,23.713881874084443,3
Justin Jefferson,WR,2026,2,2026,12,10,0.0,13.707257270812988,False,63,0.0,22.978229641914368,3
Justin Jefferson,WR,2026,2,2026,13,11,0.0,13.633158683776855,False,70,0.0,22.635803079605093,3
Justin Jefferson,WR,2026,2,2026,14,12,0.0,13.570784568786621,False,77,0.0,22.017619419097894,3
Justin Jefferson,WR,2026,2,2026,15,13,0.0,13.475407600402832,False,84,0.0,21.122396087646475,3
Justin Jefferson,WR,2026,2,2026,16,14,0.0,13.38454532623291,False,91,0.0,18.997724652290337,3
Justin Jefferson,WR,2026,2,2026,17,15,0.0,13.31036376953125,False,98,0.0,16.914857673644978,3
KC Concepcion,WR,2026,2,2026,3,1,0.0,2.0078999996185303,False,0,0.0,16.723659944534283,3
KC Concepcion,WR,2026,2,2026,4,2,0.0,1.8084338903427124,False,7,0.0,15.969746375083917,3
KC Concepcion,WR,2026,2,2026,5,3,0.0,1.8825061321258545,False,14,0.0,15.411735391616812,3
KC Concepcion,WR,2026,2,2026,6,4,0.0,1.93364679813385,False,21,0.0,15.485199284553515,3
KC Concepcion,WR,2026,2,2026,7,5,0.0,1.9504812955856323,False,28,0.0,14.893473911285398,3
KC Concepcion,WR,2026,2,2026,8,6,0.0,2.0204532146453857,False,35,0.0,14.237145185470578,3
KC Concepcion,WR,2026,2,2026,9,7,0.0,2.107862710952759,False,42,0.0,13.721418809890743,3
KC Concepcion,WR,2026,2,2026,10,8,0.0,2.2290163040161133,False,49,0.0,13.245943832397455,3
KC Concepcion,WR,2026,2,2026,11,9,0.0,2.3370509147644043,False,56,0.0,12.242929363250704,3
KC Concepcion,WR,2026,2,2026,12,10,0.0,2.452571392059326,False,63,0.0,11.723543763160706,3
KC Concepcion,WR,2026,2,2026,13,11,0.0,2.6186203956604004,False,70,0.0,11.621264791488638,3
KC Concepcion,WR,2026,2,2026,14,12,0.0,2.745548963546753,False,77,0.0,11.192383813858026,3
KC Concepcion,WR,2026,2,2026,15,13,0.0,2.888965606689453,False,84,0.0,10.535954093933096,3
KC Concepcion,WR,2026,2,2026,16,14,0.0,3.007420063018799,False,91,0.0,8.620599389076226,3
KC Concepcion,WR,2026,2,2026,17,15,0.0,3.088642120361328,False,98,0.0,6.693136024475057,3
KaVontae Turpin,WR,2026,2,2026,3,1,0.0,8.797320365905762,False,0,0.0,23.513080310821515,3
KaVontae Turpin,WR,2026,2,2026,4,2,0.0,8.802985191345215,False,7,0.0,22.964297676086417,3
KaVontae Turpin,WR,2026,2,2026,5,3,0.0,8.700848579406738,False,14,0.0,22.230077838897696,3
KaVontae Turpin,WR,2026,2,2026,6,4,0.0,8.648396492004395,False,21,0.0,22.19994897842406,3
KaVontae Turpin,WR,2026,2,2026,7,5,0.0,8.46396541595459,False,28,0.0,21.406958031654355,3
KaVontae Turpin,WR,2026,2,2026,8,6,0.0,8.015338897705078,False,35,0.0,20.23203086853027,3
KaVontae Turpin,WR,2026,2,2026,9,7,0.0,7.455053806304932,False,42,0.0,19.068609905242916,3
KaVontae Turpin,WR,2026,2,2026,10,8,0.0,6.9228339195251465,False,49,0.0,17.939761447906488,3
KaVontae Turpin,WR,2026,2,2026,11,9,0.0,6.342312335968018,False,56,0.0,16.248190784454316,3
KaVontae Turpin,WR,2026,2,2026,12,10,0.0,5.825735569000244,False,63,0.0,15.096707940101624,3
KaVontae Turpin,WR,2026,2,2026,13,11,0.0,5.393006324768066,False,70,0.0,14.395650720596304,3
KaVontae Turpin,WR,2026,2,2026,14,12,0.0,5.087949752807617,False,77,0.0,13.53478460311889,3
KaVontae Turpin,WR,2026,2,2026,15,13,0.0,4.815369129180908,False,84,0.0,12.462357616424551,3
KaVontae Turpin,WR,2026,2,2026,16,14,0.0,4.630910396575928,False,91,0.0,10.244089722633355,3
KaVontae Turpin,WR,2026,2,2026,17,15,0.0,4.511707305908203,False,98,0.0,8.11620121002193,3
Kaden Davis,WR,2026,2,2026,3,1,0.0,1.3270847797393799,False,0,0.0,16.042844724655133,3
Kaden Davis,WR,2026,2,2026,4,2,0.0,1.0663965940475464,False,7,0.0,15.22770907878875,3
Kaden Davis,WR,2026,2,2026,5,3,0.0,1.105405569076538,False,14,0.0,14.634634828567496,3
Kaden Davis,WR,2026,2,2026,6,4,0.0,1.1696830987930298,False,21,0.0,14.721235585212694,3
Kaden Davis,WR,2026,2,2026,7,5,0.0,1.194198727607727,False,28,0.0,14.137191343307492,3
Kaden Davis,WR,2026,2,2026,8,6,0.0,1.254785180091858,False,35,0.0,13.47147715091705,3
Kaden Davis,WR,2026,2,2026,9,7,0.0,1.3158377408981323,False,42,0.0,12.929393839836116,3
Kaden Davis,WR,2026,2,2026,10,8,0.0,1.378846287727356,False,49,0.0,12.395773816108697,3
Kaden Davis,WR,2026,2,2026,11,9,0.0,1.4218767881393433,False,56,0.0,11.327755236625643,3
Kaden Davis,WR,2026,2,2026,12,10,0.0,1.4403167963027954,False,63,0.0,10.711289167404175,3
Kaden Davis,WR,2026,2,2026,13,11,0.0,1.4946550130844116,False,70,0.0,10.49729940891265,3
Kaden Davis,WR,2026,2,2026,14,12,0.0,1.52700674533844,False,77,0.0,9.973841595649713,3
Kaden Davis,WR,2026,2,2026,15,13,0.0,1.5764033794403076,False,84,0.0,9.22339186668395,3
Kaden Davis,WR,2026,2,2026,16,14,0.0,1.632291316986084,False,91,0.0,7.245470643043512,3
Kaden Davis,WR,2026,2,2026,17,15,0.0,1.684070110321045,False,98,0.0,5.288564014434773,3
Kaden Wetjen,WR,2026,2,2026,3,1,0.0,1.4171072244644165,False,0,0.0,16.13286716938017,3
Kaden Wetjen,WR,2026,2,2026,4,2,0.0,1.1250715255737305,False,7,0.0,15.286384010314935,3
Kaden Wetjen,WR,2026,2,2026,5,3,0.0,1.165987253189087,False,14,0.0,14.695216512680044,3
Kaden Wetjen,WR,2026,2,2026,6,4,0.0,1.2158112525939941,False,21,0.0,14.767363739013659,3
Kaden Wetjen,WR,2026,2,2026,7,5,0.0,1.2212315797805786,False,28,0.0,14.164224195480344,3
Kaden Wetjen,WR,2026,2,2026,8,6,0.0,1.2668509483337402,False,35,0.0,13.483542919158932,3
Kaden Wetjen,WR,2026,2,2026,9,7,0.0,1.323189616203308,False,42,0.0,12.936745715141292,3
Kaden Wetjen,WR,2026,2,2026,10,8,0.0,1.3920178413391113,False,49,0.0,12.408945369720453,3
Kaden Wetjen,WR,2026,2,2026,11,9,0.0,1.454954743385315,False,56,0.0,11.360833191871615,3
Kaden Wetjen,WR,2026,2,2026,12,10,0.0,1.5033577680587769,False,63,0.0,10.774330139160156,3
Kaden Wetjen,WR,2026,2,2026,13,11,0.0,1.5959349870681763,False,70,0.0,10.598579382896414,3
Kaden Wetjen,WR,2026,2,2026,14,12,0.0,1.6589494943618774,False,77,0.0,10.10578434467315,3
Kaden Wetjen,WR,2026,2,2026,15,13,0.0,1.7468682527542114,False,84,0.0,9.393856739997855,3
Kaden Wetjen,WR,2026,2,2026,16,14,0.0,1.8320996761322021,False,91,0.0,7.44527900218963,3
Kaden Wetjen,WR,2026,2,2026,17,15,0.0,1.899682641029358,False,98,0.0,5.504176545143086,3
Kaelon Black,RB,2026,2,2026,3,1,0.0,2.1053106784820557,False,0,0.0,16.82107062339781,3
Kaelon Black,RB,2026,2,2026,4,2,0.0,1.7439348697662354,False,7,0.0,15.90524735450744,3
Kaelon Black,RB,2026,2,2026,5,3,0.0,1.8075706958770752,False,14,0.0,15.336799955368033,3
Kaelon Black,RB,2026,2,2026,6,4,0.0,1.8685861825942993,False,21,0.0,15.420138669013964,3
Kaelon Black,RB,2026,2,2026,7,5,0.0,1.929266333580017,False,28,0.0,14.872258949279782,3
Kaelon Black,RB,2026,2,2026,8,6,0.0,2.088088035583496,False,35,0.0,14.304780006408688,3
Kaelon Black,RB,2026,2,2026,9,7,0.0,2.3025035858154297,False,42,0.0,13.916059684753414,3
Kaelon Black,RB,2026,2,2026,10,8,0.0,2.605391263961792,False,49,0.0,13.622318792343133,3
Kaelon Black,RB,2026,2,2026,11,9,0.0,2.920670986175537,False,56,0.0,12.826549434661837,3
Kaelon Black,RB,2026,2,2026,12,10,0.0,3.2754616737365723,False,63,0.0,12.546434044837952,3
Kaelon Black,RB,2026,2,2026,13,11,0.0,3.6767516136169434,False,70,0.0,12.679396009445181,3
Kaelon Black,RB,2026,2,2026,14,12,0.0,4.041408061981201,False,77,0.0,12.488242912292474,3
Kaelon Black,RB,2026,2,2026,15,13,0.0,4.432015895843506,False,84,0.0,12.079004383087149,3
Kaelon Black,RB,2026,2,2026,16,14,0.0,4.762797832489014,False,91,0.0,10.37597715854644,3
Kaelon Black,RB,2026,2,2026,17,15,0.0,4.99039888381958,False,98,0.0,8.594892787933308,3
Kaleb Johnson,RB,2026,2,2026,3,1,0.0,3.9429593086242676,False,0,0.0,18.65871925354002,3
Kaleb Johnson,RB,2026,2,2026,4,2,0.0,3.9956960678100586,False,7,0.0,18.15700855255126,3
Kaleb Johnson,RB,2026,2,2026,5,3,0.0,4.301515102386475,False,14,0.0,17.830744361877432,3
Kaleb Johnson,RB,2026,2,2026,6,4,0.0,4.572022914886475,False,21,0.0,18.12357540130614,3
Kaleb Johnson,RB,2026,2,2026,7,5,0.0,4.786718368530273,False,28,0.0,17.72971098423004,3
Kaleb Johnson,RB,2026,2,2026,8,6,0.0,4.977262020111084,False,35,0.0,17.193953990936276,3
Kaleb Johnson,RB,2026,2,2026,9,7,0.0,5.040350437164307,False,42,0.0,16.65390653610229,3
Kaleb Johnson,RB,2026,2,2026,10,8,0.0,5.068289756774902,False,49,0.0,16.085217285156244,3
Kaleb Johnson,RB,2026,2,2026,11,9,0.0,4.9788947105407715,False,56,0.0,14.884773159027072,3
Kaleb Johnson,RB,2026,2,2026,12,10,0.0,4.867843151092529,False,63,0.0,14.138815522193909,3
Kaleb Johnson,RB,2026,2,2026,13,11,0.0,4.781683444976807,False,70,0.0,13.784327840805044,3
Kaleb Johnson,RB,2026,2,2026,14,12,0.0,4.696776866912842,False,77,0.0,13.143611717224115,3
Kaleb Johnson,RB,2026,2,2026,15,13,0.0,4.616435527801514,False,84,0.0,12.263424015045157,3
Kaleb Johnson,RB,2026,2,2026,16,14,0.0,4.552791118621826,False,91,0.0,10.165970444679253,3
Kaleb Johnson,RB,2026,2,2026,17,15,0.0,4.507610321044922,False,98,0.0,8.11210422515865,3
Kalif Raymond,WR,2026,2,2026,3,1,0.0,4.093863010406494,False,0,0.0,18.809622955322247,3
Kalif Raymond,WR,2026,2,2026,4,2,0.0,3.9493043422698975,False,7,0.0,18.1106168270111,3
Kalif Raymond,WR,2026,2,2026,5,3,0.0,4.174606800079346,False,14,0.0,17.703836059570303,3
Kalif Raymond,WR,2026,2,2026,6,4,0.0,4.376168727874756,False,21,0.0,17.927721214294422,3
Kalif Raymond,WR,2026,2,2026,7,5,0.0,4.603853702545166,False,28,0.0,17.54684631824493,3
Kalif Raymond,WR,2026,2,2026,8,6,0.0,4.979362487792969,False,35,0.0,17.19605445861816,3
Kalif Raymond,WR,2026,2,2026,9,7,0.0,5.431125640869141,False,42,0.0,17.044681739807125,3
Kalif Raymond,WR,2026,2,2026,10,8,0.0,5.967189788818359,False,49,0.0,16.9841173171997,3
Kalif Raymond,WR,2026,2,2026,11,9,0.0,6.426885604858398,False,56,0.0,16.332764053344697,3
Kalif Raymond,WR,2026,2,2026,12,10,0.0,6.802121162414551,False,63,0.0,16.07309353351593,3
Kalif Raymond,WR,2026,2,2026,13,11,0.0,7.039922714233398,False,70,0.0,16.042567110061636,3
Kalif Raymond,WR,2026,2,2026,14,12,0.0,7.133416175842285,False,77,0.0,15.580251026153558,3
Kalif Raymond,WR,2026,2,2026,15,13,0.0,7.109654903411865,False,84,0.0,14.756643390655508,3
Kalif Raymond,WR,2026,2,2026,16,14,0.0,7.041879177093506,False,91,0.0,12.655058503150933,3
Kalif Raymond,WR,2026,2,2026,17,15,0.0,6.949447154998779,False,98,0.0,10.553941059112507,3
Kameron Johnson,WR,2026,2,2026,3,1,0.0,2.238983154296875,False,0,0.0,16.954743099212628,3
Kameron Johnson,WR,2026,2,2026,4,2,0.0,2.2001476287841797,False,7,0.0,16.361460113525382,3
Kameron Johnson,WR,2026,2,2026,5,3,0.0,2.378174066543579,False,14,0.0,15.907403326034537,3
Kameron Johnson,WR,2026,2,2026,6,4,0.0,2.504357099533081,False,21,0.0,16.055909585952747,3
Kameron Johnson,WR,2026,2,2026,7,5,0.0,2.5611090660095215,False,28,0.0,15.504101681709287,3
Kameron Johnson,WR,2026,2,2026,8,6,0.0,2.631824493408203,False,35,0.0,14.848516464233395,3
Kameron Johnson,WR,2026,2,2026,9,7,0.0,2.6721653938293457,False,42,0.0,14.28572149276733,3
Kameron Johnson,WR,2026,2,2026,10,8,0.0,2.715439796447754,False,49,0.0,13.732367324829095,3
Kameron Johnson,WR,2026,2,2026,11,9,0.0,2.7075884342193604,False,56,0.0,12.61346688270566,3
Kameron Johnson,WR,2026,2,2026,12,10,0.0,2.6898488998413086,False,63,0.0,11.960821270942688,3
Kameron Johnson,WR,2026,2,2026,13,11,0.0,2.7057571411132812,False,70,0.0,11.708401536941519,3
Kameron Johnson,WR,2026,2,2026,14,12,0.0,2.70229434967041,False,77,0.0,11.149129199981683,3
Kameron Johnson,WR,2026,2,2026,15,13,0.0,2.7137811183929443,False,84,0.0,10.360769605636587,3
Kameron Johnson,WR,2026,2,2026,16,14,0.0,2.7338051795959473,False,91,0.0,8.346984505653374,3
Kameron Johnson,WR,2026,2,2026,17,15,0.0,2.7587056159973145,False,98,0.0,6.363199520111043,3
Kayshon Boutte,WR,2026,2,2026,3,1,0.0,5.124721050262451,False,0,0.0,19.840480995178204,3
Kayshon Boutte,WR,2026,2,2026,4,2,0.0,4.656667232513428,False,7,0.0,18.81797971725463,3
Kayshon Boutte,WR,2026,2,2026,5,3,0.0,4.735185146331787,False,14,0.0,18.264414405822745,3
Kayshon Boutte,WR,2026,2,2026,6,4,0.0,4.941668510437012,False,21,0.0,18.493220996856678,3
Kayshon Boutte,WR,2026,2,2026,7,5,0.0,5.303307056427002,False,28,0.0,18.246299672126767,3
Kayshon Boutte,WR,2026,2,2026,8,6,0.0,5.915724277496338,False,35,0.0,18.13241624832153,3
Kayshon Boutte,WR,2026,2,2026,9,7,0.0,6.710238456726074,False,42,0.0,18.32379455566406,3
Kayshon Boutte,WR,2026,2,2026,10,8,0.0,7.781266689300537,False,49,0.0,18.79819421768188,3
Kayshon Boutte,WR,2026,2,2026,11,9,0.0,8.942968368530273,False,56,0.0,18.84884681701657,3
Kayshon Boutte,WR,2026,2,2026,12,10,0.0,9.990252494812012,False,63,0.0,19.26122486591339,3
Kayshon Boutte,WR,2026,2,2026,13,11,0.0,10.599691390991211,False,70,0.0,19.60233578681945,3
Kayshon Boutte,WR,2026,2,2026,14,12,0.0,10.849312782287598,False,77,0.0,19.29614763259887,3
Kayshon Boutte,WR,2026,2,2026,15,13,0.0,10.865311622619629,False,84,0.0,18.512300109863272,3
Kayshon Boutte,WR,2026,2,2026,16,14,0.0,10.804615020751953,False,91,0.0,16.41779434680938,3
Kayshon Boutte,WR,2026,2,2026,17,15,0.0,10.701532363891602,False,98,0.0,14.30602626800533,3
Kaytron Allen,RB,2026,2,2026,3,1,0.0,1.5396544933319092,False,0,0.0,16.255414438247662,3
Kaytron Allen,RB,2026,2,2026,4,2,0.0,1.2078121900558472,False,7,0.0,15.369124674797051,3
Kaytron Allen,RB,2026,2,2026,5,3,0.0,1.2603484392166138,False,14,0.0,14.789577698707571,3
Kaytron Allen,RB,2026,2,2026,6,4,0.0,1.320194959640503,False,21,0.0,14.871747446060168,3
Kaytron Allen,RB,2026,2,2026,7,5,0.0,1.344956636428833,False,28,0.0,14.287949252128598,3
Kaytron Allen,RB,2026,2,2026,8,6,0.0,1.4253182411193848,False,35,0.0,13.642010211944577,3
Kaytron Allen,RB,2026,2,2026,9,7,0.0,1.52451753616333,False,42,0.0,13.138073635101314,3
Kaytron Allen,RB,2026,2,2026,10,8,0.0,1.654544711112976,False,49,0.0,12.671472239494317,3
Kaytron Allen,RB,2026,2,2026,11,9,0.0,1.7818934917449951,False,56,0.0,11.687771940231295,3
Kaytron Allen,RB,2026,2,2026,12,10,0.0,1.9184836149215698,False,63,0.0,11.18945598602295,3
Kaytron Allen,RB,2026,2,2026,13,11,0.0,2.1063976287841797,False,70,0.0,11.109042024612418,3
Kaytron Allen,RB,2026,2,2026,14,12,0.0,2.2569031715393066,False,77,0.0,10.70373802185058,3
Kaytron Allen,RB,2026,2,2026,15,13,0.0,2.4367175102233887,False,84,0.0,10.083705997467032,3
Kaytron Allen,RB,2026,2,2026,16,14,0.0,2.588481903076172,False,91,0.0,8.201661229133599,3
Kaytron Allen,RB,2026,2,2026,17,15,0.0,2.6929073333740234,False,98,0.0,6.297401237487752,3
Ke'Shawn Williams,WR,2026,2,2026,3,1,0.0,1.4990425109863281,False,0,0.0,16.21480245590208,3
Ke'Shawn Williams,WR,2026,2,2026,4,2,0.0,1.351563811302185,False,7,0.0,15.51287629604339,3
Ke'Shawn Williams,WR,2026,2,2026,5,3,0.0,1.4707566499710083,False,14,0.0,14.999985909461966,3
Ke'Shawn Williams,WR,2026,2,2026,6,4,0.0,1.5853980779647827,False,21,0.0,15.136950564384447,3
Ke'Shawn Williams,WR,2026,2,2026,7,5,0.0,1.6330090761184692,False,28,0.0,14.576001691818234,3
Ke'Shawn Williams,WR,2026,2,2026,8,6,0.0,1.6984025239944458,False,35,0.0,13.915094494819638,3
Ke'Shawn Williams,WR,2026,2,2026,9,7,0.0,1.7525309324264526,False,42,0.0,13.366087031364437,3
Ke'Shawn Williams,WR,2026,2,2026,10,8,0.0,1.8066884279251099,False,49,0.0,12.823615956306451,3
Ke'Shawn Williams,WR,2026,2,2026,11,9,0.0,1.8337284326553345,False,56,0.0,11.739606881141635,3
Ke'Shawn Williams,WR,2026,2,2026,12,10,0.0,1.8357564210891724,False,63,0.0,11.106728792190552,3
Ke'Shawn Williams,WR,2026,2,2026,13,11,0.0,1.8728524446487427,False,70,0.0,10.87549684047698,3
Ke'Shawn Williams,WR,2026,2,2026,14,12,0.0,1.8906034231185913,False,77,0.0,10.337438273429864,3
Ke'Shawn Williams,WR,2026,2,2026,15,13,0.0,1.9216259717941284,False,84,0.0,9.568614459037772,3
Ke'Shawn Williams,WR,2026,2,2026,16,14,0.0,1.9645763635635376,False,91,0.0,7.5777556896209655,3
Ke'Shawn Williams,WR,2026,2,2026,17,15,0.0,2.009704351425171,False,98,0.0,5.614198255538899,3
KeAndre Lambert-Smith,WR,2026,2,2026,3,1,0.0,2.1046395301818848,False,0,0.0,16.820399475097638,3
KeAndre Lambert-Smith,WR,2026,2,2026,4,2,0.0,2.029216766357422,False,7,0.0,16.190529251098624,3
KeAndre Lambert-Smith,WR,2026,2,2026,5,3,0.0,2.2097678184509277,False,14,0.0,15.738997077941885,3
KeAndre Lambert-Smith,WR,2026,2,2026,6,4,0.0,2.3311960697174072,False,21,0.0,15.882748556137072,3
KeAndre Lambert-Smith,WR,2026,2,2026,7,5,0.0,2.3924062252044678,False,28,0.0,15.335398840904233,3
KeAndre Lambert-Smith,WR,2026,2,2026,8,6,0.0,2.4928746223449707,False,35,0.0,14.709566593170162,3
KeAndre Lambert-Smith,WR,2026,2,2026,9,7,0.0,2.5929758548736572,False,42,0.0,14.206531953811641,3
KeAndre Lambert-Smith,WR,2026,2,2026,10,8,0.0,2.712693214416504,False,49,0.0,13.729620742797845,3
KeAndre Lambert-Smith,WR,2026,2,2026,11,9,0.0,2.792182207107544,False,56,0.0,12.698060655593844,3
KeAndre Lambert-Smith,WR,2026,2,2026,12,10,0.0,2.869795799255371,False,63,0.0,12.14076817035675,3
KeAndre Lambert-Smith,WR,2026,2,2026,13,11,0.0,2.984732151031494,False,70,0.0,11.987376546859732,3
KeAndre Lambert-Smith,WR,2026,2,2026,14,12,0.0,3.0622200965881348,False,77,0.0,11.509054946899408,3
KeAndre Lambert-Smith,WR,2026,2,2026,15,13,0.0,3.1551754474639893,False,84,0.0,10.802163934707632,3
KeAndre Lambert-Smith,WR,2026,2,2026,16,14,0.0,3.232240915298462,False,91,0.0,8.845420241355889,3
KeAndre Lambert-Smith,WR,2026,2,2026,17,15,0.0,3.293006181716919,False,98,0.0,6.897500085830647,3
Keaton Mitchell,RB,2026,2,2026,3,1,0.0,6.315255641937256,False,0,0.0,21.03101558685301,3
Keaton Mitchell,RB,2026,2,2026,4,2,0.0,5.944124698638916,False,7,0.0,20.10543718338012,3
Keaton Mitchell,RB,2026,2,2026,5,3,0.0,6.164556503295898,False,14,0.0,19.693785762786856,3
Keaton Mitchell,RB,2026,2,2026,6,4,0.0,6.676121234893799,False,21,0.0,20.227673721313465,3
Keaton Mitchell,RB,2026,2,2026,7,5,0.0,7.59163236618042,False,28,0.0,20.534624981880185,3
Keaton Mitchell,RB,2026,2,2026,8,6,0.0,8.968039512634277,False,35,0.0,21.18473148345947,3
Keaton Mitchell,RB,2026,2,2026,9,7,0.0,10.467211723327637,False,42,0.0,22.08076782226562,3
Keaton Mitchell,RB,2026,2,2026,10,8,0.0,11.656651496887207,False,49,0.0,22.67357902526855,3
Keaton Mitchell,RB,2026,2,2026,11,9,0.0,12.195694923400879,False,56,0.0,22.101573371887177,3
Keaton Mitchell,RB,2026,2,2026,12,10,0.0,12.421021461486816,False,63,0.0,21.691993832588196,3
Keaton Mitchell,RB,2026,2,2026,13,11,0.0,12.49968433380127,False,70,0.0,21.502328729629507,3
Keaton Mitchell,RB,2026,2,2026,14,12,0.0,12.548772811889648,False,77,0.0,20.99560766220092,3
Keaton Mitchell,RB,2026,2,2026,15,13,0.0,12.556736946105957,False,84,0.0,20.2037254333496,3
Keaton Mitchell,RB,2026,2,2026,16,14,0.0,12.545578002929688,False,91,0.0,18.158757328987114,3
Keaton Mitchell,RB,2026,2,2026,17,15,0.0,12.51396656036377,False,98,0.0,16.118460464477497,3
Keenan Allen,WR,2026,2,2026,3,1,0.0,13.131726264953613,False,0,2.033110809326171,27.847486209869366,3
Keenan Allen,WR,2026,2,2026,4,2,0.0,13.126212120056152,False,7,0.0,27.287524604797355,3
Keenan Allen,WR,2026,2,2026,5,3,0.0,12.991076469421387,False,14,0.0,26.520305728912344,3
Keenan Allen,WR,2026,2,2026,6,4,0.0,13.08372688293457,False,21,0.0,26.635279369354237,3
Keenan Allen,WR,2026,2,2026,7,5,0.0,13.350239753723145,False,28,0.0,26.29323236942291,3
Keenan Allen,WR,2026,2,2026,8,6,0.0,13.4154052734375,False,35,0.0,25.63209724426269,3
Keenan Allen,WR,2026,2,2026,9,7,0.0,13.355841636657715,False,42,0.0,24.9693977355957,3
Keenan Allen,WR,2026,2,2026,10,8,0.0,13.304923057556152,False,49,0.0,24.321850585937494,3
Keenan Allen,WR,2026,2,2026,11,9,0.0,13.201861381530762,False,56,0.0,23.10773983001706,3
Keenan Allen,WR,2026,2,2026,12,10,0.0,13.096562385559082,False,63,0.0,22.36753475666046,3
Keenan Allen,WR,2026,2,2026,13,11,0.0,13.02315616607666,False,70,0.0,22.025800561904898,3
Keenan Allen,WR,2026,2,2026,14,12,0.0,12.973522186279297,False,77,0.0,21.42035703659057,3
Keenan Allen,WR,2026,2,2026,15,13,0.0,12.874643325805664,False,84,0.0,20.521631813049307,3
Keenan Allen,WR,2026,2,2026,16,14,0.0,12.796791076660156,False,91,0.0,18.409970402717583,3
Keenan Allen,WR,2026,2,2026,17,15,0.0,12.732793807983398,False,98,0.0,16.337287712097126,3
Kendre Miller,RB,2026,2,2026,3,1,0.0,2.611640691757202,False,0,0.0,17.327400636672955,3
Kendre Miller,RB,2026,2,2026,4,2,0.0,2.2612838745117188,False,7,0.0,16.42259635925292,3
Kendre Miller,RB,2026,2,2026,5,3,0.0,2.3461451530456543,False,14,0.0,15.875374412536612,3
Kendre Miller,RB,2026,2,2026,6,4,0.0,2.4139723777770996,False,21,0.0,15.965524864196764,3
Kendre Miller,RB,2026,2,2026,7,5,0.0,2.4494776725769043,False,28,0.0,15.39247028827667,3
Kendre Miller,RB,2026,2,2026,8,6,0.0,2.55841326713562,False,35,0.0,14.775105237960812,3
Kendre Miller,RB,2026,2,2026,9,7,0.0,2.707287311553955,False,42,0.0,14.320843410491939,3
Kendre Miller,RB,2026,2,2026,10,8,0.0,2.9211630821228027,False,49,0.0,13.938090610504144,3
Kendre Miller,RB,2026,2,2026,11,9,0.0,3.144214391708374,False,56,0.0,13.050092840194674,3
Kendre Miller,RB,2026,2,2026,12,10,0.0,3.42402720451355,False,63,0.0,12.69499957561493,3
Kendre Miller,RB,2026,2,2026,13,11,0.0,3.781090259552002,False,70,0.0,12.78373465538024,3
Kendre Miller,RB,2026,2,2026,14,12,0.0,4.116703987121582,False,77,0.0,12.563538837432855,3
Kendre Miller,RB,2026,2,2026,15,13,0.0,4.502517223358154,False,84,0.0,12.149505710601797,3
Kendre Miller,RB,2026,2,2026,16,14,0.0,4.850331783294678,False,91,0.0,10.463511109352105,3
Kendre Miller,RB,2026,2,2026,17,15,0.0,5.122204303741455,False,98,0.0,8.726698207855183,3
Kendrick Bourne,WR,2026,2,2026,3,1,0.0,3.622445583343506,False,0,0.0,18.33820552825926,3
Kendrick Bourne,WR,2026,2,2026,4,2,0.0,3.2059600353240967,False,7,0.0,17.3672725200653,3
Kendrick Bourne,WR,2026,2,2026,5,3,0.0,3.3062281608581543,False,14,0.0,16.835457420349112,3
Kendrick Bourne,WR,2026,2,2026,6,4,0.0,3.4097256660461426,False,21,0.0,16.96127815246581,3
Kendrick Bourne,WR,2026,2,2026,7,5,0.0,3.5727837085723877,False,28,0.0,16.515776324272153,3
Kendrick Bourne,WR,2026,2,2026,8,6,0.0,3.9327969551086426,False,35,0.0,16.149488925933834,3
Kendrick Bourne,WR,2026,2,2026,9,7,0.0,4.443323612213135,False,42,0.0,16.05687971115112,3
Kendrick Bourne,WR,2026,2,2026,10,8,0.0,5.159321308135986,False,49,0.0,16.176248836517328,3
Kendrick Bourne,WR,2026,2,2026,11,9,0.0,5.964797496795654,False,56,0.0,15.870675945281954,3
Kendrick Bourne,WR,2026,2,2026,12,10,0.0,6.9603376388549805,False,63,0.0,16.23131000995636,3
Kendrick Bourne,WR,2026,2,2026,13,11,0.0,8.091547012329102,False,70,0.0,17.09419140815734,3
Kendrick Bourne,WR,2026,2,2026,14,12,0.0,9.094231605529785,False,77,0.0,17.541066455841058,3
Kendrick Bourne,WR,2026,2,2026,15,13,0.0,9.709065437316895,False,84,0.0,17.356053924560538,3
Kendrick Bourne,WR,2026,2,2026,16,14,0.0,9.962676048278809,False,91,0.0,15.575855374336236,3
Kendrick Bourne,WR,2026,2,2026,17,15,0.0,9.992355346679688,False,98,0.0,13.596849250793415,3
Kene Nwangwu,RB,2026,2,2026,3,1,0.0,0.5977587103843689,False,0,0.0,15.313518655300122,3
Kene Nwangwu,RB,2026,2,2026,4,2,0.0,0.4022858142852783,False,7,0.0,14.563598299026483,3
Kene Nwangwu,RB,2026,2,2026,5,3,0.0,0.44024038314819336,False,14,0.0,13.969469642639151,3
Kene Nwangwu,RB,2026,2,2026,6,4,0.0,0.5140852928161621,False,21,0.0,14.065637779235827,3
Kene Nwangwu,RB,2026,2,2026,7,5,0.0,0.5416913032531738,False,28,0.0,13.484683918952939,3
Kene Nwangwu,RB,2026,2,2026,8,6,0.0,0.5946740508079529,False,35,0.0,12.811366021633145,3
Kene Nwangwu,RB,2026,2,2026,9,7,0.0,0.6421104073524475,False,42,0.0,12.255666506290432,3
Kene Nwangwu,RB,2026,2,2026,10,8,0.0,0.6721348762512207,False,49,0.0,11.689062404632562,3
Kene Nwangwu,RB,2026,2,2026,11,9,0.0,0.6900253891944885,False,56,0.0,10.595903837680789,3
Kene Nwangwu,RB,2026,2,2026,12,10,0.0,0.6721884608268738,False,63,0.0,9.943160831928253,3
Kene Nwangwu,RB,2026,2,2026,13,11,0.0,0.6836249232292175,False,70,0.0,9.686269319057455,3
Kene Nwangwu,RB,2026,2,2026,14,12,0.0,0.6887087821960449,False,77,0.0,9.135543632507318,3
Kene Nwangwu,RB,2026,2,2026,15,13,0.0,0.7094582915306091,False,84,0.0,8.356446778774252,3
Kene Nwangwu,RB,2026,2,2026,16,14,0.0,0.7519014477729797,False,91,0.0,6.365080773830408,3
Kene Nwangwu,RB,2026,2,2026,17,15,0.0,0.7951669692993164,False,98,0.0,4.399660873413045,3
Kenneth Walker III,RB,2026,2,2026,3,1,0.0,9.521992683410645,False,0,0.0,24.237752628326398,3
Kenneth Walker III,RB,2026,2,2026,4,2,0.0,9.09023666381836,False,7,0.0,23.251549148559562,3
Kenneth Walker III,RB,2026,2,2026,5,3,0.0,9.30148983001709,False,14,0.0,22.830719089508047,3
Kenneth Walker III,RB,2026,2,2026,6,4,0.0,9.595059394836426,False,21,0.0,23.146611881256092,3
Kenneth Walker III,RB,2026,2,2026,7,5,0.0,9.822917938232422,False,28,0.0,22.765910553932187,3
Kenneth Walker III,RB,2026,2,2026,8,6,0.0,10.069770812988281,False,35,0.0,22.286462783813473,3
Kenneth Walker III,RB,2026,2,2026,9,7,0.0,10.540741920471191,False,42,0.0,22.154298019409175,3
Kenneth Walker III,RB,2026,2,2026,10,8,0.0,11.358305931091309,False,49,0.0,22.37523345947265,3
Kenneth Walker III,RB,2026,2,2026,11,9,0.0,12.165871620178223,False,56,0.0,22.07175006866452,3
Kenneth Walker III,RB,2026,2,2026,12,10,0.0,12.608358383178711,False,63,0.0,21.87933075428009,3
Kenneth Walker III,RB,2026,2,2026,13,11,0.0,12.784807205200195,False,70,0.0,21.787451601028433,3
Kenneth Walker III,RB,2026,2,2026,14,12,0.0,12.860610961914062,False,77,0.0,21.307445812225335,3
Kenneth Walker III,RB,2026,2,2026,15,13,0.0,12.87459945678711,False,84,0.0,20.521587944030752,3
Kenneth Walker III,RB,2026,2,2026,16,14,0.0,12.869359016418457,False,91,0.0,18.482538342475884,3
Kenneth Walker III,RB,2026,2,2026,17,15,0.0,12.840500831604004,False,98,0.0,16.44499473571773,3
Kenny Gainwell,RB,2026,2,2026,3,1,0.0,13.264431953430176,False,0,2.1658164978027337,27.98019189834593,3
Kenny Gainwell,RB,2026,2,2026,4,2,0.0,13.236069679260254,False,7,0.0,27.397382164001456,3
Kenny Gainwell,RB,2026,2,2026,5,3,0.0,13.064202308654785,False,14,0.0,26.593431568145743,3
Kenny Gainwell,RB,2026,2,2026,6,4,0.0,13.027467727661133,False,21,0.0,26.5790202140808,3
Kenny Gainwell,RB,2026,2,2026,7,5,0.0,13.265301704406738,False,28,0.0,26.208294320106504,3
Kenny Gainwell,RB,2026,2,2026,8,6,0.0,13.545075416564941,False,35,0.0,25.761767387390133,3
Kenny Gainwell,RB,2026,2,2026,9,7,0.0,13.616897583007812,False,42,0.0,25.230453681945797,3
Kenny Gainwell,RB,2026,2,2026,10,8,0.0,13.600564002990723,False,49,0.0,24.617491531372064,3
Kenny Gainwell,RB,2026,2,2026,11,9,0.0,13.523740768432617,False,56,0.0,23.429619216918915,3
Kenny Gainwell,RB,2026,2,2026,12,10,0.0,13.44515609741211,False,63,0.0,22.71612846851349,3
Kenny Gainwell,RB,2026,2,2026,13,11,0.0,13.386828422546387,False,70,0.0,22.389472818374625,3
Kenny Gainwell,RB,2026,2,2026,14,12,0.0,13.346062660217285,False,77,0.0,21.792897510528558,3
Kenny Gainwell,RB,2026,2,2026,15,13,0.0,13.259244918823242,False,84,0.0,20.906233406066885,3
Kenny Gainwell,RB,2026,2,2026,16,14,0.0,13.181295394897461,False,91,0.0,18.794474720954888,3
Kenny Gainwell,RB,2026,2,2026,17,15,0.0,13.114039421081543,False,98,0.0,16.71853332519527,3
Keon Coleman,WR,2026,2,2026,3,1,0.0,3.8293442726135254,False,0,0.0,18.54510421752928,3
Keon Coleman,WR,2026,2,2026,4,2,0.0,3.6324195861816406,False,7,0.0,17.793732070922843,3
Keon Coleman,WR,2026,2,2026,5,3,0.0,3.8128669261932373,False,14,0.0,17.342096185684195,3
Keon Coleman,WR,2026,2,2026,6,4,0.0,3.9943056106567383,False,21,0.0,17.545858097076405,3
Keon Coleman,WR,2026,2,2026,7,5,0.0,4.18912935256958,False,28,0.0,17.132121968269345,3
Keon Coleman,WR,2026,2,2026,8,6,0.0,4.49336051940918,False,35,0.0,16.71005249023437,3
Keon Coleman,WR,2026,2,2026,9,7,0.0,4.846831798553467,False,42,0.0,16.46038789749145,3
Keon Coleman,WR,2026,2,2026,10,8,0.0,5.270559787750244,False,49,0.0,16.287487316131585,3
Keon Coleman,WR,2026,2,2026,11,9,0.0,5.6460394859313965,False,56,0.0,15.551917934417697,3
Keon Coleman,WR,2026,2,2026,12,10,0.0,6.009986400604248,False,63,0.0,15.280958771705627,3
Keon Coleman,WR,2026,2,2026,13,11,0.0,6.348003387451172,False,70,0.0,15.35064778327941,3
Keon Coleman,WR,2026,2,2026,14,12,0.0,6.59874153137207,False,77,0.0,15.045576381683343,3
Keon Coleman,WR,2026,2,2026,15,13,0.0,6.749561786651611,False,84,0.0,14.396550273895254,3
Keon Coleman,WR,2026,2,2026,16,14,0.0,6.81856107711792,False,91,0.0,12.431740403175347,3
Keon Coleman,WR,2026,2,2026,17,15,0.0,6.824330806732178,False,98,0.0,10.428824710845905,3
Kevin Austin Jr.,WR,2026,2,2026,3,1,0.0,1.434301733970642,False,0,0.0,16.150061678886395,3
Kevin Austin Jr.,WR,2026,2,2026,4,2,0.0,1.1195906400680542,False,7,0.0,15.280903124809258,3
Kevin Austin Jr.,WR,2026,2,2026,5,3,0.0,1.202258825302124,False,14,0.0,14.731488084793082,3
Kevin Austin Jr.,WR,2026,2,2026,6,4,0.0,1.2852392196655273,False,21,0.0,14.836791706085192,3
Kevin Austin Jr.,WR,2026,2,2026,7,5,0.0,1.331680417060852,False,28,0.0,14.274673032760617,3
Kevin Austin Jr.,WR,2026,2,2026,8,6,0.0,1.4395368099212646,False,35,0.0,13.656228780746456,3
Kevin Austin Jr.,WR,2026,2,2026,9,7,0.0,1.5697335004806519,False,42,0.0,13.183289599418636,3
Kevin Austin Jr.,WR,2026,2,2026,10,8,0.0,1.7376750707626343,False,49,0.0,12.754602599143976,3
Kevin Austin Jr.,WR,2026,2,2026,11,9,0.0,1.9142240285873413,False,56,0.0,11.820102477073641,3
Kevin Austin Jr.,WR,2026,2,2026,12,10,0.0,2.1253485679626465,False,63,0.0,11.396320939064026,3
Kevin Austin Jr.,WR,2026,2,2026,13,11,0.0,2.405684471130371,False,70,0.0,11.408328866958609,3
Kevin Austin Jr.,WR,2026,2,2026,14,12,0.0,2.654165029525757,False,77,0.0,11.10099987983703,3
Kevin Austin Jr.,WR,2026,2,2026,15,13,0.0,2.9435811042785645,False,84,0.0,10.590569591522208,3
Kevin Austin Jr.,WR,2026,2,2026,16,14,0.0,3.2052249908447266,False,91,0.0,8.818404316902154,3
Kevin Austin Jr.,WR,2026,2,2026,17,15,0.0,3.418195962905884,False,98,0.0,7.022689867019612,3
Kevin Coleman Jr.,WR,2026,2,2026,3,1,0.0,1.4446353912353516,False,0,0.0,16.160395336151105,3
Kevin Coleman Jr.,WR,2026,2,2026,4,2,0.0,1.1284477710723877,False,7,0.0,15.289760255813592,3
Kevin Coleman Jr.,WR,2026,2,2026,5,3,0.0,1.1639294624328613,False,14,0.0,14.693158721923819,3
Kevin Coleman Jr.,WR,2026,2,2026,6,4,0.0,1.2094730138778687,False,21,0.0,14.761025500297533,3
Kevin Coleman Jr.,WR,2026,2,2026,7,5,0.0,1.214891791343689,False,28,0.0,14.157884407043454,3
Kevin Coleman Jr.,WR,2026,2,2026,8,6,0.0,1.2670397758483887,False,35,0.0,13.48373174667358,3
Kevin Coleman Jr.,WR,2026,2,2026,9,7,0.0,1.3351867198944092,False,42,0.0,12.948742818832393,3
Kevin Coleman Jr.,WR,2026,2,2026,10,8,0.0,1.424343466758728,False,49,0.0,12.44127099514007,3
Kevin Coleman Jr.,WR,2026,2,2026,11,9,0.0,1.5130964517593384,False,56,0.0,11.418974900245638,3
Kevin Coleman Jr.,WR,2026,2,2026,12,10,0.0,1.596220850944519,False,63,0.0,10.867193222045898,3
Kevin Coleman Jr.,WR,2026,2,2026,13,11,0.0,1.7271630764007568,False,70,0.0,10.729807472228995,3
Kevin Coleman Jr.,WR,2026,2,2026,14,12,0.0,1.822831153869629,False,77,0.0,10.269666004180902,3
Kevin Coleman Jr.,WR,2026,2,2026,15,13,0.0,1.9456754922866821,False,84,0.0,9.592663979530325,3
Kevin Coleman Jr.,WR,2026,2,2026,16,14,0.0,2.0539939403533936,False,91,0.0,7.667173266410821,3
Kevin Coleman Jr.,WR,2026,2,2026,17,15,0.0,2.131136894226074,False,98,0.0,5.735630798339803,3
KhaDarel Hodge,WR,2026,2,2026,3,1,0.0,0.7956176400184631,False,0,0.0,15.511377584934216,3
KhaDarel Hodge,WR,2026,2,2026,4,2,0.0,0.5595265626907349,False,7,0.0,14.720839047431939,3
KhaDarel Hodge,WR,2026,2,2026,5,3,0.0,0.5996404886245728,False,14,0.0,14.12886974811553,3
KhaDarel Hodge,WR,2026,2,2026,6,4,0.0,0.6764125227928162,False,21,0.0,14.22796500921248,3
KhaDarel Hodge,WR,2026,2,2026,7,5,0.0,0.70832359790802,False,28,0.0,13.651316213607785,3
KhaDarel Hodge,WR,2026,2,2026,8,6,0.0,0.7689321637153625,False,35,0.0,12.985624134540554,3
KhaDarel Hodge,WR,2026,2,2026,9,7,0.0,0.8261388540267944,False,42,0.0,12.439694952964778,3
KhaDarel Hodge,WR,2026,2,2026,10,8,0.0,0.8718515038490295,False,49,0.0,11.88877903223037,3
KhaDarel Hodge,WR,2026,2,2026,11,9,0.0,0.9038739800453186,False,56,0.0,10.809752428531619,3
KhaDarel Hodge,WR,2026,2,2026,12,10,0.0,0.9033678770065308,False,63,0.0,10.17434024810791,3
KhaDarel Hodge,WR,2026,2,2026,13,11,0.0,0.9341827034950256,False,70,0.0,9.936827099323263,3
KhaDarel Hodge,WR,2026,2,2026,14,12,0.0,0.9526041150093079,False,77,0.0,9.39943896532058,3
KhaDarel Hodge,WR,2026,2,2026,15,13,0.0,0.9878227114677429,False,84,0.0,8.634811198711386,3
KhaDarel Hodge,WR,2026,2,2026,16,14,0.0,1.0384923219680786,False,91,0.0,6.6516716480255065,3
KhaDarel Hodge,WR,2026,2,2026,17,15,0.0,1.0883188247680664,False,98,0.0,4.692812728881795,3
Khalil Shakir,WR,2026,2,2026,3,1,0.0,9.10366153717041,False,0,0.0,23.819421482086163,3
Khalil Shakir,WR,2026,2,2026,4,2,0.0,9.163203239440918,False,7,0.0,23.32451572418212,3
Khalil Shakir,WR,2026,2,2026,5,3,0.0,9.227360725402832,False,14,0.0,22.75658998489379,3
Khalil Shakir,WR,2026,2,2026,6,4,0.0,9.340842247009277,False,21,0.0,22.892394733428944,3
Khalil Shakir,WR,2026,2,2026,7,5,0.0,9.502584457397461,False,28,0.0,22.445577073097226,3
Khalil Shakir,WR,2026,2,2026,8,6,0.0,9.557765007019043,False,35,0.0,21.774456977844235,3
Khalil Shakir,WR,2026,2,2026,9,7,0.0,9.492289543151855,False,42,0.0,21.10584564208984,3
Khalil Shakir,WR,2026,2,2026,10,8,0.0,9.35023021697998,False,49,0.0,20.36715774536132,3
Khalil Shakir,WR,2026,2,2026,11,9,0.0,9.067120552062988,False,56,0.0,18.972999000549287,3
Khalil Shakir,WR,2026,2,2026,12,10,0.0,8.768620491027832,False,63,0.0,18.03959286212921,3
Khalil Shakir,WR,2026,2,2026,13,11,0.0,8.485945701599121,False,70,0.0,17.48859009742736,3
Khalil Shakir,WR,2026,2,2026,14,12,0.0,8.249794006347656,False,77,0.0,16.69662885665893,3
Khalil Shakir,WR,2026,2,2026,15,13,0.0,7.994716644287109,False,84,0.0,15.641705131530752,3
Khalil Shakir,WR,2026,2,2026,16,14,0.0,7.783973693847656,False,91,0.0,13.397153019905083,3
Khalil Shakir,WR,2026,2,2026,17,15,0.0,7.5932393074035645,False,98,0.0,11.197733211517292,3
Kimani Vidal,RB,2026,2,2026,3,1,0.0,9.235508918762207,False,0,0.0,23.95126886367796,3
Kimani Vidal,RB,2026,2,2026,4,2,0.0,9.190163612365723,False,7,0.0,23.351476097106925,3
Kimani Vidal,RB,2026,2,2026,5,3,0.0,9.006316184997559,False,14,0.0,22.535545444488516,3
Kimani Vidal,RB,2026,2,2026,6,4,0.0,8.899978637695312,False,21,0.0,22.45153112411498,3
Kimani Vidal,RB,2026,2,2026,7,5,0.0,8.77471923828125,False,28,0.0,21.717711853981015,3
Kimani Vidal,RB,2026,2,2026,8,6,0.0,8.455092430114746,False,35,0.0,20.671784400939938,3
Kimani Vidal,RB,2026,2,2026,9,7,0.0,8.05625057220459,False,42,0.0,19.669806671142574,3
Kimani Vidal,RB,2026,2,2026,10,8,0.0,7.6869683265686035,False,49,0.0,18.703895854949945,3
Kimani Vidal,RB,2026,2,2026,11,9,0.0,7.2718610763549805,False,56,0.0,17.17773952484128,3
Kimani Vidal,RB,2026,2,2026,12,10,0.0,6.889301300048828,False,63,0.0,16.160273671150208,3
Kimani Vidal,RB,2026,2,2026,13,11,0.0,6.556402206420898,False,70,0.0,15.559046602249136,3
Kimani Vidal,RB,2026,2,2026,14,12,0.0,6.31369686126709,False,77,0.0,14.760531711578363,3
Kimani Vidal,RB,2026,2,2026,15,13,0.0,6.064990997314453,False,84,0.0,13.711979484558096,3
Kimani Vidal,RB,2026,2,2026,16,14,0.0,5.888169765472412,False,91,0.0,11.501349091529839,3
Kimani Vidal,RB,2026,2,2026,17,15,0.0,5.762048244476318,False,98,0.0,9.366542148590046,3
Konata Mumpfield,WR,2026,2,2026,3,1,0.0,1.9034472703933716,False,0,0.0,16.619207215309125,3
Konata Mumpfield,WR,2026,2,2026,4,2,0.0,1.5893851518630981,False,7,0.0,15.750697636604302,3
Konata Mumpfield,WR,2026,2,2026,5,3,0.0,1.7014645338058472,False,14,0.0,15.230693793296805,3
Konata Mumpfield,WR,2026,2,2026,6,4,0.0,1.7936203479766846,False,21,0.0,15.34517283439635,3
Konata Mumpfield,WR,2026,2,2026,7,5,0.0,1.84429132938385,False,28,0.0,14.787283945083615,3
Konata Mumpfield,WR,2026,2,2026,8,6,0.0,1.961819052696228,False,35,0.0,14.17851102352142,3
Konata Mumpfield,WR,2026,2,2026,9,7,0.0,2.1082260608673096,False,42,0.0,13.721782159805294,3
Konata Mumpfield,WR,2026,2,2026,10,8,0.0,2.3020071983337402,False,49,0.0,13.318934726715081,3
Konata Mumpfield,WR,2026,2,2026,11,9,0.0,2.5072994232177734,False,56,0.0,12.413177871704073,3
Konata Mumpfield,WR,2026,2,2026,12,10,0.0,2.7543296813964844,False,63,0.0,12.025302052497864,3
Konata Mumpfield,WR,2026,2,2026,13,11,0.0,3.078394889831543,False,70,0.0,12.08103928565978,3
Konata Mumpfield,WR,2026,2,2026,14,12,0.0,3.3739752769470215,False,77,0.0,11.820810127258294,3
Konata Mumpfield,WR,2026,2,2026,15,13,0.0,3.72064208984375,False,84,0.0,11.367630577087393,3
Konata Mumpfield,WR,2026,2,2026,16,14,0.0,4.041641712188721,False,91,0.0,9.654821038246148,3
Konata Mumpfield,WR,2026,2,2026,17,15,0.0,4.303505897521973,False,98,0.0,7.907999801635701,3
Kyle Juszczyk,RB,2026,2,2026,3,1,0.0,1.5442891120910645,False,0,0.0,16.260049057006817,3
Kyle Juszczyk,RB,2026,2,2026,4,2,0.0,1.31756591796875,False,7,0.0,15.478878402709954,3
Kyle Juszczyk,RB,2026,2,2026,5,3,0.0,1.459708333015442,False,14,0.0,14.9889375925064,3
Kyle Juszczyk,RB,2026,2,2026,6,4,0.0,1.5801301002502441,False,21,0.0,15.131682586669909,3
Kyle Juszczyk,RB,2026,2,2026,7,5,0.0,1.6443140506744385,False,28,0.0,14.587306666374204,3
Kyle Juszczyk,RB,2026,2,2026,8,6,0.0,1.7624781131744385,False,35,0.0,13.97917008399963,3
Kyle Juszczyk,RB,2026,2,2026,9,7,0.0,1.8984007835388184,False,42,0.0,13.511956882476802,3
Kyle Juszczyk,RB,2026,2,2026,10,8,0.0,2.0689117908477783,False,49,0.0,13.08583931922912,3
Kyle Juszczyk,RB,2026,2,2026,11,9,0.0,2.235624313354492,False,56,0.0,12.141502761840792,3
Kyle Juszczyk,RB,2026,2,2026,12,10,0.0,2.4188075065612793,False,63,0.0,11.689779877662659,3
Kyle Juszczyk,RB,2026,2,2026,13,11,0.0,2.6633949279785156,False,70,0.0,11.666039323806753,3
Kyle Juszczyk,RB,2026,2,2026,14,12,0.0,2.876908779144287,False,77,0.0,11.32374362945556,3
Kyle Juszczyk,RB,2026,2,2026,15,13,0.0,3.119910478591919,False,84,0.0,10.766898965835562,3
Kyle Juszczyk,RB,2026,2,2026,16,14,0.0,3.3340678215026855,False,91,0.0,8.947247147560113,3
Kyle Juszczyk,RB,2026,2,2026,17,15,0.0,3.5034947395324707,False,98,0.0,7.107988643646199,3
Kyle Monangai,RB,2026,2,2026,3,1,0.0,4.881011486053467,False,0,0.0,19.59677143096922,3
Kyle Monangai,RB,2026,2,2026,4,2,0.0,4.448299884796143,False,7,0.0,18.609612369537345,3
Kyle Monangai,RB,2026,2,2026,5,3,0.0,4.294802188873291,False,14,0.0,17.82403144836425,3
Kyle Monangai,RB,2026,2,2026,6,4,0.0,4.192786693572998,False,21,0.0,17.744339179992664,3
Kyle Monangai,RB,2026,2,2026,7,5,0.0,4.0610857009887695,False,28,0.0,17.004078316688535,3
Kyle Monangai,RB,2026,2,2026,8,6,0.0,3.9025521278381348,False,35,0.0,16.119244098663327,3
Kyle Monangai,RB,2026,2,2026,9,7,0.0,3.7644433975219727,False,42,0.0,15.377999496459957,3
Kyle Monangai,RB,2026,2,2026,10,8,0.0,3.704082489013672,False,49,0.0,14.721010017395013,3
Kyle Monangai,RB,2026,2,2026,11,9,0.0,3.6536731719970703,False,56,0.0,13.55955162048337,3
Kyle Monangai,RB,2026,2,2026,12,10,0.0,3.6419172286987305,False,63,0.0,12.91288959980011,3
Kyle Monangai,RB,2026,2,2026,13,11,0.0,3.698208808898926,False,70,0.0,12.700853204727164,3
Kyle Monangai,RB,2026,2,2026,14,12,0.0,3.755863666534424,False,77,0.0,12.202698516845697,3
Kyle Monangai,RB,2026,2,2026,15,13,0.0,3.8063461780548096,False,84,0.0,11.453334665298453,3
Kyle Monangai,RB,2026,2,2026,16,14,0.0,3.8443634510040283,False,91,0.0,9.457542777061455,3
Kyle Monangai,RB,2026,2,2026,17,15,0.0,3.869445323944092,False,98,0.0,7.47393922805782,3
Kyle Williams,WR,2026,2,2026,3,1,0.0,4.813079357147217,False,0,0.0,19.52883930206297,3
Kyle Williams,WR,2026,2,2026,4,2,0.0,4.563048839569092,False,7,0.0,18.724361324310294,3
Kyle Williams,WR,2026,2,2026,5,3,0.0,4.7838897705078125,False,14,0.0,18.31311902999877,3
Kyle Williams,WR,2026,2,2026,6,4,0.0,5.04452657699585,False,21,0.0,18.596079063415516,3
Kyle Williams,WR,2026,2,2026,7,5,0.0,5.409922122955322,False,28,0.0,18.352914738655087,3
Kyle Williams,WR,2026,2,2026,8,6,0.0,5.981251239776611,False,35,0.0,18.197943210601803,3
Kyle Williams,WR,2026,2,2026,9,7,0.0,6.661871433258057,False,42,0.0,18.27542753219604,3
Kyle Williams,WR,2026,2,2026,10,8,0.0,7.477720737457275,False,49,0.0,18.494648265838617,3
Kyle Williams,WR,2026,2,2026,11,9,0.0,8.2095308303833,False,56,0.0,18.1154092788696,3
Kyle Williams,WR,2026,2,2026,12,10,0.0,8.803845405578613,False,63,0.0,18.074817776679993,3
Kyle Williams,WR,2026,2,2026,13,11,0.0,9.153691291809082,False,70,0.0,18.15633568763732,3
Kyle Williams,WR,2026,2,2026,14,12,0.0,9.29776668548584,False,77,0.0,17.744601535797113,3
Kyle Williams,WR,2026,2,2026,15,13,0.0,9.293164253234863,False,84,0.0,16.940152740478506,3
Kyle Williams,WR,2026,2,2026,16,14,0.0,9.228707313537598,False,91,0.0,14.841886639595025,3
Kyle Williams,WR,2026,2,2026,17,15,0.0,9.123969078063965,False,98,0.0,12.728462982177692,3
Kyren Williams,RB,2026,2,2026,3,1,0.0,16.196794509887695,False,0,5.098179054260253,30.91255445480345,3
Kyren Williams,RB,2026,2,2026,4,2,0.0,16.419702529907227,False,7,2.7524083137512196,30.58101501464843,3
Kyren Williams,RB,2026,2,2026,5,3,0.0,16.365291595458984,False,14,2.2377062797546383,29.894520854949942,3
Kyren Williams,RB,2026,2,2026,6,4,0.0,16.254398345947266,False,21,1.9666440963745124,29.805950832366932,3
Kyren Williams,RB,2026,2,2026,7,5,0.0,16.07855224609375,False,28,1.6401020050048825,29.021544861793515,3
Kyren Williams,RB,2026,2,2026,8,6,0.0,15.823036193847656,False,35,1.2896349906921376,28.039728164672848,3
Kyren Williams,RB,2026,2,2026,9,7,0.0,15.56479549407959,False,42,0.9591427803039547,27.178351593017574,3
Kyren Williams,RB,2026,2,2026,10,8,0.0,15.34101390838623,False,49,0.6855656623840325,26.35794143676757,3
Kyren Williams,RB,2026,2,2026,11,9,0.0,15.090287208557129,False,56,0.38847017288208185,24.996165657043427,3
Kyren Williams,RB,2026,2,2026,12,10,0.0,14.887726783752441,False,63,0.12299985885620224,24.15869915485382,3
Kyren Williams,RB,2026,2,2026,13,11,0.0,14.749484062194824,False,70,0.0,23.752128458023062,3
Kyren Williams,RB,2026,2,2026,14,12,0.0,14.630160331726074,False,77,0.0,23.076995182037347,3
Kyren Williams,RB,2026,2,2026,15,13,0.0,14.48815631866455,False,84,0.0,22.135144805908194,3
Kyren Williams,RB,2026,2,2026,16,14,0.0,14.328873634338379,False,91,0.0,19.942052960395806,3
Kyren Williams,RB,2026,2,2026,17,15,0.0,14.195905685424805,False,98,0.0,17.800399589538532,3
LaJohntay Wester,WR,2026,2,2026,3,1,0.0,1.5731292963027954,False,0,0.0,16.28888924121855,3
LaJohntay Wester,WR,2026,2,2026,4,2,0.0,1.3408746719360352,False,7,0.0,15.50218715667724,3
LaJohntay Wester,WR,2026,2,2026,5,3,0.0,1.4304393529891968,False,14,0.0,14.959668612480154,3
LaJohntay Wester,WR,2026,2,2026,6,4,0.0,1.5268698930740356,False,21,0.0,15.0784223794937,3
LaJohntay Wester,WR,2026,2,2026,7,5,0.0,1.575435757637024,False,28,0.0,14.51842837333679,3
LaJohntay Wester,WR,2026,2,2026,8,6,0.0,1.66729736328125,False,35,0.0,13.883989334106442,3
LaJohntay Wester,WR,2026,2,2026,9,7,0.0,1.764264464378357,False,42,0.0,13.377820563316341,3
LaJohntay Wester,WR,2026,2,2026,10,8,0.0,1.8772181272506714,False,49,0.0,12.894145655632013,3
LaJohntay Wester,WR,2026,2,2026,11,9,0.0,1.9708008766174316,False,56,0.0,11.876679325103732,3
LaJohntay Wester,WR,2026,2,2026,12,10,0.0,2.053467035293579,False,63,0.0,11.324439406394958,3
LaJohntay Wester,WR,2026,2,2026,13,11,0.0,2.180039644241333,False,70,0.0,11.18268404006957,3
LaJohntay Wester,WR,2026,2,2026,14,12,0.0,2.271521806716919,False,77,0.0,10.718356657028192,3
LaJohntay Wester,WR,2026,2,2026,15,13,0.0,2.3785576820373535,False,84,0.0,10.025546169280997,3
LaJohntay Wester,WR,2026,2,2026,16,14,0.0,2.469040870666504,False,91,0.0,8.08222019672393,3
LaJohntay Wester,WR,2026,2,2026,17,15,0.0,2.5403850078582764,False,98,0.0,6.144878911972005,3
Ladd McConkey,WR,2026,2,2026,3,1,0.0,14.993016242980957,False,0,3.894400787353515,29.70877618789671,3
Ladd McConkey,WR,2026,2,2026,4,2,0.0,15.12168025970459,False,7,1.454386043548583,29.282992744445792,3
Ladd McConkey,WR,2026,2,2026,5,3,0.0,14.98647403717041,False,14,0.8588887214660641,28.515703296661368,3
Ladd McConkey,WR,2026,2,2026,6,4,0.0,14.754013061523438,False,21,0.4662588119506843,28.305565547943104,3
Ladd McConkey,WR,2026,2,2026,7,5,0.0,14.48409366607666,False,28,0.045643424987792613,27.427086281776425,3
Ladd McConkey,WR,2026,2,2026,8,6,0.0,14.123867988586426,False,35,0.0,26.340559959411618,3
Ladd McConkey,WR,2026,2,2026,9,7,0.0,13.822367668151855,False,42,0.0,25.43592376708984,3
Ladd McConkey,WR,2026,2,2026,10,8,0.0,13.633381843566895,False,49,0.0,24.650309371948236,3
Ladd McConkey,WR,2026,2,2026,11,9,0.0,13.460986137390137,False,56,0.0,23.366864585876435,3
Ladd McConkey,WR,2026,2,2026,12,10,0.0,13.319040298461914,False,63,0.0,22.590012669563293,3
Ladd McConkey,WR,2026,2,2026,13,11,0.0,13.214818954467773,False,70,0.0,22.21746335029601,3
Ladd McConkey,WR,2026,2,2026,14,12,0.0,13.13179874420166,False,77,0.0,21.578633594512933,3
Ladd McConkey,WR,2026,2,2026,15,13,0.0,13.010931968688965,False,84,0.0,20.657920455932608,3
Ladd McConkey,WR,2026,2,2026,16,14,0.0,12.903084754943848,False,91,0.0,18.516264081001275,3
Ladd McConkey,WR,2026,2,2026,17,15,0.0,12.819013595581055,False,98,0.0,16.423507499694782,3
Lan Larison,RB,2026,2,2026,3,1,0.0,0.9227734208106995,False,0,0.0,15.638533365726452,3
Lan Larison,RB,2026,2,2026,4,2,0.0,0.7252558469772339,False,7,0.0,14.886568331718438,3
Lan Larison,RB,2026,2,2026,5,3,0.0,0.8416957259178162,False,14,0.0,14.370924985408774,3
Lan Larison,RB,2026,2,2026,6,4,0.0,0.9747600555419922,False,21,0.0,14.526312541961657,3
Lan Larison,RB,2026,2,2026,7,5,0.0,1.039954662322998,False,28,0.0,13.982947278022763,3
Lan Larison,RB,2026,2,2026,8,6,0.0,1.1285628080368042,False,35,0.0,13.345254778861996,3
Lan Larison,RB,2026,2,2026,9,7,0.0,1.2118116617202759,False,42,0.0,12.82536776065826,3
Lan Larison,RB,2026,2,2026,10,8,0.0,1.2936763763427734,False,49,0.0,12.310603904724115,3
Lan Larison,RB,2026,2,2026,11,9,0.0,1.3616935014724731,False,56,0.0,11.267571949958773,3
Lan Larison,RB,2026,2,2026,12,10,0.0,1.4073996543884277,False,63,0.0,10.678372025489807,3
Lan Larison,RB,2026,2,2026,13,11,0.0,1.4950050115585327,False,70,0.0,10.49764940738677,3
Lan Larison,RB,2026,2,2026,14,12,0.0,1.5610722303390503,False,77,0.0,10.007907080650323,3
Lan Larison,RB,2026,2,2026,15,13,0.0,1.6429609060287476,False,84,0.0,9.28994939327239,3
Lan Larison,RB,2026,2,2026,16,14,0.0,1.728034257888794,False,91,0.0,7.341213583946222,3
Lan Larison,RB,2026,2,2026,17,15,0.0,1.8022536039352417,False,98,0.0,5.40674750804897,3
Laquon Treadwell,WR,2026,2,2026,3,1,0.0,1.6566178798675537,False,0,0.0,16.372377824783307,3
Laquon Treadwell,WR,2026,2,2026,4,2,0.0,1.4732521772384644,False,7,0.0,15.634564661979669,3
Laquon Treadwell,WR,2026,2,2026,5,3,0.0,1.5442298650741577,False,14,0.0,15.073459124565115,3
Laquon Treadwell,WR,2026,2,2026,6,4,0.0,1.619629979133606,False,21,0.0,15.17118246555327,3
Laquon Treadwell,WR,2026,2,2026,7,5,0.0,1.6466811895370483,False,28,0.0,14.589673805236814,3
Laquon Treadwell,WR,2026,2,2026,8,6,0.0,1.7013729810714722,False,35,0.0,13.918064951896664,3
Laquon Treadwell,WR,2026,2,2026,9,7,0.0,1.7514415979385376,False,42,0.0,13.364997696876522,3
Laquon Treadwell,WR,2026,2,2026,10,8,0.0,1.8068732023239136,False,49,0.0,12.823800730705255,3
Laquon Treadwell,WR,2026,2,2026,11,9,0.0,1.830538272857666,False,56,0.0,11.736416721343966,3
Laquon Treadwell,WR,2026,2,2026,12,10,0.0,1.8307790756225586,False,63,0.0,11.101751446723938,3
Laquon Treadwell,WR,2026,2,2026,13,11,0.0,1.8603614568710327,False,70,0.0,10.86300585269927,3
Laquon Treadwell,WR,2026,2,2026,14,12,0.0,1.8680156469345093,False,77,0.0,10.314850497245782,3
Laquon Treadwell,WR,2026,2,2026,15,13,0.0,1.8871662616729736,False,84,0.0,9.534154748916617,3
Laquon Treadwell,WR,2026,2,2026,16,14,0.0,1.9154565334320068,False,91,0.0,7.528635859489435,3
Laquon Treadwell,WR,2026,2,2026,17,15,0.0,1.9440046548843384,False,98,0.0,5.548498558998067,3
LeQuint Allen Jr.,RB,2026,2,2026,3,1,0.0,0.6383492350578308,False,0,0.0,15.354109179973584,3
LeQuint Allen Jr.,RB,2026,2,2026,4,2,0.0,0.4544076919555664,False,7,0.0,14.61572017669677,3
LeQuint Allen Jr.,RB,2026,2,2026,5,3,0.0,0.5427663922309875,False,14,0.0,14.071995651721945,3
LeQuint Allen Jr.,RB,2026,2,2026,6,4,0.0,0.6602389216423035,False,21,0.0,14.211791408061968,3
LeQuint Allen Jr.,RB,2026,2,2026,7,5,0.0,0.715170681476593,False,28,0.0,13.658163297176358,3
LeQuint Allen Jr.,RB,2026,2,2026,8,6,0.0,0.7972476482391357,False,35,0.0,13.013939619064328,3
LeQuint Allen Jr.,RB,2026,2,2026,9,7,0.0,0.8746728301048279,False,42,0.0,12.488228929042812,3
LeQuint Allen Jr.,RB,2026,2,2026,10,8,0.0,0.9415594339370728,False,49,0.0,11.958486962318414,3
LeQuint Allen Jr.,RB,2026,2,2026,11,9,0.0,0.9964582920074463,False,56,0.0,10.902336740493746,3
LeQuint Allen Jr.,RB,2026,2,2026,12,10,0.0,1.0212260484695435,False,63,0.0,10.292198419570923,3
LeQuint Allen Jr.,RB,2026,2,2026,13,11,0.0,1.083290457725525,False,70,0.0,10.085934853553763,3
LeQuint Allen Jr.,RB,2026,2,2026,14,12,0.0,1.1317386627197266,False,77,0.0,9.578573513031,3
LeQuint Allen Jr.,RB,2026,2,2026,15,13,0.0,1.1974879503250122,False,84,0.0,8.844476437568655,3
LeQuint Allen Jr.,RB,2026,2,2026,16,14,0.0,1.2752177715301514,False,91,0.0,6.888397097587579,3
LeQuint Allen Jr.,RB,2026,2,2026,17,15,0.0,1.3478420972824097,False,98,0.0,4.952336001396138,3
Lewis Bond,WR,2026,2,2026,3,1,0.0,1.5301835536956787,False,0,0.0,16.24594349861143,3
Lewis Bond,WR,2026,2,2026,4,2,0.0,1.214324712753296,False,7,0.0,15.3756371974945,3
Lewis Bond,WR,2026,2,2026,5,3,0.0,1.2596678733825684,False,14,0.0,14.788897132873526,3
Lewis Bond,WR,2026,2,2026,6,4,0.0,1.3177399635314941,False,21,0.0,14.869292449951159,3
Lewis Bond,WR,2026,2,2026,7,5,0.0,1.3349415063858032,False,28,0.0,14.277934122085568,3
Lewis Bond,WR,2026,2,2026,8,6,0.0,1.3951060771942139,False,35,0.0,13.611798048019406,3
Lewis Bond,WR,2026,2,2026,9,7,0.0,1.4646815061569214,False,42,0.0,13.078237605094905,3
Lewis Bond,WR,2026,2,2026,10,8,0.0,1.5514005422592163,False,49,0.0,12.568328070640558,3
Lewis Bond,WR,2026,2,2026,11,9,0.0,1.6286827325820923,False,56,0.0,11.534561181068392,3
Lewis Bond,WR,2026,2,2026,12,10,0.0,1.6956692934036255,False,63,0.0,10.966641664505005,3
Lewis Bond,WR,2026,2,2026,13,11,0.0,1.8048959970474243,False,70,0.0,10.807540392875662,3
Lewis Bond,WR,2026,2,2026,14,12,0.0,1.880391001701355,False,77,0.0,10.327225852012628,3
Lewis Bond,WR,2026,2,2026,15,13,0.0,1.9791735410690308,False,84,0.0,9.626162028312674,3
Lewis Bond,WR,2026,2,2026,16,14,0.0,2.0685811042785645,False,91,0.0,7.681760430335992,3
Lewis Bond,WR,2026,2,2026,17,15,0.0,2.134989023208618,False,98,0.0,5.739482927322347,3
Lil'Jordan Humphrey,WR,2026,2,2026,3,1,0.0,1.8911539316177368,False,0,0.0,16.60691387653349,3
Lil'Jordan Humphrey,WR,2026,2,2026,4,2,0.0,1.6842981576919556,False,7,0.0,15.84561064243316,3
Lil'Jordan Humphrey,WR,2026,2,2026,5,3,0.0,1.7393683195114136,False,14,0.0,15.268597579002371,3
Lil'Jordan Humphrey,WR,2026,2,2026,6,4,0.0,1.7858259677886963,False,21,0.0,15.33737845420836,3
Lil'Jordan Humphrey,WR,2026,2,2026,7,5,0.0,1.7839568853378296,False,28,0.0,14.726949501037595,3
Lil'Jordan Humphrey,WR,2026,2,2026,8,6,0.0,1.8194446563720703,False,35,0.0,14.036136627197262,3
Lil'Jordan Humphrey,WR,2026,2,2026,9,7,0.0,1.8631160259246826,False,42,0.0,13.476672124862667,3
Lil'Jordan Humphrey,WR,2026,2,2026,10,8,0.0,1.9210985898971558,False,49,0.0,12.938026118278497,3
Lil'Jordan Humphrey,WR,2026,2,2026,11,9,0.0,1.9562393426895142,False,56,0.0,11.862117791175814,3
Lil'Jordan Humphrey,WR,2026,2,2026,12,10,0.0,1.9768613576889038,False,63,0.0,11.247833728790283,3
Lil'Jordan Humphrey,WR,2026,2,2026,13,11,0.0,2.0329105854034424,False,70,0.0,11.03555498123168,3
Lil'Jordan Humphrey,WR,2026,2,2026,14,12,0.0,2.064521551132202,False,77,0.0,10.511356401443475,3
Lil'Jordan Humphrey,WR,2026,2,2026,15,13,0.0,2.112238645553589,False,84,0.0,9.759227132797232,3
Lil'Jordan Humphrey,WR,2026,2,2026,16,14,0.0,2.15789794921875,False,91,0.0,7.771077275276178,3
Lil'Jordan Humphrey,WR,2026,2,2026,17,15,0.0,2.199315071105957,False,98,0.0,5.8038089752196855,3
Luke McCaffrey,WR,2026,2,2026,3,1,0.0,1.803754210472107,False,0,0.0,16.51951415538786,3
Luke McCaffrey,WR,2026,2,2026,4,2,0.0,1.658153772354126,False,7,0.0,15.81946625709533,3
Luke McCaffrey,WR,2026,2,2026,5,3,0.0,1.7883837223052979,False,14,0.0,15.317612981796255,3
Luke McCaffrey,WR,2026,2,2026,6,4,0.0,1.9011003971099854,False,21,0.0,15.45265288352965,3
Luke McCaffrey,WR,2026,2,2026,7,5,0.0,1.9503262042999268,False,28,0.0,14.893318819999692,3
Luke McCaffrey,WR,2026,2,2026,8,6,0.0,2.014765739440918,False,35,0.0,14.23145771026611,3
Luke McCaffrey,WR,2026,2,2026,9,7,0.0,2.0610673427581787,False,42,0.0,13.674623441696163,3
Luke McCaffrey,WR,2026,2,2026,10,8,0.0,2.105942726135254,False,49,0.0,13.122870254516595,3
Luke McCaffrey,WR,2026,2,2026,11,9,0.0,2.1154589653015137,False,56,0.0,12.021337413787814,3
Luke McCaffrey,WR,2026,2,2026,12,10,0.0,2.1077818870544434,False,63,0.0,11.378754258155823,3
Luke McCaffrey,WR,2026,2,2026,13,11,0.0,2.1419949531555176,False,70,0.0,11.144639348983755,3
Luke McCaffrey,WR,2026,2,2026,14,12,0.0,2.159367322921753,False,77,0.0,10.606202173233026,3
Luke McCaffrey,WR,2026,2,2026,15,13,0.0,2.194042682647705,False,84,0.0,9.841031169891348,3
Luke McCaffrey,WR,2026,2,2026,16,14,0.0,2.2409818172454834,False,91,0.0,7.854161143302911,3
Luke McCaffrey,WR,2026,2,2026,17,15,0.0,2.293837547302246,False,98,0.0,5.898331451415975,3
Luther Burden III,WR,2026,2,2026,3,1,0.0,6.7249226570129395,False,0,0.0,21.440682601928692,3
Luther Burden III,WR,2026,2,2026,4,2,0.0,6.610035419464111,False,7,0.0,20.771347904205314,3
Luther Burden III,WR,2026,2,2026,5,3,0.0,6.585622787475586,False,14,0.0,20.114852046966543,3
Luther Burden III,WR,2026,2,2026,6,4,0.0,6.542552947998047,False,21,0.0,20.094105434417713,3
Luther Burden III,WR,2026,2,2026,7,5,0.0,6.443836688995361,False,28,0.0,19.386829304695127,3
Luther Burden III,WR,2026,2,2026,8,6,0.0,6.30800724029541,False,35,0.0,18.524699211120602,3
Luther Burden III,WR,2026,2,2026,9,7,0.0,6.230201244354248,False,42,0.0,17.843757343292232,3
Luther Burden III,WR,2026,2,2026,10,8,0.0,6.24053955078125,False,49,0.0,17.25746707916259,3
Luther Burden III,WR,2026,2,2026,11,9,0.0,6.141175746917725,False,56,0.0,16.047054195404023,3
Luther Burden III,WR,2026,2,2026,12,10,0.0,6.01536226272583,False,63,0.0,15.28633463382721,3
Luther Burden III,WR,2026,2,2026,13,11,0.0,5.899569988250732,False,70,0.0,14.90221438407897,3
Luther Burden III,WR,2026,2,2026,14,12,0.0,5.804330348968506,False,77,0.0,14.251165199279779,3
Luther Burden III,WR,2026,2,2026,15,13,0.0,5.6914777755737305,False,84,0.0,13.338466262817374,3
Luther Burden III,WR,2026,2,2026,16,14,0.0,5.606834888458252,False,91,0.0,11.220014214515679,3
Luther Burden III,WR,2026,2,2026,17,15,0.0,5.540574073791504,False,98,0.0,9.145067977905232,3
Mack Hollins,WR,2026,2,2026,3,1,0.0,6.394084453582764,False,0,0.0,21.109844398498517,3
Mack Hollins,WR,2026,2,2026,4,2,0.0,6.065978527069092,False,7,0.0,20.227291011810294,3
Mack Hollins,WR,2026,2,2026,5,3,0.0,6.212940692901611,False,14,0.0,19.74216995239257,3
Mack Hollins,WR,2026,2,2026,6,4,0.0,6.441432476043701,False,21,0.0,19.992984962463368,3
Mack Hollins,WR,2026,2,2026,7,5,0.0,6.694503307342529,False,28,0.0,19.637495923042295,3
Mack Hollins,WR,2026,2,2026,8,6,0.0,7.057892322540283,False,35,0.0,19.274584293365475,3
Mack Hollins,WR,2026,2,2026,9,7,0.0,7.517313480377197,False,42,0.0,19.13086957931518,3
Mack Hollins,WR,2026,2,2026,10,8,0.0,8.11845874786377,False,49,0.0,19.13538627624511,3
Mack Hollins,WR,2026,2,2026,11,9,0.0,8.689852714538574,False,56,0.0,18.595731163024873,3
Mack Hollins,WR,2026,2,2026,12,10,0.0,9.219978332519531,False,63,0.0,18.49095070362091,3
Mack Hollins,WR,2026,2,2026,13,11,0.0,9.582345008850098,False,70,0.0,18.584989404678335,3
Mack Hollins,WR,2026,2,2026,14,12,0.0,9.77314281463623,False,77,0.0,18.219977664947503,3
Mack Hollins,WR,2026,2,2026,15,13,0.0,9.814751625061035,False,84,0.0,17.46174011230468,3
Mack Hollins,WR,2026,2,2026,16,14,0.0,9.80103588104248,False,91,0.0,15.414215207099907,3
Mack Hollins,WR,2026,2,2026,17,15,0.0,9.739958763122559,False,98,0.0,13.344452667236286,3
Makai Lemon,WR,2026,2,2026,3,1,0.0,1.7507952451705933,False,0,0.0,16.466555190086346,3
Makai Lemon,WR,2026,2,2026,4,2,0.0,1.365587830543518,False,7,0.0,15.526900315284722,3
Makai Lemon,WR,2026,2,2026,5,3,0.0,1.415433406829834,False,14,0.0,14.944662666320792,3
Makai Lemon,WR,2026,2,2026,6,4,0.0,1.4655334949493408,False,21,0.0,15.017085981369005,3
Makai Lemon,WR,2026,2,2026,7,5,0.0,1.4854007959365845,False,28,0.0,14.42839341163635,3
Makai Lemon,WR,2026,2,2026,8,6,0.0,1.5695496797561646,False,35,0.0,13.786241650581356,3
Makai Lemon,WR,2026,2,2026,9,7,0.0,1.6818368434906006,False,42,0.0,13.295392942428585,3
Makai Lemon,WR,2026,2,2026,10,8,0.0,1.8392980098724365,False,49,0.0,12.856225538253778,3
Makai Lemon,WR,2026,2,2026,11,9,0.0,2.005215883255005,False,56,0.0,11.911094331741305,3
Makai Lemon,WR,2026,2,2026,12,10,0.0,2.199505567550659,False,63,0.0,11.470477938652039,3
Makai Lemon,WR,2026,2,2026,13,11,0.0,2.4552736282348633,False,70,0.0,11.457918024063101,3
Makai Lemon,WR,2026,2,2026,14,12,0.0,2.674130439758301,False,77,0.0,11.120965290069574,3
Makai Lemon,WR,2026,2,2026,15,13,0.0,2.9333548545837402,False,84,0.0,10.580343341827383,3
Makai Lemon,WR,2026,2,2026,16,14,0.0,3.1630516052246094,False,91,0.0,8.776230931282036,3
Makai Lemon,WR,2026,2,2026,17,15,0.0,3.331435441970825,False,98,0.0,6.935929346084554,3
Malachi Corley,WR,2026,2,2026,3,1,0.0,1.1289639472961426,False,0,0.0,15.844723892211896,3
Malachi Corley,WR,2026,2,2026,4,2,0.0,0.7531501054763794,False,7,0.0,14.914462590217584,3
Malachi Corley,WR,2026,2,2026,5,3,0.0,0.7738145589828491,False,14,0.0,14.303043818473807,3
Malachi Corley,WR,2026,2,2026,6,4,0.0,0.8338478207588196,False,21,0.0,14.385400307178484,3
Malachi Corley,WR,2026,2,2026,7,5,0.0,0.8567833304405212,False,28,0.0,13.799775946140286,3
Malachi Corley,WR,2026,2,2026,8,6,0.0,0.9274219870567322,False,35,0.0,13.144113957881924,3
Malachi Corley,WR,2026,2,2026,9,7,0.0,1.010704755783081,False,42,0.0,12.624260854721065,3
Malachi Corley,WR,2026,2,2026,10,8,0.0,1.10651695728302,False,49,0.0,12.123444485664361,3
Malachi Corley,WR,2026,2,2026,11,9,0.0,1.2026503086090088,False,56,0.0,11.108528757095309,3
Malachi Corley,WR,2026,2,2026,12,10,0.0,1.2923504114151,False,63,0.0,10.56332278251648,3
Malachi Corley,WR,2026,2,2026,13,11,0.0,1.4303710460662842,False,70,0.0,10.433015441894522,3
Malachi Corley,WR,2026,2,2026,14,12,0.0,1.543033480644226,False,77,0.0,9.989868330955499,3
Malachi Corley,WR,2026,2,2026,15,13,0.0,1.6890220642089844,False,84,0.0,9.336010551452627,3
Malachi Corley,WR,2026,2,2026,16,14,0.0,1.8254762887954712,False,91,0.0,7.438655614852899,3
Malachi Corley,WR,2026,2,2026,17,15,0.0,1.9298228025436401,False,98,0.0,5.534316706657369,3
Malachi Fields,WR,2026,2,2026,3,1,0.0,2.8413496017456055,False,0,0.0,17.55710954666136,3
Malachi Fields,WR,2026,2,2026,4,2,0.0,2.5413150787353516,False,7,0.0,16.702627563476554,3
Malachi Fields,WR,2026,2,2026,5,3,0.0,2.6327404975891113,False,14,0.0,16.16196975708007,3
Malachi Fields,WR,2026,2,2026,6,4,0.0,2.7066948413848877,False,21,0.0,16.258247327804554,3
Malachi Fields,WR,2026,2,2026,7,5,0.0,2.791571855545044,False,28,0.0,15.73456447124481,3
Malachi Fields,WR,2026,2,2026,8,6,0.0,2.9843151569366455,False,35,0.0,15.201007127761837,3
Malachi Fields,WR,2026,2,2026,9,7,0.0,3.2356574535369873,False,42,0.0,14.849213552474971,3
Malachi Fields,WR,2026,2,2026,10,8,0.0,3.5670785903930664,False,49,0.0,14.584006118774408,3
Malachi Fields,WR,2026,2,2026,11,9,0.0,3.880732536315918,False,56,0.0,13.786610984802218,3
Malachi Fields,WR,2026,2,2026,12,10,0.0,4.218074321746826,False,63,0.0,13.489046692848206,3
Malachi Fields,WR,2026,2,2026,13,11,0.0,4.580089092254639,False,70,0.0,13.582733488082877,3
Malachi Fields,WR,2026,2,2026,14,12,0.0,4.888313293457031,False,77,0.0,13.335148143768304,3
Malachi Fields,WR,2026,2,2026,15,13,0.0,5.139130115509033,False,84,0.0,12.786118602752676,3
Malachi Fields,WR,2026,2,2026,16,14,0.0,5.289699077606201,False,91,0.0,10.902878403663628,3
Malachi Fields,WR,2026,2,2026,17,15,0.0,5.3440704345703125,False,98,0.0,8.94856433868404,3
Malik Benson,WR,2026,2,2026,3,1,0.0,1.6978893280029297,False,0,0.0,16.413649272918683,3
Malik Benson,WR,2026,2,2026,4,2,0.0,1.3366742134094238,False,7,0.0,15.497986698150628,3
Malik Benson,WR,2026,2,2026,5,3,0.0,1.3970884084701538,False,14,0.0,14.926317667961111,3
Malik Benson,WR,2026,2,2026,6,4,0.0,1.4619519710540771,False,21,0.0,15.013504457473742,3
Malik Benson,WR,2026,2,2026,7,5,0.0,1.4978396892547607,False,28,0.0,14.440832304954526,3
Malik Benson,WR,2026,2,2026,8,6,0.0,1.5967522859573364,False,35,0.0,13.813444256782528,3
Malik Benson,WR,2026,2,2026,9,7,0.0,1.7209208011627197,False,42,0.0,13.334476900100704,3
Malik Benson,WR,2026,2,2026,10,8,0.0,1.8896501064300537,False,49,0.0,12.906577634811395,3
Malik Benson,WR,2026,2,2026,11,9,0.0,2.061072587966919,False,56,0.0,11.966951036453219,3
Malik Benson,WR,2026,2,2026,12,10,0.0,2.2562806606292725,False,63,0.0,11.527253031730652,3
Malik Benson,WR,2026,2,2026,13,11,0.0,2.507545232772827,False,70,0.0,11.510189628601065,3
Malik Benson,WR,2026,2,2026,14,12,0.0,2.718092918395996,False,77,0.0,11.164927768707269,3
Malik Benson,WR,2026,2,2026,15,13,0.0,2.958771228790283,False,84,0.0,10.605759716033926,3
Malik Benson,WR,2026,2,2026,16,14,0.0,3.1604228019714355,False,91,0.0,8.773602128028863,3
Malik Benson,WR,2026,2,2026,17,15,0.0,3.2962324619293213,False,98,0.0,6.90072636604305,3
Malik Nabers,WR,2026,2,2026,3,1,0.0,14.312878608703613,False,0,3.214263153076171,29.028638553619366,3
Malik Nabers,WR,2026,2,2026,4,2,0.0,14.477511405944824,False,7,0.8102171897888173,28.638823890686027,3
Malik Nabers,WR,2026,2,2026,5,3,0.0,14.37079906463623,False,14,0.2432137489318844,27.900028324127188,3
Malik Nabers,WR,2026,2,2026,6,4,0.0,14.045777320861816,False,21,0.0,27.597329807281483,3
Malik Nabers,WR,2026,2,2026,7,5,0.0,13.66430377960205,False,28,0.0,26.607296395301816,3
Malik Nabers,WR,2026,2,2026,8,6,0.0,13.164628028869629,False,35,0.0,25.38131999969482,3
Malik Nabers,WR,2026,2,2026,9,7,0.0,12.66264533996582,False,42,0.0,24.276201438903804,3
Malik Nabers,WR,2026,2,2026,10,8,0.0,12.194193840026855,False,49,0.0,23.211121368408197,3
Malik Nabers,WR,2026,2,2026,11,9,0.0,11.697484970092773,False,56,0.0,21.60336341857907,3
Malik Nabers,WR,2026,2,2026,12,10,0.0,11.268172264099121,False,63,0.0,20.5391446352005,3
Malik Nabers,WR,2026,2,2026,13,11,0.0,10.91907787322998,False,70,0.0,19.92172226905822,3
Malik Nabers,WR,2026,2,2026,14,12,0.0,10.665968894958496,False,77,0.0,19.11280374526977,3
Malik Nabers,WR,2026,2,2026,15,13,0.0,10.400274276733398,False,84,0.0,18.04726276397704,3
Malik Nabers,WR,2026,2,2026,16,14,0.0,10.13766860961914,False,91,0.0,15.750847935676568,3
Malik Nabers,WR,2026,2,2026,17,15,0.0,9.899606704711914,False,98,0.0,13.504100608825642,3
Malik Washington,WR,2026,2,2026,3,1,0.0,5.6593427658081055,False,0,0.0,20.37510271072386,3
Malik Washington,WR,2026,2,2026,4,2,0.0,5.363631725311279,False,7,0.0,19.52494421005248,3
Malik Washington,WR,2026,2,2026,5,3,0.0,5.262901782989502,False,14,0.0,18.79213104248046,3
Malik Washington,WR,2026,2,2026,6,4,0.0,5.174306869506836,False,21,0.0,18.725859355926502,3
Malik Washington,WR,2026,2,2026,7,5,0.0,5.042267322540283,False,28,0.0,17.98525993824005,3
Malik Washington,WR,2026,2,2026,8,6,0.0,4.872785568237305,False,35,0.0,17.089477539062496,3
Malik Washington,WR,2026,2,2026,9,7,0.0,4.723719596862793,False,42,0.0,16.337275695800777,3
Malik Washington,WR,2026,2,2026,10,8,0.0,4.66433572769165,False,49,0.0,15.681263256072992,3
Malik Washington,WR,2026,2,2026,11,9,0.0,4.618890285491943,False,56,0.0,14.524768733978243,3
Malik Washington,WR,2026,2,2026,12,10,0.0,4.613955020904541,False,63,0.0,13.88492739200592,3
Malik Washington,WR,2026,2,2026,13,11,0.0,4.656738758087158,False,70,0.0,13.659383153915396,3
Malik Washington,WR,2026,2,2026,14,12,0.0,4.679374694824219,False,77,0.0,13.126209545135492,3
Malik Washington,WR,2026,2,2026,15,13,0.0,4.659803867340088,False,84,0.0,12.306792354583731,3
Malik Washington,WR,2026,2,2026,16,14,0.0,4.634181499481201,False,91,0.0,10.247360825538628,3
Malik Washington,WR,2026,2,2026,17,15,0.0,4.6099934577941895,False,98,0.0,8.214487361907917,3
MarShawn Lloyd,RB,2026,2,2026,3,1,0.0,1.8654258251190186,False,0,0.0,16.58118577003477,3
MarShawn Lloyd,RB,2026,2,2026,4,2,0.0,1.49683678150177,False,7,0.0,15.658149266242974,3
MarShawn Lloyd,RB,2026,2,2026,5,3,0.0,1.6202031373977661,False,14,0.0,15.149432396888724,3
MarShawn Lloyd,RB,2026,2,2026,6,4,0.0,1.7410008907318115,False,21,0.0,15.292553377151476,3
MarShawn Lloyd,RB,2026,2,2026,7,5,0.0,1.8354953527450562,False,28,0.0,14.778487968444821,3
MarShawn Lloyd,RB,2026,2,2026,8,6,0.0,2.006406545639038,False,35,0.0,14.22309851646423,3
MarShawn Lloyd,RB,2026,2,2026,9,7,0.0,2.2081410884857178,False,42,0.0,13.821697187423702,3
MarShawn Lloyd,RB,2026,2,2026,10,8,0.0,2.4722533226013184,False,49,0.0,13.48918085098266,3
MarShawn Lloyd,RB,2026,2,2026,11,9,0.0,2.737098217010498,False,56,0.0,12.642976665496798,3
MarShawn Lloyd,RB,2026,2,2026,12,10,0.0,3.0407423973083496,False,63,0.0,12.311714768409729,3
MarShawn Lloyd,RB,2026,2,2026,13,11,0.0,3.3963024616241455,False,70,0.0,12.398946857452383,3
MarShawn Lloyd,RB,2026,2,2026,14,12,0.0,3.7013866901397705,False,77,0.0,12.148221540451043,3
MarShawn Lloyd,RB,2026,2,2026,15,13,0.0,4.017693996429443,False,84,0.0,11.664682483673086,3
MarShawn Lloyd,RB,2026,2,2026,16,14,0.0,4.277309894561768,False,91,0.0,9.890489220619195,3
MarShawn Lloyd,RB,2026,2,2026,17,15,0.0,4.463489532470703,False,98,0.0,8.06798343658443,3
Marquise Brown,WR,2026,2,2026,3,1,0.0,5.1353020668029785,False,0,0.0,19.85106201171873,3
Marquise Brown,WR,2026,2,2026,4,2,0.0,5.139798641204834,False,7,0.0,19.301111125946036,3
Marquise Brown,WR,2026,2,2026,5,3,0.0,5.454184532165527,False,14,0.0,18.983413791656485,3
Marquise Brown,WR,2026,2,2026,6,4,0.0,5.813177585601807,False,21,0.0,19.364730072021473,3
Marquise Brown,WR,2026,2,2026,7,5,0.0,6.228503704071045,False,28,0.0,19.17149631977081,3
Marquise Brown,WR,2026,2,2026,8,6,0.0,6.687048435211182,False,35,0.0,18.903740406036373,3
Marquise Brown,WR,2026,2,2026,9,7,0.0,6.987197399139404,False,42,0.0,18.60075349807739,3
Marquise Brown,WR,2026,2,2026,10,8,0.0,7.179172039031982,False,49,0.0,18.196099567413324,3
Marquise Brown,WR,2026,2,2026,11,9,0.0,7.157337665557861,False,56,0.0,17.06321611404416,3
Marquise Brown,WR,2026,2,2026,12,10,0.0,7.078948020935059,False,63,0.0,16.349920392036438,3
Marquise Brown,WR,2026,2,2026,13,11,0.0,6.996180057525635,False,70,0.0,15.998824453353873,3
Marquise Brown,WR,2026,2,2026,14,12,0.0,6.918511867523193,False,77,0.0,15.365346717834466,3
Marquise Brown,WR,2026,2,2026,15,13,0.0,6.8163957595825195,False,84,0.0,14.463384246826163,3
Marquise Brown,WR,2026,2,2026,16,14,0.0,6.728076457977295,False,91,0.0,12.341255784034722,3
Marquise Brown,WR,2026,2,2026,17,15,0.0,6.645753860473633,False,98,0.0,10.25024776458736,3
Marvin Harrison Jr.,WR,2026,2,2026,3,1,0.0,6.782209396362305,False,0,0.0,21.497969341278058,3
Marvin Harrison Jr.,WR,2026,2,2026,4,2,0.0,6.480103015899658,False,7,0.0,20.64141550064086,3
Marvin Harrison Jr.,WR,2026,2,2026,5,3,0.0,6.324108123779297,False,14,0.0,19.853337383270254,3
Marvin Harrison Jr.,WR,2026,2,2026,6,4,0.0,6.201805591583252,False,21,0.0,19.75335807800292,3
Marvin Harrison Jr.,WR,2026,2,2026,7,5,0.0,6.036869525909424,False,28,0.0,18.97986214160919,3
Marvin Harrison Jr.,WR,2026,2,2026,8,6,0.0,5.8102803230285645,False,35,0.0,18.026972293853756,3
Marvin Harrison Jr.,WR,2026,2,2026,9,7,0.0,5.606136798858643,False,42,0.0,17.219692897796627,3
Marvin Harrison Jr.,WR,2026,2,2026,10,8,0.0,5.4500956535339355,False,49,0.0,16.467023181915277,3
Marvin Harrison Jr.,WR,2026,2,2026,11,9,0.0,5.215707302093506,False,56,0.0,15.121585750579806,3
Marvin Harrison Jr.,WR,2026,2,2026,12,10,0.0,4.965626239776611,False,63,0.0,14.23659861087799,3
Marvin Harrison Jr.,WR,2026,2,2026,13,11,0.0,4.758262634277344,False,70,0.0,13.760907030105582,3
Marvin Harrison Jr.,WR,2026,2,2026,14,12,0.0,4.596660137176514,False,77,0.0,13.043494987487787,3
Marvin Harrison Jr.,WR,2026,2,2026,15,13,0.0,4.442122936248779,False,84,0.0,12.089111423492422,3
Marvin Harrison Jr.,WR,2026,2,2026,16,14,0.0,4.339831829071045,False,91,0.0,9.953011155128472,3
Marvin Harrison Jr.,WR,2026,2,2026,17,15,0.0,4.284035682678223,False,98,0.0,7.888529586791951,3
Marvin Mims Jr.,WR,2026,2,2026,3,1,0.0,11.568696022033691,False,0,0.4700805664062493,26.284455966949444,3
Marvin Mims Jr.,WR,2026,2,2026,4,2,0.0,11.580973625183105,False,7,0.0,25.742286109924308,3
Marvin Mims Jr.,WR,2026,2,2026,5,3,0.0,12.09980297088623,False,14,0.0,25.629032230377188,3
Marvin Mims Jr.,WR,2026,2,2026,6,4,0.0,12.564465522766113,False,21,0.0,26.11601800918578,3
Marvin Mims Jr.,WR,2026,2,2026,7,5,0.0,12.858099937438965,False,28,0.0,25.80109255313873,3
Marvin Mims Jr.,WR,2026,2,2026,8,6,0.0,12.853096961975098,False,35,0.0,25.06978893280029,3
Marvin Mims Jr.,WR,2026,2,2026,9,7,0.0,12.636385917663574,False,42,0.0,24.24994201660156,3
Marvin Mims Jr.,WR,2026,2,2026,10,8,0.0,12.373889923095703,False,49,0.0,23.390817451477044,3
Marvin Mims Jr.,WR,2026,2,2026,11,9,0.0,12.061019897460938,False,56,0.0,21.966898345947236,3
Marvin Mims Jr.,WR,2026,2,2026,12,10,0.0,11.800688743591309,False,63,0.0,21.071661114692688,3
Marvin Mims Jr.,WR,2026,2,2026,13,11,0.0,11.582679748535156,False,70,0.0,20.585324144363394,3
Marvin Mims Jr.,WR,2026,2,2026,14,12,0.0,11.405405044555664,False,77,0.0,19.852239894866937,3
Marvin Mims Jr.,WR,2026,2,2026,15,13,0.0,11.192451477050781,False,84,0.0,18.839439964294424,3
Marvin Mims Jr.,WR,2026,2,2026,16,14,0.0,10.9805908203125,False,91,0.0,16.593770146369927,3
Marvin Mims Jr.,WR,2026,2,2026,17,15,0.0,10.7769136428833,False,98,0.0,14.381407546997028,3
Matthew Golden,WR,2026,2,2026,3,1,0.0,5.17955207824707,False,0,0.0,19.895312023162823,3
Matthew Golden,WR,2026,2,2026,4,2,0.0,4.8959455490112305,False,7,0.0,19.057258033752433,3
Matthew Golden,WR,2026,2,2026,5,3,0.0,4.857047080993652,False,14,0.0,18.38627634048461,3
Matthew Golden,WR,2026,2,2026,6,4,0.0,4.869264602661133,False,21,0.0,18.4208170890808,3
Matthew Golden,WR,2026,2,2026,7,5,0.0,4.847947597503662,False,28,0.0,17.790940213203427,3
Matthew Golden,WR,2026,2,2026,8,6,0.0,4.79684591293335,False,35,0.0,17.01353788375854,3
Matthew Golden,WR,2026,2,2026,9,7,0.0,4.735734462738037,False,42,0.0,16.34929056167602,3
Matthew Golden,WR,2026,2,2026,10,8,0.0,4.734594821929932,False,49,0.0,15.751522350311273,3
Matthew Golden,WR,2026,2,2026,11,9,0.0,4.673149585723877,False,56,0.0,14.579028034210177,3
Matthew Golden,WR,2026,2,2026,12,10,0.0,4.60546875,False,63,0.0,13.87644112110138,3
Matthew Golden,WR,2026,2,2026,13,11,0.0,4.55642557144165,False,70,0.0,13.559069967269888,3
Matthew Golden,WR,2026,2,2026,14,12,0.0,4.507762432098389,False,77,0.0,12.954597282409662,3
Matthew Golden,WR,2026,2,2026,15,13,0.0,4.448949337005615,False,84,0.0,12.095937824249258,3
Matthew Golden,WR,2026,2,2026,16,14,0.0,4.403110980987549,False,91,0.0,10.016290307044976,3
Matthew Golden,WR,2026,2,2026,17,15,0.0,4.3745856285095215,False,98,0.0,7.97907953262325,3
Max Bredeson,RB,2026,2,2026,3,1,0.0,1.6611965894699097,False,0,0.0,16.376956534385663,3
Max Bredeson,RB,2026,2,2026,4,2,0.0,1.3558815717697144,False,7,0.0,15.517194056510919,3
Max Bredeson,RB,2026,2,2026,5,3,0.0,1.4015177488327026,False,14,0.0,14.93074700832366,3
Max Bredeson,RB,2026,2,2026,6,4,0.0,1.4476603269577026,False,21,0.0,14.999212813377367,3
Max Bredeson,RB,2026,2,2026,7,5,0.0,1.4528461694717407,False,28,0.0,14.395838785171506,3
Max Bredeson,RB,2026,2,2026,8,6,0.0,1.504050850868225,False,35,0.0,13.720742821693417,3
Max Bredeson,RB,2026,2,2026,9,7,0.0,1.5695502758026123,False,42,0.0,13.183106374740596,3
Max Bredeson,RB,2026,2,2026,10,8,0.0,1.6574937105178833,False,49,0.0,12.674421238899225,3
Max Bredeson,RB,2026,2,2026,11,9,0.0,1.7387827634811401,False,56,0.0,11.64466121196744,3
Max Bredeson,RB,2026,2,2026,12,10,0.0,1.8143396377563477,False,63,0.0,11.085312008857727,3
Max Bredeson,RB,2026,2,2026,13,11,0.0,1.93490731716156,False,70,0.0,10.937551712989798,3
Max Bredeson,RB,2026,2,2026,14,12,0.0,2.0194878578186035,False,77,0.0,10.466322708129876,3
Max Bredeson,RB,2026,2,2026,15,13,0.0,2.1268961429595947,False,84,0.0,9.773884630203238,3
Max Bredeson,RB,2026,2,2026,16,14,0.0,2.21938419342041,False,91,0.0,7.832563519477838,3
Max Bredeson,RB,2026,2,2026,17,15,0.0,2.284135341644287,False,98,0.0,5.888629245758016,3
Michael Burton,RB,2026,2,2026,3,1,0.0,0.46462178230285645,False,0,0.0,15.18038172721861,3
Michael Burton,RB,2026,2,2026,4,2,0.0,0.26680687069892883,False,7,0.0,14.428119355440133,3
Michael Burton,RB,2026,2,2026,5,3,0.0,0.31720060110092163,False,14,0.0,13.84642986059188,3
Michael Burton,RB,2026,2,2026,6,4,0.0,0.4035767614841461,False,21,0.0,13.95512924790381,3
Michael Burton,RB,2026,2,2026,7,5,0.0,0.442135751247406,False,28,0.0,13.385128366947171,3
Michael Burton,RB,2026,2,2026,8,6,0.0,0.501766562461853,False,35,0.0,12.718458533287045,3
Michael Burton,RB,2026,2,2026,9,7,0.0,0.5533591508865356,False,42,0.0,12.16691524982452,3
Michael Burton,RB,2026,2,2026,10,8,0.0,0.584412157535553,False,49,0.0,11.601339685916894,3
Michael Burton,RB,2026,2,2026,11,9,0.0,0.6032125353813171,False,56,0.0,10.509090983867617,3
Michael Burton,RB,2026,2,2026,12,10,0.0,0.5828616619110107,False,63,0.0,9.85383403301239,3
Michael Burton,RB,2026,2,2026,13,11,0.0,0.5864053964614868,False,70,0.0,9.589049792289725,3
Michael Burton,RB,2026,2,2026,14,12,0.0,0.5831905603408813,False,77,0.0,9.030025410652154,3
Michael Burton,RB,2026,2,2026,15,13,0.0,0.593589186668396,False,84,0.0,8.240577673912039,3
Michael Burton,RB,2026,2,2026,16,14,0.0,0.626462459564209,False,91,0.0,6.239641785621637,3
Michael Burton,RB,2026,2,2026,17,15,0.0,0.6602646708488464,False,98,0.0,4.264758574962575,3
Michael Pittman,WR,2026,2,2026,3,1,0.0,12.153460502624512,False,0,1.0548450469970696,26.869220447540265,3
Michael Pittman,WR,2026,2,2026,4,2,0.0,12.265353202819824,False,7,0.0,26.426665687561027,3
Michael Pittman,WR,2026,2,2026,5,3,0.0,12.382399559020996,False,14,0.0,25.911628818511954,3
Michael Pittman,WR,2026,2,2026,6,4,0.0,12.464996337890625,False,21,0.0,26.01654882431029,3
Michael Pittman,WR,2026,2,2026,7,5,0.0,12.623385429382324,False,28,0.0,25.56637804508209,3
Michael Pittman,WR,2026,2,2026,8,6,0.0,12.96644401550293,False,35,0.0,25.18313598632812,3
Michael Pittman,WR,2026,2,2026,9,7,0.0,13.434680938720703,False,42,0.0,25.048237037658687,3
Michael Pittman,WR,2026,2,2026,10,8,0.0,13.688448905944824,False,49,0.0,24.705376434326165,3
Michael Pittman,WR,2026,2,2026,11,9,0.0,13.71037483215332,False,56,0.0,23.61625328063962,3
Michael Pittman,WR,2026,2,2026,12,10,0.0,13.676374435424805,False,63,0.0,22.947346806526184,3
Michael Pittman,WR,2026,2,2026,13,11,0.0,13.659159660339355,False,70,0.0,22.661804056167593,3
Michael Pittman,WR,2026,2,2026,14,12,0.0,13.632311820983887,False,77,0.0,22.07914667129516,3
Michael Pittman,WR,2026,2,2026,15,13,0.0,13.56895637512207,False,84,0.0,21.215944862365713,3
Michael Pittman,WR,2026,2,2026,16,14,0.0,13.504965782165527,False,91,0.0,19.118145108222954,3
Michael Pittman,WR,2026,2,2026,17,15,0.0,13.435164451599121,False,98,0.0,17.03965835571285,3
Michael Wilson,WR,2026,2,2026,3,1,0.0,7.77019739151001,False,0,0.0,22.485957336425763,3
Michael Wilson,WR,2026,2,2026,4,2,0.0,7.610755443572998,False,7,0.0,21.7720679283142,3
Michael Wilson,WR,2026,2,2026,5,3,0.0,7.82355260848999,False,14,0.0,21.352781867980948,3
Michael Wilson,WR,2026,2,2026,6,4,0.0,8.097641944885254,False,21,0.0,21.64919443130492,3
Michael Wilson,WR,2026,2,2026,7,5,0.0,8.342574119567871,False,28,0.0,21.285566735267636,3
Michael Wilson,WR,2026,2,2026,8,6,0.0,8.63658618927002,False,35,0.0,20.85327816009521,3
Michael Wilson,WR,2026,2,2026,9,7,0.0,8.924853324890137,False,42,0.0,20.53840942382812,3
Michael Wilson,WR,2026,2,2026,10,8,0.0,9.139067649841309,False,49,0.0,20.15599517822265,3
Michael Wilson,WR,2026,2,2026,11,9,0.0,9.160744667053223,False,56,0.0,19.06662311553952,3
Michael Wilson,WR,2026,2,2026,12,10,0.0,9.124445915222168,False,63,0.0,18.395418286323547,3
Michael Wilson,WR,2026,2,2026,13,11,0.0,9.084885597229004,False,70,0.0,18.08752999305724,3
Michael Wilson,WR,2026,2,2026,14,12,0.0,9.053214073181152,False,77,0.0,17.500048923492425,3
Michael Wilson,WR,2026,2,2026,15,13,0.0,8.976398468017578,False,84,0.0,16.62338695526122,3
Michael Wilson,WR,2026,2,2026,16,14,0.0,8.916762351989746,False,91,0.0,14.529941678047173,3
Michael Wilson,WR,2026,2,2026,17,15,0.0,8.842041969299316,False,98,0.0,12.446535873413044,3
Mike Evans,WR,2026,2,2026,3,1,0.0,11.271615028381348,False,0,0.17299957275390554,25.9873749732971,3
Mike Evans,WR,2026,2,2026,4,2,0.0,11.199841499328613,False,7,0.0,25.361153984069816,3
Mike Evans,WR,2026,2,2026,5,3,0.0,10.845735549926758,False,14,0.0,24.374964809417715,3
Mike Evans,WR,2026,2,2026,6,4,0.0,10.47900104522705,False,21,0.0,24.030553531646717,3
Mike Evans,WR,2026,2,2026,7,5,0.0,10.038191795349121,False,28,0.0,22.981184411048886,3
Mike Evans,WR,2026,2,2026,8,6,0.0,9.497803688049316,False,35,0.0,21.714495658874508,3
Mike Evans,WR,2026,2,2026,9,7,0.0,9.005084991455078,False,42,0.0,20.618641090393062,3
Mike Evans,WR,2026,2,2026,10,8,0.0,8.613198280334473,False,49,0.0,19.630125808715814,3
Mike Evans,WR,2026,2,2026,11,9,0.0,8.207258224487305,False,56,0.0,18.113136672973603,3
Mike Evans,WR,2026,2,2026,12,10,0.0,7.853757381439209,False,63,0.0,17.12472975254059,3
Mike Evans,WR,2026,2,2026,13,11,0.0,7.541644096374512,False,70,0.0,16.54428849220275,3
Mike Evans,WR,2026,2,2026,14,12,0.0,7.302456378936768,False,77,0.0,15.74929122924804,3
Mike Evans,WR,2026,2,2026,15,13,0.0,7.057727336883545,False,84,0.0,14.704715824127188,3
Mike Evans,WR,2026,2,2026,16,14,0.0,6.873402118682861,False,91,0.0,12.486581444740288,3
Mike Evans,WR,2026,2,2026,17,15,0.0,6.717843532562256,False,98,0.0,10.322337436675983,3
Mike Washington Jr.,RB,2026,2,2026,3,1,0.0,1.7499107122421265,False,0,0.0,16.46567065715788,3
Mike Washington Jr.,RB,2026,2,2026,4,2,0.0,1.326271653175354,False,7,0.0,15.487584137916558,3
Mike Washington Jr.,RB,2026,2,2026,5,3,0.0,1.3759926557540894,False,14,0.0,14.905221915245047,3
Mike Washington Jr.,RB,2026,2,2026,6,4,0.0,1.4349632263183594,False,21,0.0,14.986515712738024,3
Mike Washington Jr.,RB,2026,2,2026,7,5,0.0,1.4778980016708374,False,28,0.0,14.420890617370603,3
Mike Washington Jr.,RB,2026,2,2026,8,6,0.0,1.598308801651001,False,35,0.0,13.815000772476193,3
Mike Washington Jr.,RB,2026,2,2026,9,7,0.0,1.7568869590759277,False,42,0.0,13.370443058013912,3
Mike Washington Jr.,RB,2026,2,2026,10,8,0.0,1.981960654258728,False,49,0.0,12.99888818264007,3
Mike Washington Jr.,RB,2026,2,2026,11,9,0.0,2.229492664337158,False,56,0.0,12.135371112823458,3
Mike Washington Jr.,RB,2026,2,2026,12,10,0.0,2.5314836502075195,False,63,0.0,11.802456021308899,3
Mike Washington Jr.,RB,2026,2,2026,13,11,0.0,2.896730661392212,False,70,0.0,11.89937505722045,3
Mike Washington Jr.,RB,2026,2,2026,14,12,0.0,3.224320888519287,False,77,0.0,11.67115573883056,3
Mike Washington Jr.,RB,2026,2,2026,15,13,0.0,3.600533962249756,False,84,0.0,11.247522449493399,3
Mike Washington Jr.,RB,2026,2,2026,16,14,0.0,3.9446616172790527,False,91,0.0,9.55784094333648,3
Mike Washington Jr.,RB,2026,2,2026,17,15,0.0,4.206599712371826,False,98,0.0,7.811093616485555,3
Montorie Foster Jr,WR,2026,2,2026,3,1,0.0,1.3235481977462769,False,0,0.0,16.03930814266203,3
Montorie Foster Jr,WR,2026,2,2026,4,2,0.0,0.9889593720436096,False,7,0.0,15.150271856784814,3
Montorie Foster Jr,WR,2026,2,2026,5,3,0.0,1.0281585454940796,False,14,0.0,14.557387804985037,3
Montorie Foster Jr,WR,2026,2,2026,6,4,0.0,1.084284782409668,False,21,0.0,14.635837268829333,3
Montorie Foster Jr,WR,2026,2,2026,7,5,0.0,1.1003146171569824,False,28,0.0,14.043307232856748,3
Montorie Foster Jr,WR,2026,2,2026,8,6,0.0,1.1578342914581299,False,35,0.0,13.374526262283322,3
Montorie Foster Jr,WR,2026,2,2026,9,7,0.0,1.2248693704605103,False,42,0.0,12.838425469398494,3
Montorie Foster Jr,WR,2026,2,2026,10,8,0.0,1.3055912256240845,False,49,0.0,12.322518754005426,3
Montorie Foster Jr,WR,2026,2,2026,11,9,0.0,1.3824838399887085,False,56,0.0,11.288362288475009,3
Montorie Foster Jr,WR,2026,2,2026,12,10,0.0,1.4490982294082642,False,63,0.0,10.720070600509644,3
Montorie Foster Jr,WR,2026,2,2026,13,11,0.0,1.5607556104660034,False,70,0.0,10.563400006294241,3
Montorie Foster Jr,WR,2026,2,2026,14,12,0.0,1.6406075954437256,False,77,0.0,10.087442445754998,3
Montorie Foster Jr,WR,2026,2,2026,15,13,0.0,1.7467963695526123,False,84,0.0,9.393784856796255,3
Montorie Foster Jr,WR,2026,2,2026,16,14,0.0,1.8436204195022583,False,91,0.0,7.456799745559686,3
Montorie Foster Jr,WR,2026,2,2026,17,15,0.0,1.9146851301193237,False,98,0.0,5.519179034233052,3
Myles Price,WR,2026,2,2026,3,1,0.0,1.0752822160720825,False,0,0.0,15.791042160987836,3
Myles Price,WR,2026,2,2026,4,2,0.0,0.9666290283203125,False,7,0.0,15.127941513061517,3
Myles Price,WR,2026,2,2026,5,3,0.0,1.093966007232666,False,14,0.0,14.623195266723624,3
Myles Price,WR,2026,2,2026,6,4,0.0,1.2139157056808472,False,21,0.0,14.765468192100512,3
Myles Price,WR,2026,2,2026,7,5,0.0,1.2656410932540894,False,28,0.0,14.208633708953855,3
Myles Price,WR,2026,2,2026,8,6,0.0,1.3398765325546265,False,35,0.0,13.556568503379818,3
Myles Price,WR,2026,2,2026,9,7,0.0,1.4068619012832642,False,42,0.0,13.020418000221248,3
Myles Price,WR,2026,2,2026,10,8,0.0,1.470981240272522,False,49,0.0,12.487908768653863,3
Myles Price,WR,2026,2,2026,11,9,0.0,1.5133200883865356,False,56,0.0,11.419198536872836,3
Myles Price,WR,2026,2,2026,12,10,0.0,1.534417986869812,False,63,0.0,10.805390357971191,3
Myles Price,WR,2026,2,2026,13,11,0.0,1.5951381921768188,False,70,0.0,10.597782588005057,3
Myles Price,WR,2026,2,2026,14,12,0.0,1.6369718313217163,False,77,0.0,10.08380668163299,3
Myles Price,WR,2026,2,2026,15,13,0.0,1.692948818206787,False,84,0.0,9.33993730545043,3
Myles Price,WR,2026,2,2026,16,14,0.0,1.7575541734695435,False,91,0.0,7.370733499526971,3
Myles Price,WR,2026,2,2026,17,15,0.0,1.8186933994293213,False,98,0.0,5.42318730354305,3
Najee Harris,RB,2026,2,2026,3,1,0.0,2.4575867652893066,False,0,0.0,17.17334671020506,3
Najee Harris,RB,2026,2,2026,4,2,0.0,2.291904926300049,False,7,0.0,16.45321741104125,3
Najee Harris,RB,2026,2,2026,5,3,0.0,2.4567036628723145,False,14,0.0,15.985932922363272,3
Najee Harris,RB,2026,2,2026,6,4,0.0,2.5687055587768555,False,21,0.0,16.120258045196522,3
Najee Harris,RB,2026,2,2026,7,5,0.0,2.637392997741699,False,28,0.0,15.580385613441464,3
Najee Harris,RB,2026,2,2026,8,6,0.0,2.7691898345947266,False,35,0.0,14.985881805419918,3
Najee Harris,RB,2026,2,2026,9,7,0.0,2.9246721267700195,False,42,0.0,14.538228225708004,3
Najee Harris,RB,2026,2,2026,10,8,0.0,3.12894606590271,False,49,0.0,14.145873594284051,3
Najee Harris,RB,2026,2,2026,11,9,0.0,3.3095548152923584,False,56,0.0,13.215433263778658,3
Najee Harris,RB,2026,2,2026,12,10,0.0,3.508993625640869,False,63,0.0,12.779965996742249,3
Najee Harris,RB,2026,2,2026,13,11,0.0,3.7541425228118896,False,70,0.0,12.756786918640127,3
Najee Harris,RB,2026,2,2026,14,12,0.0,3.9573450088500977,False,77,0.0,12.40417985916137,3
Najee Harris,RB,2026,2,2026,15,13,0.0,4.169584274291992,False,84,0.0,11.816572761535635,3
Najee Harris,RB,2026,2,2026,16,14,0.0,4.337398052215576,False,91,0.0,9.950577378273003,3
Najee Harris,RB,2026,2,2026,17,15,0.0,4.456629276275635,False,98,0.0,8.061123180389362,3
Nicholas Singleton,RB,2026,2,2026,3,1,0.0,1.3710603713989258,False,0,0.0,16.08682031631468,3
Nicholas Singleton,RB,2026,2,2026,4,2,0.0,1.0760424137115479,False,7,0.0,15.237354898452752,3
Nicholas Singleton,RB,2026,2,2026,5,3,0.0,1.1097131967544556,False,14,0.0,14.638942456245413,3
Nicholas Singleton,RB,2026,2,2026,6,4,0.0,1.1577833890914917,False,21,0.0,14.709335875511156,3
Nicholas Singleton,RB,2026,2,2026,7,5,0.0,1.168155550956726,False,28,0.0,14.111148166656491,3
Nicholas Singleton,RB,2026,2,2026,8,6,0.0,1.2210131883621216,False,35,0.0,13.437705159187313,3
Nicholas Singleton,RB,2026,2,2026,9,7,0.0,1.2833960056304932,False,42,0.0,12.896952104568477,3
Nicholas Singleton,RB,2026,2,2026,10,8,0.0,1.3616310358047485,False,49,0.0,12.37855856418609,3
Nicholas Singleton,RB,2026,2,2026,11,9,0.0,1.4325364828109741,False,56,0.0,11.338414931297274,3
Nicholas Singleton,RB,2026,2,2026,12,10,0.0,1.4927270412445068,False,63,0.0,10.763699412345886,3
Nicholas Singleton,RB,2026,2,2026,13,11,0.0,1.5935043096542358,False,70,0.0,10.596148705482474,3
Nicholas Singleton,RB,2026,2,2026,14,12,0.0,1.6607784032821655,False,77,0.0,10.107613253593438,3
Nicholas Singleton,RB,2026,2,2026,15,13,0.0,1.750998854637146,False,84,0.0,9.397987341880789,3
Nicholas Singleton,RB,2026,2,2026,16,14,0.0,1.830688238143921,False,91,0.0,7.443867564201349,3
Nicholas Singleton,RB,2026,2,2026,17,15,0.0,1.885311484336853,False,98,0.0,5.4898053884505815,3
Nico Collins,WR,2026,2,2026,3,1,0.0,15.015522956848145,False,0,3.9169075012207024,29.731282901763898,3
Nico Collins,WR,2026,2,2026,4,2,0.0,15.146934509277344,False,7,1.4796402931213368,29.308246994018546,3
Nico Collins,WR,2026,2,2026,5,3,0.0,15.03286075592041,False,14,0.9052754402160641,28.562090015411368,3
Nico Collins,WR,2026,2,2026,6,4,0.0,14.824910163879395,False,21,0.5371559143066413,28.37646265029906,3
Nico Collins,WR,2026,2,2026,7,5,0.0,14.550000190734863,False,28,0.11154994964599574,27.49299280643463,3
Nico Collins,WR,2026,2,2026,8,6,0.0,14.184531211853027,False,35,0.0,26.40122318267822,3
Nico Collins,WR,2026,2,2026,9,7,0.0,13.9014253616333,False,42,0.0,25.514981460571285,3
Nico Collins,WR,2026,2,2026,10,8,0.0,13.736139297485352,False,49,0.0,24.753066825866693,3
Nico Collins,WR,2026,2,2026,11,9,0.0,13.577157020568848,False,56,0.0,23.483035469055146,3
Nico Collins,WR,2026,2,2026,12,10,0.0,13.443034172058105,False,63,0.0,22.714006543159485,3
Nico Collins,WR,2026,2,2026,13,11,0.0,13.346552848815918,False,70,0.0,22.349197244644156,3
Nico Collins,WR,2026,2,2026,14,12,0.0,13.272669792175293,False,77,0.0,21.719504642486566,3
Nico Collins,WR,2026,2,2026,15,13,0.0,13.161587715148926,False,84,0.0,20.80857620239257,3
Nico Collins,WR,2026,2,2026,16,14,0.0,13.063511848449707,False,91,0.0,18.676691174507134,3
Nico Collins,WR,2026,2,2026,17,15,0.0,12.98491382598877,False,98,0.0,16.589407730102497,3
Nikko Remigio,WR,2026,2,2026,3,1,0.0,0.671954333782196,False,0,0.0,15.387714278697949,3
Nikko Remigio,WR,2026,2,2026,4,2,0.0,0.5129871964454651,False,7,0.0,14.67429968118667,3
Nikko Remigio,WR,2026,2,2026,5,3,0.0,0.6030492782592773,False,14,0.0,14.132278537750235,3
Nikko Remigio,WR,2026,2,2026,6,4,0.0,0.7130798697471619,False,21,0.0,14.264632356166826,3
Nikko Remigio,WR,2026,2,2026,7,5,0.0,0.7635452151298523,False,28,0.0,13.706537830829618,3
Nikko Remigio,WR,2026,2,2026,8,6,0.0,0.8353255987167358,False,35,0.0,13.052017569541928,3
Nikko Remigio,WR,2026,2,2026,9,7,0.0,0.8989670872688293,False,42,0.0,12.512523186206813,3
Nikko Remigio,WR,2026,2,2026,10,8,0.0,0.9493661522865295,False,49,0.0,11.96629368066787,3
Nikko Remigio,WR,2026,2,2026,11,9,0.0,0.9834423661231995,False,56,0.0,10.8893208146095,3
Nikko Remigio,WR,2026,2,2026,12,10,0.0,0.9872832894325256,False,63,0.0,10.258255660533905,3
Nikko Remigio,WR,2026,2,2026,13,11,0.0,1.0239357948303223,False,70,0.0,10.02658019065856,3
Nikko Remigio,WR,2026,2,2026,14,12,0.0,1.049086332321167,False,77,0.0,9.49592118263244,3
Nikko Remigio,WR,2026,2,2026,15,13,0.0,1.0883793830871582,False,84,0.0,8.735367870330801,3
Nikko Remigio,WR,2026,2,2026,16,14,0.0,1.144433856010437,False,91,0.0,6.757613182067865,3
Nikko Remigio,WR,2026,2,2026,17,15,0.0,1.200829029083252,False,98,0.0,4.8053229331969805,3
Odell Beckham Jr.,WR,2026,2,2026,3,1,0.0,2.3488922119140625,False,0,0.0,17.064652156829816,3
Odell Beckham Jr.,WR,2026,2,2026,4,2,0.0,2.2885656356811523,False,7,0.0,16.449878120422355,3
Odell Beckham Jr.,WR,2026,2,2026,5,3,0.0,2.45243239402771,False,14,0.0,15.981661653518668,3
Odell Beckham Jr.,WR,2026,2,2026,6,4,0.0,2.5681138038635254,False,21,0.0,16.11966629028319,3
Odell Beckham Jr.,WR,2026,2,2026,7,5,0.0,2.6196765899658203,False,28,0.0,15.562669205665586,3
Odell Beckham Jr.,WR,2026,2,2026,8,6,0.0,2.690549373626709,False,35,0.0,14.9072413444519,3
Odell Beckham Jr.,WR,2026,2,2026,9,7,0.0,2.735145092010498,False,42,0.0,14.348701190948482,3
Odell Beckham Jr.,WR,2026,2,2026,10,8,0.0,2.7854220867156982,False,49,0.0,13.80234961509704,3
Odell Beckham Jr.,WR,2026,2,2026,11,9,0.0,2.7862613201141357,False,56,0.0,12.692139768600436,3
Odell Beckham Jr.,WR,2026,2,2026,12,10,0.0,2.77645206451416,False,63,0.0,12.04742443561554,3
Odell Beckham Jr.,WR,2026,2,2026,13,11,0.0,2.8040361404418945,False,70,0.0,11.806680536270132,3
Odell Beckham Jr.,WR,2026,2,2026,14,12,0.0,2.8122451305389404,False,77,0.0,11.259079980850213,3
Odell Beckham Jr.,WR,2026,2,2026,15,13,0.0,2.8341543674468994,False,84,0.0,10.481142854690543,3
Odell Beckham Jr.,WR,2026,2,2026,16,14,0.0,2.862246513366699,False,91,0.0,8.475425839424126,3
Odell Beckham Jr.,WR,2026,2,2026,17,15,0.0,2.8947691917419434,False,98,0.0,6.499263095855672,3
Olamide Zaccheaus,WR,2026,2,2026,3,1,0.0,5.83419942855835,False,0,0.0,20.549959373474103,3
Olamide Zaccheaus,WR,2026,2,2026,4,2,0.0,5.73347806930542,False,7,0.0,19.894790554046622,3
Olamide Zaccheaus,WR,2026,2,2026,5,3,0.0,5.8316874504089355,False,14,0.0,19.360916709899893,3
Olamide Zaccheaus,WR,2026,2,2026,6,4,0.0,5.939128398895264,False,21,0.0,19.49068088531493,3
Olamide Zaccheaus,WR,2026,2,2026,7,5,0.0,5.980421543121338,False,28,0.0,18.923414158821103,3
Olamide Zaccheaus,WR,2026,2,2026,8,6,0.0,5.992561340332031,False,35,0.0,18.209253311157223,3
Olamide Zaccheaus,WR,2026,2,2026,9,7,0.0,5.9966607093811035,False,42,0.0,17.610216808319088,3
Olamide Zaccheaus,WR,2026,2,2026,10,8,0.0,5.999056816101074,False,49,0.0,17.015984344482415,3
Olamide Zaccheaus,WR,2026,2,2026,11,9,0.0,5.857637405395508,False,56,0.0,15.763515853881808,3
Olamide Zaccheaus,WR,2026,2,2026,12,10,0.0,5.6847124099731445,False,63,0.0,14.955684781074524,3
Olamide Zaccheaus,WR,2026,2,2026,13,11,0.0,5.537795543670654,False,70,0.0,14.540439939498892,3
Olamide Zaccheaus,WR,2026,2,2026,14,12,0.0,5.42517614364624,False,77,0.0,13.872010993957513,3
Olamide Zaccheaus,WR,2026,2,2026,15,13,0.0,5.3055243492126465,False,84,0.0,12.95251283645629,3
Olamide Zaccheaus,WR,2026,2,2026,16,14,0.0,5.220615863800049,False,91,0.0,10.833795189857476,3
Olamide Zaccheaus,WR,2026,2,2026,17,15,0.0,5.164582252502441,False,98,0.0,8.769076156616169,3
Ollie Gordon II,RB,2026,2,2026,3,1,0.0,4.610524654388428,False,0,0.0,19.32628459930418,3
Ollie Gordon II,RB,2026,2,2026,4,2,0.0,4.152669906616211,False,7,0.0,18.313982391357413,3
Ollie Gordon II,RB,2026,2,2026,5,3,0.0,4.195199489593506,False,14,0.0,17.724428749084463,3
Ollie Gordon II,RB,2026,2,2026,6,4,0.0,4.301417827606201,False,21,0.0,17.852970314025868,3
Ollie Gordon II,RB,2026,2,2026,7,5,0.0,4.485837459564209,False,28,0.0,17.428830075263974,3
Ollie Gordon II,RB,2026,2,2026,8,6,0.0,4.876873970031738,False,35,0.0,17.09356594085693,3
Ollie Gordon II,RB,2026,2,2026,9,7,0.0,5.466265678405762,False,42,0.0,17.079821777343746,3
Ollie Gordon II,RB,2026,2,2026,10,8,0.0,6.309874057769775,False,49,0.0,17.326801586151117,3
Ollie Gordon II,RB,2026,2,2026,11,9,0.0,7.212128639221191,False,56,0.0,17.11800708770749,3
Ollie Gordon II,RB,2026,2,2026,12,10,0.0,8.08040714263916,False,63,0.0,17.35137951374054,3
Ollie Gordon II,RB,2026,2,2026,13,11,0.0,8.651286125183105,False,70,0.0,17.653930521011343,3
Ollie Gordon II,RB,2026,2,2026,14,12,0.0,8.932953834533691,False,77,0.0,17.379788684844964,3
Ollie Gordon II,RB,2026,2,2026,15,13,0.0,8.964547157287598,False,84,0.0,16.61153564453124,3
Ollie Gordon II,RB,2026,2,2026,16,14,0.0,8.912461280822754,False,91,0.0,14.52564060688018,3
Ollie Gordon II,RB,2026,2,2026,17,15,0.0,8.813982963562012,False,98,0.0,12.41847686767574,3
Omar Cooper Jr.,WR,2026,2,2026,3,1,0.0,1.5147340297698975,False,0,0.0,16.23049397468565,3
Omar Cooper Jr.,WR,2026,2,2026,4,2,0.0,1.1785005331039429,False,7,0.0,15.339813017845147,3
Omar Cooper Jr.,WR,2026,2,2026,5,3,0.0,1.2181758880615234,False,14,0.0,14.747405147552481,3
Omar Cooper Jr.,WR,2026,2,2026,6,4,0.0,1.2667499780654907,False,21,0.0,14.818302464485155,3
Omar Cooper Jr.,WR,2026,2,2026,7,5,0.0,1.280143141746521,False,28,0.0,14.223135757446286,3
Omar Cooper Jr.,WR,2026,2,2026,8,6,0.0,1.3456823825836182,False,35,0.0,13.56237435340881,3
Omar Cooper Jr.,WR,2026,2,2026,9,7,0.0,1.429093837738037,False,42,0.0,13.042649936676021,3
Omar Cooper Jr.,WR,2026,2,2026,10,8,0.0,1.538894772529602,False,49,0.0,12.555822300910943,3
Omar Cooper Jr.,WR,2026,2,2026,11,9,0.0,1.6457886695861816,False,56,0.0,11.551667118072482,3
Omar Cooper Jr.,WR,2026,2,2026,12,10,0.0,1.7534732818603516,False,63,0.0,11.024445652961731,3
Omar Cooper Jr.,WR,2026,2,2026,13,11,0.0,1.9095925092697144,False,70,0.0,10.912236905097952,3
Omar Cooper Jr.,WR,2026,2,2026,14,12,0.0,2.0261590480804443,False,77,0.0,10.472993898391717,3
Omar Cooper Jr.,WR,2026,2,2026,15,13,0.0,2.1696183681488037,False,84,0.0,9.816606855392447,3
Omar Cooper Jr.,WR,2026,2,2026,16,14,0.0,2.2913334369659424,False,91,0.0,7.90451276302337,3
Omar Cooper Jr.,WR,2026,2,2026,17,15,0.0,2.3742103576660156,False,98,0.0,5.978704261779744,3
Omarion Hampton,RB,2026,2,2026,3,1,0.0,15.213955879211426,False,0,4.115340423583984,29.92971582412718,3
Omarion Hampton,RB,2026,2,2026,4,2,0.0,15.334959983825684,False,7,1.6676657676696767,29.496272468566886,3
Omarion Hampton,RB,2026,2,2026,5,3,0.0,15.302103996276855,False,14,1.1745186805725094,28.831333255767813,3
Omarion Hampton,RB,2026,2,2026,6,4,0.0,15.438840866088867,False,21,1.151086616516114,28.990393352508534,3
Omarion Hampton,RB,2026,2,2026,7,5,0.0,15.6122407913208,False,28,1.1737905502319332,28.555233407020566,3
Omarion Hampton,RB,2026,2,2026,8,6,0.0,15.637711524963379,False,35,1.1043103218078603,27.85440349578857,3
Omarion Hampton,RB,2026,2,2026,9,7,0.0,15.483992576599121,False,42,0.878339862823486,27.097548675537105,3
Omarion Hampton,RB,2026,2,2026,10,8,0.0,15.314873695373535,False,49,0.6594254493713372,26.331801223754876,3
Omarion Hampton,RB,2026,2,2026,11,9,0.0,15.135756492614746,False,56,0.43393945693969904,25.041634941101044,3
Omarion Hampton,RB,2026,2,2026,12,10,0.0,15.035752296447754,False,63,0.27102537155151474,24.306724667549133,3
Omarion Hampton,RB,2026,2,2026,13,11,0.0,14.98748779296875,False,70,0.17621412277221715,23.990132188796988,3
Omarion Hampton,RB,2026,2,2026,14,12,0.0,14.933783531188965,False,77,0.09097852706909215,23.380618381500238,3
Omarion Hampton,RB,2026,2,2026,15,13,0.0,14.854546546936035,False,84,0.0019490242004387426,22.50153503417968,3
Omarion Hampton,RB,2026,2,2026,16,14,0.0,14.736485481262207,False,91,0.0,20.349664807319634,3
Omarion Hampton,RB,2026,2,2026,17,15,0.0,14.633387565612793,False,98,0.0,18.23788146972652,3
Parker Washington,WR,2026,2,2026,3,1,0.0,5.485927104949951,False,0,0.0,20.201687049865704,3
Parker Washington,WR,2026,2,2026,4,2,0.0,5.1277241706848145,False,7,0.0,19.289036655426017,3
Parker Washington,WR,2026,2,2026,5,3,0.0,5.100230693817139,False,14,0.0,18.629459953308096,3
Parker Washington,WR,2026,2,2026,6,4,0.0,5.149860858917236,False,21,0.0,18.701413345336903,3
Parker Washington,WR,2026,2,2026,7,5,0.0,5.18002986907959,False,28,0.0,18.123022484779355,3
Parker Washington,WR,2026,2,2026,8,6,0.0,5.218797206878662,False,35,0.0,17.435489177703854,3
Parker Washington,WR,2026,2,2026,9,7,0.0,5.292128562927246,False,42,0.0,16.90568466186523,3
Parker Washington,WR,2026,2,2026,10,8,0.0,5.4549880027771,False,49,0.0,16.47191553115844,3
Parker Washington,WR,2026,2,2026,11,9,0.0,5.619150161743164,False,56,0.0,15.525028610229464,3
Parker Washington,WR,2026,2,2026,12,10,0.0,5.853253364562988,False,63,0.0,15.124225735664368,3
Parker Washington,WR,2026,2,2026,13,11,0.0,6.1541619300842285,False,70,0.0,15.156806325912466,3
Parker Washington,WR,2026,2,2026,14,12,0.0,6.440465927124023,False,77,0.0,14.887300777435296,3
Parker Washington,WR,2026,2,2026,15,13,0.0,6.641205787658691,False,84,0.0,14.288194274902335,3
Parker Washington,WR,2026,2,2026,16,14,0.0,6.767470359802246,False,91,0.0,12.380649685859673,3
Parker Washington,WR,2026,2,2026,17,15,0.0,6.808281898498535,False,98,0.0,10.412775802612263,3
Pat Bryant,WR,2026,2,2026,3,1,0.0,5.966610908508301,False,0,0.0,20.682370853424054,3
Pat Bryant,WR,2026,2,2026,4,2,0.0,5.630289077758789,False,7,0.0,19.79160156249999,3
Pat Bryant,WR,2026,2,2026,5,3,0.0,5.410665988922119,False,14,0.0,18.939895248413077,3
Pat Bryant,WR,2026,2,2026,6,4,0.0,5.211297988891602,False,21,0.0,18.762850475311268,3
Pat Bryant,WR,2026,2,2026,7,5,0.0,4.974741458892822,False,28,0.0,17.917734074592587,3
Pat Bryant,WR,2026,2,2026,8,6,0.0,4.690815448760986,False,35,0.0,16.907507419586178,3
Pat Bryant,WR,2026,2,2026,9,7,0.0,4.43634557723999,False,42,0.0,16.049901676177974,3
Pat Bryant,WR,2026,2,2026,10,8,0.0,4.267545223236084,False,49,0.0,15.284472751617425,3
Pat Bryant,WR,2026,2,2026,11,9,0.0,4.0767292976379395,False,56,0.0,13.98260774612424,3
Pat Bryant,WR,2026,2,2026,12,10,0.0,3.8888931274414062,False,63,0.0,13.159865498542786,3
Pat Bryant,WR,2026,2,2026,13,11,0.0,3.739166259765625,False,70,0.0,12.741810655593863,3
Pat Bryant,WR,2026,2,2026,14,12,0.0,3.6173787117004395,False,77,0.0,12.064213562011712,3
Pat Bryant,WR,2026,2,2026,15,13,0.0,3.505765438079834,False,84,0.0,11.152753925323477,3
Pat Bryant,WR,2026,2,2026,16,14,0.0,3.4361495971679688,False,91,0.0,9.049328923225396,3
Pat Bryant,WR,2026,2,2026,17,15,0.0,3.407230854034424,False,98,0.0,7.011724758148152,3
Patrick Ricard,RB,2026,2,2026,3,1,0.0,1.8012934923171997,False,0,0.0,16.517053437232953,3
Patrick Ricard,RB,2026,2,2026,4,2,0.0,1.6059377193450928,False,7,0.0,15.767250204086297,3
Patrick Ricard,RB,2026,2,2026,5,3,0.0,1.7162004709243774,False,14,0.0,15.245429730415335,3
Patrick Ricard,RB,2026,2,2026,6,4,0.0,1.8193005323410034,False,21,0.0,15.370853018760668,3
Patrick Ricard,RB,2026,2,2026,7,5,0.0,1.8729231357574463,False,28,0.0,14.815915751457212,3
Patrick Ricard,RB,2026,2,2026,8,6,0.0,1.9712353944778442,False,35,0.0,14.187927365303036,3
Patrick Ricard,RB,2026,2,2026,9,7,0.0,2.074911117553711,False,42,0.0,13.688467216491695,3
Patrick Ricard,RB,2026,2,2026,10,8,0.0,2.1974008083343506,False,49,0.0,13.214328336715692,3
Patrick Ricard,RB,2026,2,2026,11,9,0.0,2.293701410293579,False,56,0.0,12.19957985877988,3
Patrick Ricard,RB,2026,2,2026,12,10,0.0,2.380249500274658,False,63,0.0,11.651221871376038,3
Patrick Ricard,RB,2026,2,2026,13,11,0.0,2.510944366455078,False,70,0.0,11.513588762283316,3
Patrick Ricard,RB,2026,2,2026,14,12,0.0,2.608830690383911,False,77,0.0,11.055665540695184,3
Patrick Ricard,RB,2026,2,2026,15,13,0.0,2.7229599952697754,False,84,0.0,10.369948482513418,3
Patrick Ricard,RB,2026,2,2026,16,14,0.0,2.8226304054260254,False,91,0.0,8.435809731483452,3
Patrick Ricard,RB,2026,2,2026,17,15,0.0,2.906620502471924,False,98,0.0,6.511114406585652,3
Puka Nacua,WR,2026,2,2026,3,1,0.0,17.8233642578125,False,0,6.724748802185058,32.53912420272825,3
Puka Nacua,WR,2026,2,2026,4,2,0.0,19.338611602783203,False,7,5.671317386627196,33.499924087524406,3
Puka Nacua,WR,2026,2,2026,5,3,0.0,19.379661560058594,False,14,5.252076244354248,32.908890819549555,3
Puka Nacua,WR,2026,2,2026,6,4,0.0,19.437360763549805,False,21,5.1496065139770515,32.98891324996947,3
Puka Nacua,WR,2026,2,2026,7,5,0.0,19.448101043701172,False,28,5.009650802612304,32.39109365940094,3
Puka Nacua,WR,2026,2,2026,8,6,0.0,19.443466186523438,False,35,4.910064983367919,31.66015815734863,3
Puka Nacua,WR,2026,2,2026,9,7,0.0,19.400127410888672,False,42,4.794474697113037,31.013683509826656,3
Puka Nacua,WR,2026,2,2026,10,8,0.0,19.385528564453125,False,49,4.730080318450927,30.402456092834466,3
Puka Nacua,WR,2026,2,2026,11,9,0.0,19.34442138671875,False,56,4.642604351043703,29.25029983520505,3
Puka Nacua,WR,2026,2,2026,12,10,0.0,19.328887939453125,False,63,4.564161014556886,28.599860310554504,3
Puka Nacua,WR,2026,2,2026,13,11,0.0,19.242704391479492,False,70,4.431430721282959,28.24534878730773,3
Puka Nacua,WR,2026,2,2026,14,12,0.0,19.090011596679688,False,77,4.247206592559815,27.53684644699096,3
Puka Nacua,WR,2026,2,2026,15,13,0.0,18.927799224853516,False,84,4.075201702117919,26.57478771209716,3
Puka Nacua,WR,2026,2,2026,16,14,0.0,18.710391998291016,False,91,3.8270991325378425,24.323571324348443,3
Puka Nacua,WR,2026,2,2026,17,15,0.0,18.521451950073242,False,98,3.6424607276916507,22.12594585418697,3
Quentin Johnston,WR,2026,2,2026,3,1,0.0,7.86195707321167,False,0,0.0,22.577717018127423,3
Quentin Johnston,WR,2026,2,2026,4,2,0.0,7.583009719848633,False,7,0.0,21.744322204589835,3
Quentin Johnston,WR,2026,2,2026,5,3,0.0,7.884554862976074,False,14,0.0,21.413784122467032,3
Quentin Johnston,WR,2026,2,2026,6,4,0.0,8.277904510498047,False,21,0.0,21.829456996917713,3
Quentin Johnston,WR,2026,2,2026,7,5,0.0,8.677245140075684,False,28,0.0,21.62023775577545,3
Quentin Johnston,WR,2026,2,2026,8,6,0.0,9.15473461151123,False,35,0.0,21.371426582336422,3
Quentin Johnston,WR,2026,2,2026,9,7,0.0,9.662293434143066,False,42,0.0,21.27584953308105,3
Quentin Johnston,WR,2026,2,2026,10,8,0.0,10.052054405212402,False,49,0.0,21.068981933593744,3
Quentin Johnston,WR,2026,2,2026,11,9,0.0,10.136305809020996,False,56,0.0,20.042184257507294,3
Quentin Johnston,WR,2026,2,2026,12,10,0.0,10.115656852722168,False,63,0.0,19.386629223823547,3
Quentin Johnston,WR,2026,2,2026,13,11,0.0,10.057360649108887,False,70,0.0,19.060005044937125,3
Quentin Johnston,WR,2026,2,2026,14,12,0.0,9.994248390197754,False,77,0.0,18.441083240509027,3
Quentin Johnston,WR,2026,2,2026,15,13,0.0,9.889294624328613,False,84,0.0,17.536283111572256,3
Quentin Johnston,WR,2026,2,2026,16,14,0.0,9.782747268676758,False,91,0.0,15.395926594734185,3
Quentin Johnston,WR,2026,2,2026,17,15,0.0,9.654345512390137,False,98,0.0,13.258839416503864,3
Quinshon Judkins,RB,2026,2,2026,3,1,0.0,8.673827171325684,False,0,0.0,23.389587116241437,3
Quinshon Judkins,RB,2026,2,2026,4,2,0.0,8.338186264038086,False,7,0.0,22.49949874877929,3
Quinshon Judkins,RB,2026,2,2026,5,3,0.0,8.373551368713379,False,14,0.0,21.902780628204336,3
Quinshon Judkins,RB,2026,2,2026,6,4,0.0,8.473858833312988,False,21,0.0,22.025411319732655,3
Quinshon Judkins,RB,2026,2,2026,7,5,0.0,8.533137321472168,False,28,0.0,21.476129937171933,3
Quinshon Judkins,RB,2026,2,2026,8,6,0.0,8.563461303710938,False,35,0.0,20.78015327453613,3
Quinshon Judkins,RB,2026,2,2026,9,7,0.0,8.761543273925781,False,42,0.0,20.375099372863765,3
Quinshon Judkins,RB,2026,2,2026,10,8,0.0,9.225263595581055,False,49,0.0,20.242191123962396,3
Quinshon Judkins,RB,2026,2,2026,11,9,0.0,9.697815895080566,False,56,0.0,19.603694343566865,3
Quinshon Judkins,RB,2026,2,2026,12,10,0.0,10.002410888671875,False,63,0.0,19.273383259773254,3
Quinshon Judkins,RB,2026,2,2026,13,11,0.0,10.162394523620605,False,70,0.0,19.165038919448843,3
Quinshon Judkins,RB,2026,2,2026,14,12,0.0,10.253135681152344,False,77,0.0,18.699970531463617,3
Quinshon Judkins,RB,2026,2,2026,15,13,0.0,10.260571479797363,False,84,0.0,17.907559967041006,3
Quinshon Judkins,RB,2026,2,2026,16,14,0.0,10.275042533874512,False,91,0.0,15.888221859931939,3
Quinshon Judkins,RB,2026,2,2026,17,15,0.0,10.269068717956543,False,98,0.0,13.87356262207027,3
RJ Harvey,RB,2026,2,2026,3,1,0.0,9.336122512817383,False,0,0.0,24.051882457733136,3
RJ Harvey,RB,2026,2,2026,4,2,0.0,9.028629302978516,False,7,0.0,23.189941787719718,3
RJ Harvey,RB,2026,2,2026,5,3,0.0,9.414949417114258,False,14,0.0,22.944178676605215,3
RJ Harvey,RB,2026,2,2026,6,4,0.0,9.954867362976074,False,21,0.0,23.50641984939574,3
RJ Harvey,RB,2026,2,2026,7,5,0.0,10.689104080200195,False,28,0.0,23.63209669589996,3
RJ Harvey,RB,2026,2,2026,8,6,0.0,11.4882230758667,False,35,0.0,23.70491504669189,3
RJ Harvey,RB,2026,2,2026,9,7,0.0,12.225983619689941,False,42,0.0,23.839539718627925,3
RJ Harvey,RB,2026,2,2026,10,8,0.0,12.723687171936035,False,49,0.0,23.740614700317376,3
RJ Harvey,RB,2026,2,2026,11,9,0.0,12.844046592712402,False,56,0.0,22.7499250411987,3
RJ Harvey,RB,2026,2,2026,12,10,0.0,12.863282203674316,False,63,0.0,22.134254574775696,3
RJ Harvey,RB,2026,2,2026,13,11,0.0,12.852459907531738,False,70,0.0,21.855104303359976,3
RJ Harvey,RB,2026,2,2026,14,12,0.0,12.83908748626709,False,77,0.0,21.285922336578363,3
RJ Harvey,RB,2026,2,2026,15,13,0.0,12.799952507019043,False,84,0.0,20.446940994262686,3
RJ Harvey,RB,2026,2,2026,16,14,0.0,12.744077682495117,False,91,0.0,18.357257008552544,3
RJ Harvey,RB,2026,2,2026,17,15,0.0,12.66968822479248,False,98,0.0,16.274182128906208,3
Rachaad White,RB,2026,2,2026,3,1,0.0,10.791304588317871,False,0,0.0,25.507064533233624,3
Rachaad White,RB,2026,2,2026,4,2,0.0,10.718307495117188,False,7,0.0,24.87961997985839,3
Rachaad White,RB,2026,2,2026,5,3,0.0,10.44501781463623,False,14,0.0,23.974247074127188,3
Rachaad White,RB,2026,2,2026,6,4,0.0,10.143200874328613,False,21,0.0,23.69475336074828,3
Rachaad White,RB,2026,2,2026,7,5,0.0,9.764232635498047,False,28,0.0,22.707225251197812,3
Rachaad White,RB,2026,2,2026,8,6,0.0,9.226284980773926,False,35,0.0,21.442976951599118,3
Rachaad White,RB,2026,2,2026,9,7,0.0,8.680152893066406,False,42,0.0,20.29370899200439,3
Rachaad White,RB,2026,2,2026,10,8,0.0,8.210600852966309,False,49,0.0,19.22752838134765,3
Rachaad White,RB,2026,2,2026,11,9,0.0,7.719630718231201,False,56,0.0,17.6255091667175,3
Rachaad White,RB,2026,2,2026,12,10,0.0,7.298110485076904,False,63,0.0,16.569082856178284,3
Rachaad White,RB,2026,2,2026,13,11,0.0,6.936782360076904,False,70,0.0,15.939426755905142,3
Rachaad White,RB,2026,2,2026,14,12,0.0,6.668104648590088,False,77,0.0,15.11493949890136,3
Rachaad White,RB,2026,2,2026,15,13,0.0,6.4089884757995605,False,84,0.0,14.055976963043204,3
Rachaad White,RB,2026,2,2026,16,14,0.0,6.215933322906494,False,91,0.0,11.829112648963921,3
Rachaad White,RB,2026,2,2026,17,15,0.0,6.067899227142334,False,98,0.0,9.672393131256062,3
Raheim Sanders,RB,2026,2,2026,3,1,0.0,3.7838315963745117,False,0,0.0,18.499591541290265,3
Raheim Sanders,RB,2026,2,2026,4,2,0.0,3.421313762664795,False,7,0.0,17.582626247405997,3
Raheim Sanders,RB,2026,2,2026,5,3,0.0,3.483309745788574,False,14,0.0,17.012539005279532,3
Raheim Sanders,RB,2026,2,2026,6,4,0.0,3.564786911010742,False,21,0.0,17.11633939743041,3
Raheim Sanders,RB,2026,2,2026,7,5,0.0,3.6520535945892334,False,28,0.0,16.595046210289,3
Raheim Sanders,RB,2026,2,2026,8,6,0.0,3.8460965156555176,False,35,0.0,16.06278848648071,3
Raheim Sanders,RB,2026,2,2026,9,7,0.0,4.113175868988037,False,42,0.0,15.726731967926021,3
Raheim Sanders,RB,2026,2,2026,10,8,0.0,4.474029064178467,False,49,0.0,15.490956592559808,3
Raheim Sanders,RB,2026,2,2026,11,9,0.0,4.7989983558654785,False,56,0.0,14.704876804351779,3
Raheim Sanders,RB,2026,2,2026,12,10,0.0,5.093611240386963,False,63,0.0,14.364583611488342,3
Raheim Sanders,RB,2026,2,2026,13,11,0.0,5.337146759033203,False,70,0.0,14.339791154861441,3
Raheim Sanders,RB,2026,2,2026,14,12,0.0,5.460839748382568,False,77,0.0,13.907674598693841,3
Raheim Sanders,RB,2026,2,2026,15,13,0.0,5.467858791351318,False,84,0.0,13.114847278594961,3
Raheim Sanders,RB,2026,2,2026,16,14,0.0,5.400282382965088,False,91,0.0,11.013461709022515,3
Raheim Sanders,RB,2026,2,2026,17,15,0.0,5.302447319030762,False,98,0.0,8.90694122314449,3
Rashee Rice,WR,2026,2,2026,3,1,0.0,6.956160068511963,False,0,0.0,21.671920013427716,3
Rashee Rice,WR,2026,2,2026,4,2,0.0,6.725720405578613,False,7,0.0,20.887032890319816,3
Rashee Rice,WR,2026,2,2026,5,3,0.0,6.9100823402404785,False,14,0.0,20.439311599731436,3
Rashee Rice,WR,2026,2,2026,6,4,0.0,7.181069850921631,False,21,0.0,20.732622337341297,3
Rashee Rice,WR,2026,2,2026,7,5,0.0,7.498264789581299,False,28,0.0,20.441257405281064,3
Rashee Rice,WR,2026,2,2026,8,6,0.0,7.93706750869751,False,35,0.0,20.1537594795227,3
Rashee Rice,WR,2026,2,2026,9,7,0.0,8.46892261505127,False,42,0.0,20.082478713989254,3
Rashee Rice,WR,2026,2,2026,10,8,0.0,9.031847953796387,False,49,0.0,20.048775482177728,3
Rashee Rice,WR,2026,2,2026,11,9,0.0,9.45497989654541,False,56,0.0,19.36085834503171,3
Rashee Rice,WR,2026,2,2026,12,10,0.0,9.77778148651123,False,63,0.0,19.04875385761261,3
Rashee Rice,WR,2026,2,2026,13,11,0.0,9.971112251281738,False,70,0.0,18.973756647109976,3
Rashee Rice,WR,2026,2,2026,14,12,0.0,10.065237045288086,False,77,0.0,18.51207189559936,3
Rashee Rice,WR,2026,2,2026,15,13,0.0,10.06166934967041,False,84,0.0,17.708657836914053,3
Rashee Rice,WR,2026,2,2026,16,14,0.0,10.032657623291016,False,91,0.0,15.645836949348443,3
Rashee Rice,WR,2026,2,2026,17,15,0.0,9.972350120544434,False,98,0.0,13.576844024658161,3
Rasheen Ali,RB,2026,2,2026,3,1,0.0,1.3001450300216675,False,0,0.0,16.01590497493742,3
Rasheen Ali,RB,2026,2,2026,4,2,0.0,1.0939161777496338,False,7,0.0,15.255228662490838,3
Rasheen Ali,RB,2026,2,2026,5,3,0.0,1.1952998638153076,False,14,0.0,14.724529123306265,3
Rasheen Ali,RB,2026,2,2026,6,4,0.0,1.3093241453170776,False,21,0.0,14.860876631736742,3
Rasheen Ali,RB,2026,2,2026,7,5,0.0,1.365813136100769,False,28,0.0,14.308805751800534,3
Rasheen Ali,RB,2026,2,2026,8,6,0.0,1.4547418355941772,False,35,0.0,13.671433806419369,3
Rasheen Ali,RB,2026,2,2026,9,7,0.0,1.5405102968215942,False,42,0.0,13.154066395759578,3
Rasheen Ali,RB,2026,2,2026,10,8,0.0,1.6313153505325317,False,49,0.0,12.648242878913873,3
Rasheen Ali,RB,2026,2,2026,11,9,0.0,1.7034918069839478,False,56,0.0,11.609370255470248,3
Rasheen Ali,RB,2026,2,2026,12,10,0.0,1.7587810754776,False,63,0.0,11.02975344657898,3
Rasheen Ali,RB,2026,2,2026,13,11,0.0,1.856677770614624,False,70,0.0,10.859322166442862,3
Rasheen Ali,RB,2026,2,2026,14,12,0.0,1.92597234249115,False,77,0.0,10.372807192802423,3
Rasheen Ali,RB,2026,2,2026,15,13,0.0,2.013244152069092,False,84,0.0,9.660232639312735,3
Rasheen Ali,RB,2026,2,2026,16,14,0.0,2.094174385070801,False,91,0.0,7.707353711128229,3
Rasheen Ali,RB,2026,2,2026,17,15,0.0,2.1609129905700684,False,98,0.0,5.765406894683797,3
Rashid Shaheed,WR,2026,2,2026,3,1,0.0,7.4699506759643555,False,0,0.0,22.18571062088011,3
Rashid Shaheed,WR,2026,2,2026,4,2,0.0,7.220749378204346,False,7,0.0,21.382061862945548,3
Rashid Shaheed,WR,2026,2,2026,5,3,0.0,7.051564693450928,False,14,0.0,20.580793952941885,3
Rashid Shaheed,WR,2026,2,2026,6,4,0.0,6.946320533752441,False,21,0.0,20.497873020172108,3
Rashid Shaheed,WR,2026,2,2026,7,5,0.0,6.853936672210693,False,28,0.0,19.79692928791046,3
Rashid Shaheed,WR,2026,2,2026,8,6,0.0,6.710708141326904,False,35,0.0,18.927400112152096,3
Rashid Shaheed,WR,2026,2,2026,9,7,0.0,6.5391316413879395,False,42,0.0,18.152687740325923,3
Rashid Shaheed,WR,2026,2,2026,10,8,0.0,6.3365654945373535,False,49,0.0,17.353493022918695,3
Rashid Shaheed,WR,2026,2,2026,11,9,0.0,6.010660648345947,False,56,0.0,15.916539096832247,3
Rashid Shaheed,WR,2026,2,2026,12,10,0.0,5.6585373878479,False,63,0.0,14.92950975894928,3
Rashid Shaheed,WR,2026,2,2026,13,11,0.0,5.344316482543945,False,70,0.0,14.346960878372183,3
Rashid Shaheed,WR,2026,2,2026,14,12,0.0,5.110811710357666,False,77,0.0,13.557646560668939,3
Rashid Shaheed,WR,2026,2,2026,15,13,0.0,4.878055572509766,False,84,0.0,12.525044059753409,3
Rashid Shaheed,WR,2026,2,2026,16,14,0.0,4.719813823699951,False,91,0.0,10.332993149757378,3
Rashid Shaheed,WR,2026,2,2026,17,15,0.0,4.621823787689209,False,98,0.0,8.226317691802937,3
Rashod Bateman,WR,2026,2,2026,3,1,0.0,3.9880177974700928,False,0,0.0,18.703777742385846,3
Rashod Bateman,WR,2026,2,2026,4,2,0.0,3.773378610610962,False,7,0.0,17.934691095352164,3
Rashod Bateman,WR,2026,2,2026,5,3,0.0,3.8951609134674072,False,14,0.0,17.424390172958365,3
Rashod Bateman,WR,2026,2,2026,6,4,0.0,4.028611660003662,False,21,0.0,17.58016414642333,3
Rashod Bateman,WR,2026,2,2026,7,5,0.0,4.172230243682861,False,28,0.0,17.115222859382627,3
Rashod Bateman,WR,2026,2,2026,8,6,0.0,4.430405616760254,False,35,0.0,16.647097587585446,3
Rashod Bateman,WR,2026,2,2026,9,7,0.0,4.760484218597412,False,42,0.0,16.374040317535396,3
Rashod Bateman,WR,2026,2,2026,10,8,0.0,5.176331043243408,False,49,0.0,16.19325857162475,3
Rashod Bateman,WR,2026,2,2026,11,9,0.0,5.554379463195801,False,56,0.0,15.4602579116821,3
Rashod Bateman,WR,2026,2,2026,12,10,0.0,5.894403457641602,False,63,0.0,15.165375828742981,3
Rashod Bateman,WR,2026,2,2026,13,11,0.0,6.1771159172058105,False,70,0.0,15.179760313034048,3
Rashod Bateman,WR,2026,2,2026,14,12,0.0,6.375040531158447,False,77,0.0,14.82187538146972,3
Rashod Bateman,WR,2026,2,2026,15,13,0.0,6.462451457977295,False,84,0.0,14.109439945220938,3
Rashod Bateman,WR,2026,2,2026,16,14,0.0,6.487999439239502,False,91,0.0,12.101178765296929,3
Rashod Bateman,WR,2026,2,2026,17,15,0.0,6.466316223144531,False,98,0.0,10.070810127258259,3
Ray Davis,RB,2026,2,2026,3,1,0.0,2.546884536743164,False,0,0.0,17.262644481658917,3
Ray Davis,RB,2026,2,2026,4,2,0.0,2.433443069458008,False,7,0.0,16.59475555419921,3
Ray Davis,RB,2026,2,2026,5,3,0.0,2.5382280349731445,False,14,0.0,16.067457294464102,3
Ray Davis,RB,2026,2,2026,6,4,0.0,2.622650146484375,False,21,0.0,16.17420263290404,3
Ray Davis,RB,2026,2,2026,7,5,0.0,2.633873462677002,False,28,0.0,15.576866078376767,3
Ray Davis,RB,2026,2,2026,8,6,0.0,2.625504732131958,False,35,0.0,14.84219670295715,3
Ray Davis,RB,2026,2,2026,9,7,0.0,2.5642776489257812,False,42,0.0,14.177833747863765,3
Ray Davis,RB,2026,2,2026,10,8,0.0,2.5080771446228027,False,49,0.0,13.525004673004144,3
Ray Davis,RB,2026,2,2026,11,9,0.0,2.4090662002563477,False,56,0.0,12.314944648742648,3
Ray Davis,RB,2026,2,2026,12,10,0.0,2.301574945449829,False,63,0.0,11.572547316551208,3
Ray Davis,RB,2026,2,2026,13,11,0.0,2.233320713043213,False,70,0.0,11.23596510887145,3
Ray Davis,RB,2026,2,2026,14,12,0.0,2.1682045459747314,False,77,0.0,10.615039396286004,3
Ray Davis,RB,2026,2,2026,15,13,0.0,2.12691593170166,False,84,0.0,9.773904418945303,3
Ray Davis,RB,2026,2,2026,16,14,0.0,2.116886615753174,False,91,0.0,7.730065941810602,3
Ray Davis,RB,2026,2,2026,17,15,0.0,2.129948139190674,False,98,0.0,5.734442043304402,3
Reggie Gilliam,RB,2026,2,2026,3,1,0.0,1.47561514377594,False,0,0.0,16.191375088691693,3
Reggie Gilliam,RB,2026,2,2026,4,2,0.0,1.2851704359054565,False,7,0.0,15.44648292064666,3
Reggie Gilliam,RB,2026,2,2026,5,3,0.0,1.426934003829956,False,14,0.0,14.956163263320914,3
Reggie Gilliam,RB,2026,2,2026,6,4,0.0,1.5708081722259521,False,21,0.0,15.122360658645617,3
Reggie Gilliam,RB,2026,2,2026,7,5,0.0,1.6486903429031372,False,28,0.0,14.591682958602902,3
Reggie Gilliam,RB,2026,2,2026,8,6,0.0,1.760420560836792,False,35,0.0,13.977112531661984,3
Reggie Gilliam,RB,2026,2,2026,9,7,0.0,1.8668864965438843,False,42,0.0,13.480442595481868,3
Reggie Gilliam,RB,2026,2,2026,10,8,0.0,1.982079267501831,False,49,0.0,12.999006795883172,3
Reggie Gilliam,RB,2026,2,2026,11,9,0.0,2.0716166496276855,False,56,0.0,11.977495098113986,3
Reggie Gilliam,RB,2026,2,2026,12,10,0.0,2.1471550464630127,False,63,0.0,11.418127417564392,3
Reggie Gilliam,RB,2026,2,2026,13,11,0.0,2.270785331726074,False,70,0.0,11.273429727554312,3
Reggie Gilliam,RB,2026,2,2026,14,12,0.0,2.3679652214050293,False,77,0.0,10.814800071716302,3
Reggie Gilliam,RB,2026,2,2026,15,13,0.0,2.4812405109405518,False,84,0.0,10.128228998184195,3
Reggie Gilliam,RB,2026,2,2026,16,14,0.0,2.586843729019165,False,91,0.0,8.200023055076592,3
Reggie Gilliam,RB,2026,2,2026,17,15,0.0,2.677302837371826,False,98,0.0,6.281796741485555,3
Reggie Virgil,WR,2026,2,2026,3,1,0.0,1.375631332397461,False,0,0.0,16.091391277313214,3
Reggie Virgil,WR,2026,2,2026,4,2,0.0,1.0781887769699097,False,7,0.0,15.239501261711114,3
Reggie Virgil,WR,2026,2,2026,5,3,0.0,1.117755651473999,False,14,0.0,14.646984910964957,3
Reggie Virgil,WR,2026,2,2026,6,4,0.0,1.1709513664245605,False,21,0.0,14.722503852844225,3
Reggie Virgil,WR,2026,2,2026,7,5,0.0,1.1824474334716797,False,28,0.0,14.125440049171445,3
Reggie Virgil,WR,2026,2,2026,8,6,0.0,1.2319573163986206,False,35,0.0,13.448649287223812,3
Reggie Virgil,WR,2026,2,2026,9,7,0.0,1.2871202230453491,False,42,0.0,12.900676321983333,3
Reggie Virgil,WR,2026,2,2026,10,8,0.0,1.3504743576049805,False,49,0.0,12.367401885986322,3
Reggie Virgil,WR,2026,2,2026,11,9,0.0,1.4041377305984497,False,56,0.0,11.31001617908475,3
Reggie Virgil,WR,2026,2,2026,12,10,0.0,1.4400709867477417,False,63,0.0,10.711043357849121,3
Reggie Virgil,WR,2026,2,2026,13,11,0.0,1.5170272588729858,False,70,0.0,10.519671654701224,3
Reggie Virgil,WR,2026,2,2026,14,12,0.0,1.5660088062286377,False,77,0.0,10.01284365653991,3
Reggie Virgil,WR,2026,2,2026,15,13,0.0,1.6383715867996216,False,84,0.0,9.285360074043265,3
Reggie Virgil,WR,2026,2,2026,16,14,0.0,1.7108083963394165,False,91,0.0,7.323987722396844,3
Reggie Virgil,WR,2026,2,2026,17,15,0.0,1.7696384191513062,False,98,0.0,5.374132323265035,3
Rhamondre Stevenson,RB,2026,2,2026,3,1,0.0,5.293212413787842,False,0,0.0,20.008972358703595,3
Rhamondre Stevenson,RB,2026,2,2026,4,2,0.0,4.90210485458374,False,7,0.0,19.063417339324943,3
Rhamondre Stevenson,RB,2026,2,2026,5,3,0.0,4.89219331741333,False,14,0.0,18.421422576904288,3
Rhamondre Stevenson,RB,2026,2,2026,6,4,0.0,4.947299480438232,False,21,0.0,18.4988519668579,3
Rhamondre Stevenson,RB,2026,2,2026,7,5,0.0,5.007122993469238,False,28,0.0,17.950115609169004,3
Rhamondre Stevenson,RB,2026,2,2026,8,6,0.0,5.12825870513916,False,35,0.0,17.344950675964352,3
Rhamondre Stevenson,RB,2026,2,2026,9,7,0.0,5.327876567840576,False,42,0.0,16.94143266677856,3
Rhamondre Stevenson,RB,2026,2,2026,10,8,0.0,5.672725200653076,False,49,0.0,16.689652729034417,3
Rhamondre Stevenson,RB,2026,2,2026,11,9,0.0,6.044047832489014,False,56,0.0,15.949926280975314,3
Rhamondre Stevenson,RB,2026,2,2026,12,10,0.0,6.520951747894287,False,63,0.0,15.791924118995667,3
Rhamondre Stevenson,RB,2026,2,2026,13,11,0.0,7.06013822555542,False,70,0.0,16.062782621383658,3
Rhamondre Stevenson,RB,2026,2,2026,14,12,0.0,7.563583850860596,False,77,0.0,16.01041870117187,3
Rhamondre Stevenson,RB,2026,2,2026,15,13,0.0,7.888503551483154,False,84,0.0,15.535492038726797,3
Rhamondre Stevenson,RB,2026,2,2026,16,14,0.0,8.045478820800781,False,91,0.0,13.658658146858208,3
Rhamondre Stevenson,RB,2026,2,2026,17,15,0.0,8.040103912353516,False,98,0.0,11.644597816467243,3
Rico Dowdle,RB,2026,2,2026,3,1,0.0,13.610551834106445,False,0,2.511936378479003,28.3263117790222,3
Rico Dowdle,RB,2026,2,2026,4,2,0.0,13.569376945495605,False,7,0.0,27.730689430236808,3
Rico Dowdle,RB,2026,2,2026,5,3,0.0,13.41178035736084,False,14,0.0,26.941009616851797,3
Rico Dowdle,RB,2026,2,2026,6,4,0.0,13.28923511505127,False,21,0.0,26.840787601470936,3
Rico Dowdle,RB,2026,2,2026,7,5,0.0,13.102103233337402,False,28,0.0,26.045095849037168,3
Rico Dowdle,RB,2026,2,2026,8,6,0.0,12.737163543701172,False,35,0.0,24.953855514526364,3
Rico Dowdle,RB,2026,2,2026,9,7,0.0,12.431442260742188,False,42,0.0,24.04499835968017,3
Rico Dowdle,RB,2026,2,2026,10,8,0.0,12.226899147033691,False,49,0.0,23.243826675415033,3
Rico Dowdle,RB,2026,2,2026,11,9,0.0,12.0244722366333,False,56,0.0,21.9303506851196,3
Rico Dowdle,RB,2026,2,2026,12,10,0.0,11.840836524963379,False,63,0.0,21.11180889606476,3
Rico Dowdle,RB,2026,2,2026,13,11,0.0,11.722674369812012,False,70,0.0,20.72531876564025,3
Rico Dowdle,RB,2026,2,2026,14,12,0.0,11.651671409606934,False,77,0.0,20.098506259918206,3
Rico Dowdle,RB,2026,2,2026,15,13,0.0,11.521015167236328,False,84,0.0,19.16800365447997,3
Rico Dowdle,RB,2026,2,2026,16,14,0.0,11.433789253234863,False,91,0.0,17.04696857929229,3
Rico Dowdle,RB,2026,2,2026,17,15,0.0,11.37240982055664,False,98,0.0,14.976903724670368,3
Riley Nowakowski,RB,2026,2,2026,3,1,0.0,1.336635708808899,False,0,0.0,16.052395653724652,3
Riley Nowakowski,RB,2026,2,2026,4,2,0.0,1.01910400390625,False,7,0.0,15.180416488647454,3
Riley Nowakowski,RB,2026,2,2026,5,3,0.0,1.0573828220367432,False,14,0.0,14.5866120815277,3
Riley Nowakowski,RB,2026,2,2026,6,4,0.0,1.1083580255508423,False,21,0.0,14.659910511970507,3
Riley Nowakowski,RB,2026,2,2026,7,5,0.0,1.1210412979125977,False,28,0.0,14.064033913612363,3
Riley Nowakowski,RB,2026,2,2026,8,6,0.0,1.181984305381775,False,35,0.0,13.398676276206967,3
Riley Nowakowski,RB,2026,2,2026,9,7,0.0,1.2574325799942017,False,42,0.0,12.870988678932186,3
Riley Nowakowski,RB,2026,2,2026,10,8,0.0,1.3527858257293701,False,49,0.0,12.369713354110711,3
Riley Nowakowski,RB,2026,2,2026,11,9,0.0,1.4457495212554932,False,56,0.0,11.351627969741793,3
Riley Nowakowski,RB,2026,2,2026,12,10,0.0,1.5346304178237915,False,63,0.0,10.805602788925171,3
Riley Nowakowski,RB,2026,2,2026,13,11,0.0,1.6707803010940552,False,70,0.0,10.673424696922293,3
Riley Nowakowski,RB,2026,2,2026,14,12,0.0,1.7719179391860962,False,77,0.0,10.218752789497369,3
Riley Nowakowski,RB,2026,2,2026,15,13,0.0,1.9006174802780151,False,84,0.0,9.547605967521658,3
Riley Nowakowski,RB,2026,2,2026,16,14,0.0,2.0141682624816895,False,91,0.0,7.627347588539117,3
Riley Nowakowski,RB,2026,2,2026,17,15,0.0,2.0947000980377197,False,98,0.0,5.699194002151448,3
Roman Wilson,WR,2026,2,2026,3,1,0.0,4.1105570793151855,False,0,0.0,18.82631702423094,3
Roman Wilson,WR,2026,2,2026,4,2,0.0,3.812267303466797,False,7,0.0,17.973579788208,3
Roman Wilson,WR,2026,2,2026,5,3,0.0,3.91848087310791,False,14,0.0,17.447710132598868,3
Roman Wilson,WR,2026,2,2026,6,4,0.0,4.0297346115112305,False,21,0.0,17.581287097930897,3
Roman Wilson,WR,2026,2,2026,7,5,0.0,4.157516956329346,False,28,0.0,17.10050957202911,3
Roman Wilson,WR,2026,2,2026,8,6,0.0,4.42532205581665,False,35,0.0,16.642014026641842,3
Roman Wilson,WR,2026,2,2026,9,7,0.0,4.7943501472473145,False,42,0.0,16.4079062461853,3
Roman Wilson,WR,2026,2,2026,10,8,0.0,5.290190696716309,False,49,0.0,16.30711822509765,3
Roman Wilson,WR,2026,2,2026,11,9,0.0,5.796812057495117,False,56,0.0,15.702690505981417,3
Roman Wilson,WR,2026,2,2026,12,10,0.0,6.3634161949157715,False,63,0.0,15.63438856601715,3
Roman Wilson,WR,2026,2,2026,13,11,0.0,6.93540096282959,False,70,0.0,15.938045358657828,3
Roman Wilson,WR,2026,2,2026,14,12,0.0,7.384789943695068,False,77,0.0,15.831624794006341,3
Roman Wilson,WR,2026,2,2026,15,13,0.0,7.637561798095703,False,84,0.0,15.284550285339346,3
Roman Wilson,WR,2026,2,2026,16,14,0.0,7.723745822906494,False,91,0.0,13.336925148963921,3
Roman Wilson,WR,2026,2,2026,17,15,0.0,7.689049243927002,False,98,0.0,11.29354314804073,3
Rome Odunze,WR,2026,2,2026,3,1,0.0,9.813965797424316,False,0,0.0,24.52972574234007,3
Rome Odunze,WR,2026,2,2026,4,2,0.0,9.768906593322754,False,7,0.0,23.930219078063956,3
Rome Odunze,WR,2026,2,2026,5,3,0.0,9.584410667419434,False,14,0.0,23.11363992691039,3
Rome Odunze,WR,2026,2,2026,6,4,0.0,9.47376537322998,False,21,0.0,23.025317859649647,3
Rome Odunze,WR,2026,2,2026,7,5,0.0,9.323502540588379,False,28,0.0,22.266495156288144,3
Rome Odunze,WR,2026,2,2026,8,6,0.0,8.944697380065918,False,35,0.0,21.16138935089111,3
Rome Odunze,WR,2026,2,2026,9,7,0.0,8.467304229736328,False,42,0.0,20.080860328674312,3
Rome Odunze,WR,2026,2,2026,10,8,0.0,8.005311012268066,False,49,0.0,19.022238540649408,3
Rome Odunze,WR,2026,2,2026,11,9,0.0,7.500988006591797,False,56,0.0,17.406866455078095,3
Rome Odunze,WR,2026,2,2026,12,10,0.0,7.044209003448486,False,63,0.0,16.315181374549866,3
Rome Odunze,WR,2026,2,2026,13,11,0.0,6.656538009643555,False,70,0.0,15.659182405471793,3
Rome Odunze,WR,2026,2,2026,14,12,0.0,6.380254745483398,False,77,0.0,14.827089595794671,3
Rome Odunze,WR,2026,2,2026,15,13,0.0,6.110892295837402,False,84,0.0,13.757880783081045,3
Rome Odunze,WR,2026,2,2026,16,14,0.0,5.921151638031006,False,91,0.0,11.534330964088433,3
Rome Odunze,WR,2026,2,2026,17,15,0.0,5.787648677825928,False,98,0.0,9.392142581939655,3
Romeo Doubs,WR,2026,2,2026,3,1,0.0,12.684426307678223,False,0,1.5858108520507805,27.400186252593976,3
Romeo Doubs,WR,2026,2,2026,4,2,0.0,12.64795970916748,False,7,0.0,26.809272193908683,3
Romeo Doubs,WR,2026,2,2026,5,3,0.0,12.766624450683594,False,14,0.0,26.29585371017455,3
Romeo Doubs,WR,2026,2,2026,6,4,0.0,12.990250587463379,False,21,0.0,26.541803073883045,3
Romeo Doubs,WR,2026,2,2026,7,5,0.0,13.35706615447998,False,28,0.0,26.300058770179746,3
Romeo Doubs,WR,2026,2,2026,8,6,0.0,13.7568941116333,False,35,0.0,25.973586082458493,3
Romeo Doubs,WR,2026,2,2026,9,7,0.0,14.035908699035645,False,42,0.0,25.64946479797363,3
Romeo Doubs,WR,2026,2,2026,10,8,0.0,14.15771198272705,False,49,0.0,25.174639511108392,3
Romeo Doubs,WR,2026,2,2026,11,9,0.0,14.14799690246582,False,56,0.0,24.05387535095212,3
Romeo Doubs,WR,2026,2,2026,12,10,0.0,14.114716529846191,False,63,0.0,23.38568890094757,3
Romeo Doubs,WR,2026,2,2026,13,11,0.0,14.09097957611084,False,70,0.0,23.093623971939078,3
Romeo Doubs,WR,2026,2,2026,14,12,0.0,14.061388969421387,False,77,0.0,22.50822381973266,3
Romeo Doubs,WR,2026,2,2026,15,13,0.0,13.994699478149414,False,84,0.0,21.641687965393057,3
Romeo Doubs,WR,2026,2,2026,16,14,0.0,13.919328689575195,False,91,0.0,19.532508015632622,3
Romeo Doubs,WR,2026,2,2026,17,15,0.0,13.83423137664795,False,98,0.0,17.438725280761677,3
Ronnie Rivers,RB,2026,2,2026,3,1,0.0,0.9132595658302307,False,0,0.0,15.629019510745984,3
Ronnie Rivers,RB,2026,2,2026,4,2,0.0,0.6664970517158508,False,7,0.0,14.827809536457055,3
Ronnie Rivers,RB,2026,2,2026,5,3,0.0,0.7851004004478455,False,14,0.0,14.314329659938803,3
Ronnie Rivers,RB,2026,2,2026,6,4,0.0,0.9155846834182739,False,21,0.0,14.467137169837939,3
Ronnie Rivers,RB,2026,2,2026,7,5,0.0,0.9815998673439026,False,28,0.0,13.924592483043668,3
Ronnie Rivers,RB,2026,2,2026,8,6,0.0,1.0893179178237915,False,35,0.0,13.306009888648983,3
Ronnie Rivers,RB,2026,2,2026,9,7,0.0,1.2043029069900513,False,42,0.0,12.817859005928035,3
Ronnie Rivers,RB,2026,2,2026,10,8,0.0,1.332137107849121,False,49,0.0,12.349064636230462,3
Ronnie Rivers,RB,2026,2,2026,11,9,0.0,1.4592965841293335,False,56,0.0,11.365175032615634,3
Ronnie Rivers,RB,2026,2,2026,12,10,0.0,1.5909931659698486,False,63,0.0,10.861965537071228,3
Ronnie Rivers,RB,2026,2,2026,13,11,0.0,1.7830761671066284,False,70,0.0,10.785720562934866,3
Ronnie Rivers,RB,2026,2,2026,14,12,0.0,1.950679063796997,False,77,0.0,10.39751391410827,3
Ronnie Rivers,RB,2026,2,2026,15,13,0.0,2.160196304321289,False,84,0.0,9.807184791564932,3
Ronnie Rivers,RB,2026,2,2026,16,14,0.0,2.3634462356567383,False,91,0.0,7.976625561714166,3
Ronnie Rivers,RB,2026,2,2026,17,15,0.0,2.5383005142211914,False,98,0.0,6.14279441833492,3
Roschon Johnson,RB,2026,2,2026,3,1,0.0,1.3816994428634644,False,0,0.0,16.097459387779217,3
Roschon Johnson,RB,2026,2,2026,4,2,0.0,1.2243266105651855,False,7,0.0,15.38563909530639,3
Roschon Johnson,RB,2026,2,2026,5,3,0.0,1.3095728158950806,False,14,0.0,14.838802075386038,3
Roschon Johnson,RB,2026,2,2026,6,4,0.0,1.4003326892852783,False,21,0.0,14.951885175704943,3
Roschon Johnson,RB,2026,2,2026,7,5,0.0,1.43372642993927,False,28,0.0,14.376719045639035,3
Roschon Johnson,RB,2026,2,2026,8,6,0.0,1.482847809791565,False,35,0.0,13.699539780616757,3
Roschon Johnson,RB,2026,2,2026,9,7,0.0,1.5151666402816772,False,42,0.0,13.128722739219661,3
Roschon Johnson,RB,2026,2,2026,10,8,0.0,1.5419803857803345,False,49,0.0,12.558907914161676,3
Roschon Johnson,RB,2026,2,2026,11,9,0.0,1.5400663614273071,False,56,0.0,11.445944809913607,3
Roschon Johnson,RB,2026,2,2026,12,10,0.0,1.5125690698623657,False,63,0.0,10.783541440963745,3
Roschon Johnson,RB,2026,2,2026,13,11,0.0,1.513684868812561,False,70,0.0,10.516329264640799,3
Roschon Johnson,RB,2026,2,2026,14,12,0.0,1.5012686252593994,False,77,0.0,9.948103475570672,3
Roschon Johnson,RB,2026,2,2026,15,13,0.0,1.5054882764816284,False,84,0.0,9.152476763725272,3
Roschon Johnson,RB,2026,2,2026,16,14,0.0,1.5294162034988403,False,91,0.0,7.142595529556268,3
Roschon Johnson,RB,2026,2,2026,17,15,0.0,1.5626009702682495,False,98,0.0,5.167094874381978,3
Ryan Flournoy,WR,2026,2,2026,3,1,0.0,4.013742923736572,False,0,0.0,18.729502868652325,3
Ryan Flournoy,WR,2026,2,2026,4,2,0.0,3.6245265007019043,False,7,0.0,17.785838985443107,3
Ryan Flournoy,WR,2026,2,2026,5,3,0.0,3.744555950164795,False,14,0.0,17.273785209655752,3
Ryan Flournoy,WR,2026,2,2026,6,4,0.0,3.882359266281128,False,21,0.0,17.433911752700794,3
Ryan Flournoy,WR,2026,2,2026,7,5,0.0,4.108036518096924,False,28,0.0,17.05102913379669,3
Ryan Flournoy,WR,2026,2,2026,8,6,0.0,4.530507564544678,False,35,0.0,16.74719953536987,3
Ryan Flournoy,WR,2026,2,2026,9,7,0.0,5.075244903564453,False,42,0.0,16.688801002502437,3
Ryan Flournoy,WR,2026,2,2026,10,8,0.0,5.796773433685303,False,49,0.0,16.813700962066644,3
Ryan Flournoy,WR,2026,2,2026,11,9,0.0,6.577225208282471,False,56,0.0,16.48310365676877,3
Ryan Flournoy,WR,2026,2,2026,12,10,0.0,7.504011631011963,False,63,0.0,16.774984002113342,3
Ryan Flournoy,WR,2026,2,2026,13,11,0.0,8.41296100616455,False,70,0.0,17.41560540199279,3
Ryan Flournoy,WR,2026,2,2026,14,12,0.0,9.097521781921387,False,77,0.0,17.54435663223266,3
Ryan Flournoy,WR,2026,2,2026,15,13,0.0,9.448512077331543,False,84,0.0,17.095500564575186,3
Ryan Flournoy,WR,2026,2,2026,16,14,0.0,9.57414722442627,False,91,0.0,15.187326550483697,3
Ryan Flournoy,WR,2026,2,2026,17,15,0.0,9.559829711914062,False,98,0.0,13.16432361602779,3
Ryan Miller,WR,2026,2,2026,3,1,0.0,1.2488536834716797,False,0,0.0,15.964613628387433,3
Ryan Miller,WR,2026,2,2026,4,2,0.0,1.1170156002044678,False,7,0.0,15.278328084945672,3
Ryan Miller,WR,2026,2,2026,5,3,0.0,1.2132352590560913,False,14,0.0,14.742464518547049,3
Ryan Miller,WR,2026,2,2026,6,4,0.0,1.3101614713668823,False,21,0.0,14.861713957786547,3
Ryan Miller,WR,2026,2,2026,7,5,0.0,1.3484431505203247,False,28,0.0,14.29143576622009,3
Ryan Miller,WR,2026,2,2026,8,6,0.0,1.4092615842819214,False,35,0.0,13.625953555107113,3
Ryan Miller,WR,2026,2,2026,9,7,0.0,1.461665153503418,False,42,0.0,13.075221252441402,3
Ryan Miller,WR,2026,2,2026,10,8,0.0,1.511069416999817,False,49,0.0,12.527996945381158,3
Ryan Miller,WR,2026,2,2026,11,9,0.0,1.5349490642547607,False,56,0.0,11.44082751274106,3
Ryan Miller,WR,2026,2,2026,12,10,0.0,1.5371428728103638,False,63,0.0,10.808115243911743,3
Ryan Miller,WR,2026,2,2026,13,11,0.0,1.5744751691818237,False,70,0.0,10.577119565010062,3
Ryan Miller,WR,2026,2,2026,14,12,0.0,1.5951296091079712,False,77,0.0,10.041964459419244,3
Ryan Miller,WR,2026,2,2026,15,13,0.0,1.6307919025421143,False,84,0.0,9.277780389785757,3
Ryan Miller,WR,2026,2,2026,16,14,0.0,1.678643822669983,False,91,0.0,7.291823148727411,3
Ryan Miller,WR,2026,2,2026,17,15,0.0,1.727439284324646,False,98,0.0,5.3319331884383745,3
Samaje Perine,RB,2026,2,2026,3,1,0.0,8.775639533996582,False,0,0.0,23.491399478912335,3
Samaje Perine,RB,2026,2,2026,4,2,0.0,8.80272388458252,False,7,0.0,22.964036369323722,3
Samaje Perine,RB,2026,2,2026,5,3,0.0,9.044787406921387,False,14,0.0,22.574016666412344,3
Samaje Perine,RB,2026,2,2026,6,4,0.0,9.393515586853027,False,21,0.0,22.945068073272694,3
Samaje Perine,RB,2026,2,2026,7,5,0.0,9.674216270446777,False,28,0.0,22.617208886146543,3
Samaje Perine,RB,2026,2,2026,8,6,0.0,9.700411796569824,False,35,0.0,21.917103767395016,3
Samaje Perine,RB,2026,2,2026,9,7,0.0,9.52864933013916,False,42,0.0,21.142205429077144,3
Samaje Perine,RB,2026,2,2026,10,8,0.0,9.274218559265137,False,49,0.0,20.291146087646478,3
Samaje Perine,RB,2026,2,2026,11,9,0.0,8.884810447692871,False,56,0.0,18.79068889617917,3
Samaje Perine,RB,2026,2,2026,12,10,0.0,8.485252380371094,False,63,0.0,17.756224751472473,3
Samaje Perine,RB,2026,2,2026,13,11,0.0,8.115996360778809,False,70,0.0,17.118640756607046,3
Samaje Perine,RB,2026,2,2026,14,12,0.0,7.812110424041748,False,77,0.0,16.25894527435302,3
Samaje Perine,RB,2026,2,2026,15,13,0.0,7.501162052154541,False,84,0.0,15.148150539398184,3
Samaje Perine,RB,2026,2,2026,16,14,0.0,7.2567620277404785,False,91,0.0,12.869941353797905,3
Samaje Perine,RB,2026,2,2026,17,15,0.0,7.051025390625,False,98,0.0,10.655519294738728,3
Saquon Barkley,RB,2026,2,2026,3,1,0.0,15.989472389221191,False,0,4.890856933593749,30.705232334136944,3
Saquon Barkley,RB,2026,2,2026,4,2,0.0,16.20256805419922,False,7,2.535273838043212,30.36388053894042,3
Saquon Barkley,RB,2026,2,2026,5,3,0.0,16.186452865600586,False,14,2.05886754989624,29.715682125091543,3
Saquon Barkley,RB,2026,2,2026,6,4,0.0,16.22220802307129,False,21,1.9344537734985359,29.773760509490955,3
Saquon Barkley,RB,2026,2,2026,7,5,0.0,16.14165687561035,False,28,1.703206634521484,29.084649491310117,3
Saquon Barkley,RB,2026,2,2026,8,6,0.0,15.941544532775879,False,35,1.4081433296203603,28.15823650360107,3
Saquon Barkley,RB,2026,2,2026,9,7,0.0,15.72145938873291,False,42,1.115806674957275,27.335015487670894,3
Saquon Barkley,RB,2026,2,2026,10,8,0.0,15.530777931213379,False,49,0.8753296852111809,26.54770545959472,3
Saquon Barkley,RB,2026,2,2026,11,9,0.0,15.322192192077637,False,56,0.6203751564025897,25.228070640563935,3
Saquon Barkley,RB,2026,2,2026,12,10,0.0,15.185166358947754,False,63,0.42043943405151474,24.456138730049133,3
Saquon Barkley,RB,2026,2,2026,13,11,0.0,15.114212989807129,False,70,0.30293931961059606,24.116857385635367,3
Saquon Barkley,RB,2026,2,2026,14,12,0.0,15.054296493530273,False,77,0.21149148941040075,23.501131343841546,3
Saquon Barkley,RB,2026,2,2026,15,13,0.0,14.973831176757812,False,84,0.12123365402221609,22.620819664001456,3
Saquon Barkley,RB,2026,2,2026,16,14,0.0,14.858624458312988,False,91,0.0,20.471803784370415,3
Saquon Barkley,RB,2026,2,2026,17,15,0.0,14.754483222961426,False,98,0.0,18.358977127075153,3
Sean Tucker,RB,2026,2,2026,3,1,0.0,5.464462757110596,False,0,0.0,20.18022270202635,3
Sean Tucker,RB,2026,2,2026,4,2,0.0,5.140034198760986,False,7,0.0,19.30134668350219,3
Sean Tucker,RB,2026,2,2026,5,3,0.0,5.03185510635376,False,14,0.0,18.561084365844717,3
Sean Tucker,RB,2026,2,2026,6,4,0.0,4.982642650604248,False,21,0.0,18.534195137023914,3
Sean Tucker,RB,2026,2,2026,7,5,0.0,4.912851810455322,False,28,0.0,17.855844426155087,3
Sean Tucker,RB,2026,2,2026,8,6,0.0,4.794654369354248,False,35,0.0,17.01134634017944,3
Sean Tucker,RB,2026,2,2026,9,7,0.0,4.674529552459717,False,42,0.0,16.2880856513977,3
Sean Tucker,RB,2026,2,2026,10,8,0.0,4.5698747634887695,False,49,0.0,15.58680229187011,3
Sean Tucker,RB,2026,2,2026,11,9,0.0,4.365464687347412,False,56,0.0,14.271343135833712,3
Sean Tucker,RB,2026,2,2026,12,10,0.0,4.061441898345947,False,63,0.0,13.332414269447327,3
Sean Tucker,RB,2026,2,2026,13,11,0.0,3.760613441467285,False,70,0.0,12.763257837295523,3
Sean Tucker,RB,2026,2,2026,14,12,0.0,3.537353515625,False,77,0.0,11.984188365936273,3
Sean Tucker,RB,2026,2,2026,15,13,0.0,3.331752061843872,False,84,0.0,10.978740549087515,3
Sean Tucker,RB,2026,2,2026,16,14,0.0,3.202462673187256,False,91,0.0,8.815641999244683,3
Sean Tucker,RB,2026,2,2026,17,15,0.0,3.143632411956787,False,98,0.0,6.748126316070516,3
Seth McGowan,RB,2026,2,2026,3,1,0.0,1.3670021295547485,False,0,0.0,16.0827620744705,3
Seth McGowan,RB,2026,2,2026,4,2,0.0,1.0671145915985107,False,7,0.0,15.228427076339715,3
Seth McGowan,RB,2026,2,2026,5,3,0.0,1.102354884147644,False,14,0.0,14.631584143638602,3
Seth McGowan,RB,2026,2,2026,6,4,0.0,1.1556802988052368,False,21,0.0,14.707232785224901,3
Seth McGowan,RB,2026,2,2026,7,5,0.0,1.172598123550415,False,28,0.0,14.11559073925018,3
Seth McGowan,RB,2026,2,2026,8,6,0.0,1.2346290349960327,False,35,0.0,13.451321005821224,3
Seth McGowan,RB,2026,2,2026,9,7,0.0,1.3061716556549072,False,42,0.0,12.919727754592891,3
Seth McGowan,RB,2026,2,2026,10,8,0.0,1.394550085067749,False,49,0.0,12.41147761344909,3
Seth McGowan,RB,2026,2,2026,11,9,0.0,1.4751750230789185,False,56,0.0,11.381053471565219,3
Seth McGowan,RB,2026,2,2026,12,10,0.0,1.5464668273925781,False,63,0.0,10.817439198493958,3
Seth McGowan,RB,2026,2,2026,13,11,0.0,1.6595791578292847,False,70,0.0,10.662223553657523,3
Seth McGowan,RB,2026,2,2026,14,12,0.0,1.738413691520691,False,77,0.0,10.185248541831964,3
Seth McGowan,RB,2026,2,2026,15,13,0.0,1.840955138206482,False,84,0.0,9.487943625450125,3
Seth McGowan,RB,2026,2,2026,16,14,0.0,1.9297467470169067,False,91,0.0,7.542926073074335,3
Seth McGowan,RB,2026,2,2026,17,15,0.0,1.99063241481781,False,98,0.0,5.595126318931539,3
Simi Fehoko,WR,2026,2,2026,3,1,0.0,1.4332751035690308,False,0,0.0,16.149035048484784,3
Simi Fehoko,WR,2026,2,2026,4,2,0.0,1.2660688161849976,False,7,0.0,15.427381300926202,3
Simi Fehoko,WR,2026,2,2026,5,3,0.0,1.3952451944351196,False,14,0.0,14.924474453926077,3
Simi Fehoko,WR,2026,2,2026,6,4,0.0,1.5139148235321045,False,21,0.0,15.065467309951769,3
Simi Fehoko,WR,2026,2,2026,7,5,0.0,1.5657044649124146,False,28,0.0,14.50869708061218,3
Simi Fehoko,WR,2026,2,2026,8,6,0.0,1.6480934619903564,False,35,0.0,13.864785432815548,3
Simi Fehoko,WR,2026,2,2026,9,7,0.0,1.7308299541473389,False,42,0.0,13.344386053085323,3
Simi Fehoko,WR,2026,2,2026,10,8,0.0,1.820873498916626,False,49,0.0,12.837801027297967,3
Simi Fehoko,WR,2026,2,2026,11,9,0.0,1.8887842893600464,False,56,0.0,11.794662737846346,3
Simi Fehoko,WR,2026,2,2026,12,10,0.0,1.9415260553359985,False,63,0.0,11.212498426437378,3
Simi Fehoko,WR,2026,2,2026,13,11,0.0,2.0410611629486084,False,70,0.0,11.043705558776846,3
Simi Fehoko,WR,2026,2,2026,14,12,0.0,2.1177127361297607,False,77,0.0,10.564547586441034,3
Simi Fehoko,WR,2026,2,2026,15,13,0.0,2.210824489593506,False,84,0.0,9.857812976837149,3
Simi Fehoko,WR,2026,2,2026,16,14,0.0,2.302797317504883,False,91,0.0,7.915976643562311,3
Simi Fehoko,WR,2026,2,2026,17,15,0.0,2.3829100131988525,False,98,0.0,5.987403917312581,3
Sione Vaki,RB,2026,2,2026,3,1,0.0,0.4883735179901123,False,0,0.0,15.204133462905865,3
Sione Vaki,RB,2026,2,2026,4,2,0.0,0.3154256343841553,False,7,0.0,14.47673811912536,3
Sione Vaki,RB,2026,2,2026,5,3,0.0,0.41535812616348267,False,14,0.0,13.94458738565444,3
Sione Vaki,RB,2026,2,2026,6,4,0.0,0.5438785552978516,False,21,0.0,14.095431041717516,3
Sione Vaki,RB,2026,2,2026,7,5,0.0,0.6077264547348022,False,28,0.0,13.550719070434567,3
Sione Vaki,RB,2026,2,2026,8,6,0.0,0.6928565502166748,False,35,0.0,12.909548521041867,3
Sione Vaki,RB,2026,2,2026,9,7,0.0,0.7719605565071106,False,42,0.0,12.385516655445095,3
Sione Vaki,RB,2026,2,2026,10,8,0.0,0.8392093777656555,False,49,0.0,11.856136906146997,3
Sione Vaki,RB,2026,2,2026,11,9,0.0,0.8965663313865662,False,56,0.0,10.802444779872866,3
Sione Vaki,RB,2026,2,2026,12,10,0.0,0.9226866960525513,False,63,0.0,10.19365906715393,3
Sione Vaki,RB,2026,2,2026,13,11,0.0,0.9827328324317932,False,70,0.0,9.985377228260031,3
Sione Vaki,RB,2026,2,2026,14,12,0.0,1.027781367301941,False,77,0.0,9.474616217613214,3
Sione Vaki,RB,2026,2,2026,15,13,0.0,1.0868260860443115,False,84,0.0,8.733814573287955,3
Sione Vaki,RB,2026,2,2026,16,14,0.0,1.1559264659881592,False,91,0.0,6.769105792045587,3
Sione Vaki,RB,2026,2,2026,17,15,0.0,1.2165849208831787,False,98,0.0,4.821078824996907,3
Skyler Bell,WR,2026,2,2026,3,1,0.0,1.5742043256759644,False,0,0.0,16.289964270591717,3
Skyler Bell,WR,2026,2,2026,4,2,0.0,1.205216407775879,False,7,0.0,15.366528892517083,3
Skyler Bell,WR,2026,2,2026,5,3,0.0,1.2487163543701172,False,14,0.0,14.777945613861075,3
Skyler Bell,WR,2026,2,2026,6,4,0.0,1.3034166097640991,False,21,0.0,14.854969096183764,3
Skyler Bell,WR,2026,2,2026,7,5,0.0,1.3243664503097534,False,28,0.0,14.267359066009519,3
Skyler Bell,WR,2026,2,2026,8,6,0.0,1.3992161750793457,False,35,0.0,13.615908145904537,3
Skyler Bell,WR,2026,2,2026,9,7,0.0,1.4910643100738525,False,42,0.0,13.104620409011837,3
Skyler Bell,WR,2026,2,2026,10,8,0.0,1.6119375228881836,False,49,0.0,12.628865051269525,3
Skyler Bell,WR,2026,2,2026,11,9,0.0,1.7318814992904663,False,56,0.0,11.637759947776766,3
Skyler Bell,WR,2026,2,2026,12,10,0.0,1.8575624227523804,False,63,0.0,11.12853479385376,3
Skyler Bell,WR,2026,2,2026,13,11,0.0,2.034559488296509,False,70,0.0,11.037203884124747,3
Skyler Bell,WR,2026,2,2026,14,12,0.0,2.1716537475585938,False,77,0.0,10.618488597869867,3
Skyler Bell,WR,2026,2,2026,15,13,0.0,2.338336944580078,False,84,0.0,9.985325431823721,3
Skyler Bell,WR,2026,2,2026,16,14,0.0,2.478667736053467,False,91,0.0,8.091847062110894,3
Skyler Bell,WR,2026,2,2026,17,15,0.0,2.574141502380371,False,98,0.0,6.1786354064941,3
Skyy Moore,WR,2026,2,2026,3,1,0.0,1.15513014793396,False,0,0.0,15.870890092849713,3
Skyy Moore,WR,2026,2,2026,4,2,0.0,0.9313039779663086,False,7,0.0,15.092616462707513,3
Skyy Moore,WR,2026,2,2026,5,3,0.0,1.046781301498413,False,14,0.0,14.57601056098937,3
Skyy Moore,WR,2026,2,2026,6,4,0.0,1.163992166519165,False,21,0.0,14.71554465293883,3
Skyy Moore,WR,2026,2,2026,7,5,0.0,1.2176563739776611,False,28,0.0,14.160648989677426,3
Skyy Moore,WR,2026,2,2026,8,6,0.0,1.3125325441360474,False,35,0.0,13.52922451496124,3
Skyy Moore,WR,2026,2,2026,9,7,0.0,1.4169024229049683,False,42,0.0,13.030458521842952,3
Skyy Moore,WR,2026,2,2026,10,8,0.0,1.5338345766067505,False,49,0.0,12.550762104988092,3
Skyy Moore,WR,2026,2,2026,11,9,0.0,1.641215205192566,False,56,0.0,11.547093653678866,3
Skyy Moore,WR,2026,2,2026,12,10,0.0,1.7405232191085815,False,63,0.0,11.011495590209961,3
Skyy Moore,WR,2026,2,2026,13,11,0.0,1.8918002843856812,False,70,0.0,10.894444680213919,3
Skyy Moore,WR,2026,2,2026,14,12,0.0,2.020143985748291,False,77,0.0,10.466978836059564,3
Skyy Moore,WR,2026,2,2026,15,13,0.0,2.1758222579956055,False,84,0.0,9.822810745239249,3
Skyy Moore,WR,2026,2,2026,16,14,0.0,2.323352336883545,False,91,0.0,7.936531662940973,3
Skyy Moore,WR,2026,2,2026,17,15,0.0,2.4451756477355957,False,98,0.0,6.049669551849324,3
Stefon Diggs,WR,2026,2,2026,3,1,0.0,10.888599395751953,False,0,0.0,25.604359340667706,3
Stefon Diggs,WR,2026,2,2026,4,2,0.0,10.844910621643066,False,7,0.0,25.00622310638427,3
Stefon Diggs,WR,2026,2,2026,5,3,0.0,10.813511848449707,False,14,0.0,24.342741107940665,3
Stefon Diggs,WR,2026,2,2026,6,4,0.0,10.913973808288574,False,21,0.0,24.46552629470824,3
Stefon Diggs,WR,2026,2,2026,7,5,0.0,11.084129333496094,False,28,0.0,24.02712194919586,3
Stefon Diggs,WR,2026,2,2026,8,6,0.0,10.997517585754395,False,35,0.0,23.214209556579586,3
Stefon Diggs,WR,2026,2,2026,9,7,0.0,10.805035591125488,False,42,0.0,22.418591690063472,3
Stefon Diggs,WR,2026,2,2026,10,8,0.0,10.642426490783691,False,49,0.0,21.659354019165033,3
Stefon Diggs,WR,2026,2,2026,11,9,0.0,10.437005043029785,False,56,0.0,20.342883491516083,3
Stefon Diggs,WR,2026,2,2026,12,10,0.0,10.247445106506348,False,63,0.0,19.518417477607727,3
Stefon Diggs,WR,2026,2,2026,13,11,0.0,10.09822940826416,False,70,0.0,19.100873804092398,3
Stefon Diggs,WR,2026,2,2026,14,12,0.0,9.9902982711792,False,77,0.0,18.437133121490472,3
Stefon Diggs,WR,2026,2,2026,15,13,0.0,9.841240882873535,False,84,0.0,17.48822937011718,3
Stefon Diggs,WR,2026,2,2026,16,14,0.0,9.730118751525879,False,91,0.0,15.343298077583306,3
Stefon Diggs,WR,2026,2,2026,17,15,0.0,9.620311737060547,False,98,0.0,13.224805641174274,3
Tahj Brooks,RB,2026,2,2026,3,1,0.0,1.172958493232727,False,0,0.0,15.88871843814848,3
Tahj Brooks,RB,2026,2,2026,4,2,0.0,0.9819316267967224,False,7,0.0,15.143244111537927,3
Tahj Brooks,RB,2026,2,2026,5,3,0.0,1.1135762929916382,False,14,0.0,14.642805552482596,3
Tahj Brooks,RB,2026,2,2026,6,4,0.0,1.2423557043075562,False,21,0.0,14.79390819072722,3
Tahj Brooks,RB,2026,2,2026,7,5,0.0,1.3033305406570435,False,28,0.0,14.246323156356809,3
Tahj Brooks,RB,2026,2,2026,8,6,0.0,1.3999325037002563,False,35,0.0,13.616624474525448,3
Tahj Brooks,RB,2026,2,2026,9,7,0.0,1.500056266784668,False,42,0.0,13.113612365722652,3
Tahj Brooks,RB,2026,2,2026,10,8,0.0,1.6081602573394775,False,49,0.0,12.625087785720819,3
Tahj Brooks,RB,2026,2,2026,11,9,0.0,1.701712727546692,False,56,0.0,11.607591176032992,3
Tahj Brooks,RB,2026,2,2026,12,10,0.0,1.7820268869400024,False,63,0.0,11.052999258041382,3
Tahj Brooks,RB,2026,2,2026,13,11,0.0,1.9134448766708374,False,70,0.0,10.916089272499075,3
Tahj Brooks,RB,2026,2,2026,14,12,0.0,2.0218982696533203,False,77,0.0,10.468733119964593,3
Tahj Brooks,RB,2026,2,2026,15,13,0.0,2.1531388759613037,False,84,0.0,9.800127363204947,3
Tahj Brooks,RB,2026,2,2026,16,14,0.0,2.2798047065734863,False,91,0.0,7.892984032630914,3
Tahj Brooks,RB,2026,2,2026,17,15,0.0,2.387758255004883,False,98,0.0,5.992252159118611,3
Tai Felton,WR,2026,2,2026,3,1,0.0,1.0704069137573242,False,0,0.0,15.786166858673077,3
Tai Felton,WR,2026,2,2026,4,2,0.0,0.9669511914253235,False,7,0.0,15.128263676166528,3
Tai Felton,WR,2026,2,2026,5,3,0.0,1.0987818241119385,False,14,0.0,14.628011083602896,3
Tai Felton,WR,2026,2,2026,6,4,0.0,1.2216815948486328,False,21,0.0,14.773234081268297,3
Tai Felton,WR,2026,2,2026,7,5,0.0,1.2755776643753052,False,28,0.0,14.21857028007507,3
Tai Felton,WR,2026,2,2026,8,6,0.0,1.3524401187896729,False,35,0.0,13.569132089614865,3
Tai Felton,WR,2026,2,2026,9,7,0.0,1.4219822883605957,False,42,0.0,13.03553838729858,3
Tai Felton,WR,2026,2,2026,10,8,0.0,1.4889965057373047,False,49,0.0,12.505924034118646,3
Tai Felton,WR,2026,2,2026,11,9,0.0,1.534004807472229,False,56,0.0,11.439883255958529,3
Tai Felton,WR,2026,2,2026,12,10,0.0,1.5585435628890991,False,63,0.0,10.829515933990479,3
Tai Felton,WR,2026,2,2026,13,11,0.0,1.6236871480941772,False,70,0.0,10.626331543922415,3
Tai Felton,WR,2026,2,2026,14,12,0.0,1.6696900129318237,False,77,0.0,10.116524863243097,3
Tai Felton,WR,2026,2,2026,15,13,0.0,1.7299293279647827,False,84,0.0,9.376917815208426,3
Tai Felton,WR,2026,2,2026,16,14,0.0,1.797859787940979,False,91,0.0,7.411039113998407,3
Tai Felton,WR,2026,2,2026,17,15,0.0,1.861670970916748,False,98,0.0,5.4661648750304765,3
Tank Bigsby,RB,2026,2,2026,3,1,0.0,3.798372745513916,False,0,0.0,18.51413269042967,3
Tank Bigsby,RB,2026,2,2026,4,2,0.0,3.2067391872406006,False,7,0.0,17.368051671981803,3
Tank Bigsby,RB,2026,2,2026,5,3,0.0,3.0938944816589355,False,14,0.0,16.623123741149893,3
Tank Bigsby,RB,2026,2,2026,6,4,0.0,3.0528154373168945,False,21,0.0,16.60436792373656,3
Tank Bigsby,RB,2026,2,2026,7,5,0.0,3.007408618927002,False,28,0.0,15.950401234626767,3
Tank Bigsby,RB,2026,2,2026,8,6,0.0,3.032888412475586,False,35,0.0,15.249580383300778,3
Tank Bigsby,RB,2026,2,2026,9,7,0.0,3.1590304374694824,False,42,0.0,14.772586536407466,3
Tank Bigsby,RB,2026,2,2026,10,8,0.0,3.434706926345825,False,49,0.0,14.451634454727166,3
Tank Bigsby,RB,2026,2,2026,11,9,0.0,3.816781997680664,False,56,0.0,13.722660446166964,3
Tank Bigsby,RB,2026,2,2026,12,10,0.0,4.385684967041016,False,63,0.0,13.656657338142395,3
Tank Bigsby,RB,2026,2,2026,13,11,0.0,5.1572184562683105,False,70,0.0,14.159862852096548,3
Tank Bigsby,RB,2026,2,2026,14,12,0.0,6.008944034576416,False,77,0.0,14.455778884887689,3
Tank Bigsby,RB,2026,2,2026,15,13,0.0,6.791904449462891,False,84,0.0,14.438892936706534,3
Tank Bigsby,RB,2026,2,2026,16,14,0.0,7.332369327545166,False,91,0.0,12.945548653602593,3
Tank Bigsby,RB,2026,2,2026,17,15,0.0,7.519416332244873,False,98,0.0,11.1239102363586,3
Tay Martin,WR,2026,2,2026,3,1,0.0,0.5605344772338867,False,0,0.0,15.27629442214964,3
Tay Martin,WR,2026,2,2026,4,2,0.0,0.27926671504974365,False,7,0.0,14.440579199790948,3
Tay Martin,WR,2026,2,2026,5,3,0.0,0.30304837226867676,False,14,0.0,13.832277631759634,3
Tay Martin,WR,2026,2,2026,6,4,0.0,0.37750983238220215,False,21,0.0,13.929062318801867,3
Tay Martin,WR,2026,2,2026,7,5,0.0,0.4108273983001709,False,28,0.0,13.353820013999936,3
Tay Martin,WR,2026,2,2026,8,6,0.0,0.47909730672836304,False,35,0.0,12.695789277553555,3
Tay Martin,WR,2026,2,2026,9,7,0.0,0.5487550497055054,False,42,0.0,12.16231114864349,3
Tay Martin,WR,2026,2,2026,10,8,0.0,0.6116005182266235,False,49,0.0,11.628528046607965,3
Tay Martin,WR,2026,2,2026,11,9,0.0,0.6707231998443604,False,56,0.0,10.57660164833066,3
Tay Martin,WR,2026,2,2026,12,10,0.0,0.7032725214958191,False,63,0.0,9.974244892597198,3
Tay Martin,WR,2026,2,2026,13,11,0.0,0.7733427882194519,False,70,0.0,9.77598718404769,3
Tay Martin,WR,2026,2,2026,14,12,0.0,0.8251273036003113,False,77,0.0,9.271962153911584,3
Tay Martin,WR,2026,2,2026,15,13,0.0,0.902082085609436,False,84,0.0,8.54907057285308,3
Tay Martin,WR,2026,2,2026,16,14,0.0,0.9817537069320679,False,91,0.0,6.594933032989496,3
Tay Martin,WR,2026,2,2026,17,15,0.0,1.0423616170883179,False,98,0.0,4.646855521202046,3
Ted Hurst III,WR,2026,2,2026,3,1,0.0,2.9492149353027344,False,0,0.0,17.664974880218487,3
Ted Hurst III,WR,2026,2,2026,4,2,0.0,2.6668825149536133,False,7,0.0,16.828194999694816,3
Ted Hurst III,WR,2026,2,2026,5,3,0.0,2.7654576301574707,False,14,0.0,16.29468688964843,3
Ted Hurst III,WR,2026,2,2026,6,4,0.0,2.851034641265869,False,21,0.0,16.402587127685536,3
Ted Hurst III,WR,2026,2,2026,7,5,0.0,2.941185712814331,False,28,0.0,15.884178328514096,3
Ted Hurst III,WR,2026,2,2026,8,6,0.0,3.128343105316162,False,35,0.0,15.345035076141354,3
Ted Hurst III,WR,2026,2,2026,9,7,0.0,3.350411891937256,False,42,0.0,14.96396799087524,3
Ted Hurst III,WR,2026,2,2026,10,8,0.0,3.62139892578125,False,49,0.0,14.638326454162591,3
Ted Hurst III,WR,2026,2,2026,11,9,0.0,3.8485426902770996,False,56,0.0,13.7544211387634,3
Ted Hurst III,WR,2026,2,2026,12,10,0.0,4.082452297210693,False,63,0.0,13.353424668312073,3
Ted Hurst III,WR,2026,2,2026,13,11,0.0,4.322014808654785,False,70,0.0,13.324659204483023,3
Ted Hurst III,WR,2026,2,2026,14,12,0.0,4.494040489196777,False,77,0.0,12.94087533950805,3
Ted Hurst III,WR,2026,2,2026,15,13,0.0,4.613199710845947,False,84,0.0,12.26018819808959,3
Ted Hurst III,WR,2026,2,2026,16,14,0.0,4.664797306060791,False,91,0.0,10.277976632118218,3
Ted Hurst III,WR,2026,2,2026,17,15,0.0,4.66817569732666,False,98,0.0,8.272669601440388,3
Tee Higgins,WR,2026,2,2026,3,1,0.0,14.646194458007812,False,0,3.5475790023803704,29.361954402923566,3
Tee Higgins,WR,2026,2,2026,4,2,0.0,14.758872032165527,False,7,1.0915778160095204,28.92018451690673,3
Tee Higgins,WR,2026,2,2026,5,3,0.0,14.652260780334473,False,14,0.5246754646301266,28.18149003982543,3
Tee Higgins,WR,2026,2,2026,6,4,0.0,14.607905387878418,False,21,0.3201511383056648,28.159457874298084,3
Tee Higgins,WR,2026,2,2026,7,5,0.0,14.501168251037598,False,28,0.06271800994873011,27.444160866737363,3
Tee Higgins,WR,2026,2,2026,8,6,0.0,14.216353416442871,False,35,0.0,26.433045387268063,3
Tee Higgins,WR,2026,2,2026,9,7,0.0,13.925946235656738,False,42,0.0,25.539502334594722,3
Tee Higgins,WR,2026,2,2026,10,8,0.0,13.723441123962402,False,49,0.0,24.740368652343744,3
Tee Higgins,WR,2026,2,2026,11,9,0.0,13.546822547912598,False,56,0.0,23.452700996398896,3
Tee Higgins,WR,2026,2,2026,12,10,0.0,13.411246299743652,False,63,0.0,22.68221867084503,3
Tee Higgins,WR,2026,2,2026,13,11,0.0,13.314370155334473,False,70,0.0,22.31701455116271,3
Tee Higgins,WR,2026,2,2026,14,12,0.0,13.240798950195312,False,77,0.0,21.687633800506585,3
Tee Higgins,WR,2026,2,2026,15,13,0.0,13.130244255065918,False,84,0.0,20.77723274230956,3
Tee Higgins,WR,2026,2,2026,16,14,0.0,13.030282020568848,False,91,0.0,18.643461346626275,3
Tee Higgins,WR,2026,2,2026,17,15,0.0,12.951533317565918,False,98,0.0,16.556027221679646,3
Terry McLaurin,WR,2026,2,2026,3,1,0.0,9.550054550170898,False,0,0.0,24.26581449508665,3
Terry McLaurin,WR,2026,2,2026,4,2,0.0,9.635119438171387,False,7,0.0,23.79643192291259,3
Terry McLaurin,WR,2026,2,2026,5,3,0.0,10.112125396728516,False,14,0.0,23.641354656219473,3
Terry McLaurin,WR,2026,2,2026,6,4,0.0,10.57656192779541,False,21,0.0,24.128114414215077,3
Terry McLaurin,WR,2026,2,2026,7,5,0.0,10.770489692687988,False,28,0.0,23.713482308387754,3
Terry McLaurin,WR,2026,2,2026,8,6,0.0,10.636387825012207,False,35,0.0,22.8530797958374,3
Terry McLaurin,WR,2026,2,2026,9,7,0.0,10.421738624572754,False,42,0.0,22.035294723510738,3
Terry McLaurin,WR,2026,2,2026,10,8,0.0,10.283675193786621,False,49,0.0,21.300602722167962,3
Terry McLaurin,WR,2026,2,2026,11,9,0.0,10.119644165039062,False,56,0.0,20.02552261352536,3
Terry McLaurin,WR,2026,2,2026,12,10,0.0,9.992286682128906,False,63,0.0,19.263259053230286,3
Terry McLaurin,WR,2026,2,2026,13,11,0.0,9.881789207458496,False,70,0.0,18.884433603286734,3
Terry McLaurin,WR,2026,2,2026,14,12,0.0,9.781502723693848,False,77,0.0,18.22833757400512,3
Terry McLaurin,WR,2026,2,2026,15,13,0.0,9.648263931274414,False,84,0.0,17.295252418518057,3
Terry McLaurin,WR,2026,2,2026,16,14,0.0,9.522737503051758,False,91,0.0,15.135916829109185,3
Terry McLaurin,WR,2026,2,2026,17,15,0.0,9.385744094848633,False,98,0.0,12.99023799896236,3
Tetairoa McMillan,WR,2026,2,2026,3,1,0.0,13.517655372619629,False,0,2.419039916992187,28.233415317535382,3
Tetairoa McMillan,WR,2026,2,2026,4,2,0.0,13.502018928527832,False,7,0.0,27.663331413269034,3
Tetairoa McMillan,WR,2026,2,2026,5,3,0.0,13.439885139465332,False,14,0.0,26.96911439895629,3
Tetairoa McMillan,WR,2026,2,2026,6,4,0.0,13.613277435302734,False,21,0.0,27.1648299217224,3
Tetairoa McMillan,WR,2026,2,2026,7,5,0.0,13.776474952697754,False,28,0.0,26.71946756839752,3
Tetairoa McMillan,WR,2026,2,2026,8,6,0.0,13.689616203308105,False,35,0.0,25.906308174133297,3
Tetairoa McMillan,WR,2026,2,2026,9,7,0.0,13.524682998657227,False,42,0.0,25.13823909759521,3
Tetairoa McMillan,WR,2026,2,2026,10,8,0.0,13.424569129943848,False,49,0.0,24.44149665832519,3
Tetairoa McMillan,WR,2026,2,2026,11,9,0.0,13.309014320373535,False,56,0.0,23.214892768859833,3
Tetairoa McMillan,WR,2026,2,2026,12,10,0.0,13.201518058776855,False,63,0.0,22.472490429878235,3
Tetairoa McMillan,WR,2026,2,2026,13,11,0.0,13.125805854797363,False,70,0.0,22.1284502506256,3
Tetairoa McMillan,WR,2026,2,2026,14,12,0.0,13.066155433654785,False,77,0.0,21.512990283966058,3
Tetairoa McMillan,WR,2026,2,2026,15,13,0.0,12.96465015411377,False,84,0.0,20.611638641357413,3
Tetairoa McMillan,WR,2026,2,2026,16,14,0.0,12.88294792175293,False,91,0.0,18.496127247810357,3
Tetairoa McMillan,WR,2026,2,2026,17,15,0.0,12.81637954711914,False,98,0.0,16.42087345123287,3
Tez Johnson,WR,2026,2,2026,3,1,0.0,4.089707374572754,False,0,0.0,18.805467319488507,3
Tez Johnson,WR,2026,2,2026,4,2,0.0,3.872012138366699,False,7,0.0,18.0333246231079,3
Tez Johnson,WR,2026,2,2026,5,3,0.0,3.973203659057617,False,14,0.0,17.502432918548575,3
Tez Johnson,WR,2026,2,2026,6,4,0.0,4.074767112731934,False,21,0.0,17.6263195991516,3
Tez Johnson,WR,2026,2,2026,7,5,0.0,4.166048526763916,False,28,0.0,17.10904114246368,3
Tez Johnson,WR,2026,2,2026,8,6,0.0,4.33640718460083,False,35,0.0,16.553099155426022,3
Tez Johnson,WR,2026,2,2026,9,7,0.0,4.548343181610107,False,42,0.0,16.16189928054809,3
Tez Johnson,WR,2026,2,2026,10,8,0.0,4.83158540725708,False,49,0.0,15.848512935638421,3
Tez Johnson,WR,2026,2,2026,11,9,0.0,5.071349143981934,False,56,0.0,14.977227592468234,3
Tez Johnson,WR,2026,2,2026,12,10,0.0,5.336050987243652,False,63,0.0,14.607023358345032,3
Tez Johnson,WR,2026,2,2026,13,11,0.0,5.621260643005371,False,70,0.0,14.623905038833609,3
Tez Johnson,WR,2026,2,2026,14,12,0.0,5.871396541595459,False,77,0.0,14.318231391906732,3
Tez Johnson,WR,2026,2,2026,15,13,0.0,6.0605597496032715,False,84,0.0,13.707548236846915,3
Tez Johnson,WR,2026,2,2026,16,14,0.0,6.1787543296813965,False,91,0.0,11.791933655738823,3
Tez Johnson,WR,2026,2,2026,17,15,0.0,6.230851173400879,False,98,0.0,9.835345077514607,3
Tom Kennedy,WR,2026,2,2026,3,1,0.0,0.440238356590271,False,0,0.0,15.155998301506024,3
Tom Kennedy,WR,2026,2,2026,4,2,0.0,0.2715732455253601,False,7,0.0,14.432885730266564,3
Tom Kennedy,WR,2026,2,2026,5,3,0.0,0.37390661239624023,False,14,0.0,13.903135871887198,3
Tom Kennedy,WR,2026,2,2026,6,4,0.0,0.5033242106437683,False,21,0.0,14.054876697063433,3
Tom Kennedy,WR,2026,2,2026,7,5,0.0,0.5677933096885681,False,28,0.0,13.510785925388333,3
Tom Kennedy,WR,2026,2,2026,8,6,0.0,0.6526849269866943,False,35,0.0,12.869376897811886,3
Tom Kennedy,WR,2026,2,2026,9,7,0.0,0.7312987446784973,False,42,0.0,12.344854843616481,3
Tom Kennedy,WR,2026,2,2026,10,8,0.0,0.7972425222396851,False,49,0.0,11.814170050621026,3
Tom Kennedy,WR,2026,2,2026,11,9,0.0,0.8536823987960815,False,56,0.0,10.759560847282382,3
Tom Kennedy,WR,2026,2,2026,12,10,0.0,0.879045307636261,False,63,0.0,10.15001767873764,3
Tom Kennedy,WR,2026,2,2026,13,11,0.0,0.9377322196960449,False,70,0.0,9.940376615524283,3
Tom Kennedy,WR,2026,2,2026,14,12,0.0,0.9816015958786011,False,77,0.0,9.428436446189874,3
Tom Kennedy,WR,2026,2,2026,15,13,0.0,1.0391567945480347,False,84,0.0,8.686145281791678,3
Tom Kennedy,WR,2026,2,2026,16,14,0.0,1.106864094734192,False,91,0.0,6.72004342079162,3
Tom Kennedy,WR,2026,2,2026,17,15,0.0,1.1654696464538574,False,98,0.0,4.769963550567586,3
Tony Pollard,RB,2026,2,2026,3,1,0.0,10.835816383361816,False,0,0.0,25.55157632827757,3
Tony Pollard,RB,2026,2,2026,4,2,0.0,10.644381523132324,False,7,0.0,24.805694007873527,3
Tony Pollard,RB,2026,2,2026,5,3,0.0,10.821969985961914,False,14,0.0,24.35119924545287,3
Tony Pollard,RB,2026,2,2026,6,4,0.0,10.957061767578125,False,21,0.0,24.50861425399779,3
Tony Pollard,RB,2026,2,2026,7,5,0.0,11.0349760055542,False,28,0.0,23.977968621253964,3
Tony Pollard,RB,2026,2,2026,8,6,0.0,11.208327293395996,False,35,0.0,23.425019264221188,3
Tony Pollard,RB,2026,2,2026,9,7,0.0,11.778396606445312,False,42,0.0,23.391952705383297,3
Tony Pollard,RB,2026,2,2026,10,8,0.0,12.336470603942871,False,49,0.0,23.353398132324212,3
Tony Pollard,RB,2026,2,2026,11,9,0.0,12.651143074035645,False,56,0.0,22.557021522521943,3
Tony Pollard,RB,2026,2,2026,12,10,0.0,12.818626403808594,False,63,0.0,22.089598774909973,3
Tony Pollard,RB,2026,2,2026,13,11,0.0,12.903471946716309,False,70,0.0,21.906116342544546,3
Tony Pollard,RB,2026,2,2026,14,12,0.0,12.960901260375977,False,77,0.0,21.40773611068725,3
Tony Pollard,RB,2026,2,2026,15,13,0.0,12.986265182495117,False,84,0.0,20.63325366973876,3
Tony Pollard,RB,2026,2,2026,16,14,0.0,12.998778343200684,False,91,0.0,18.61195766925811,3
Tony Pollard,RB,2026,2,2026,17,15,0.0,12.981854438781738,False,98,0.0,16.586348342895466,3
Tory Horton,WR,2026,2,2026,3,1,0.0,2.416471481323242,False,0,0.0,17.132231426238995,3
Tory Horton,WR,2026,2,2026,4,2,0.0,2.0687415599823,False,7,0.0,16.230054044723502,3
Tory Horton,WR,2026,2,2026,5,3,0.0,2.1860861778259277,False,14,0.0,15.715315437316885,3
Tory Horton,WR,2026,2,2026,6,4,0.0,2.282374620437622,False,21,0.0,15.833927106857287,3
Tory Horton,WR,2026,2,2026,7,5,0.0,2.349454402923584,False,28,0.0,15.29244701862335,3
Tory Horton,WR,2026,2,2026,8,6,0.0,2.496575117111206,False,35,0.0,14.713267087936398,3
Tory Horton,WR,2026,2,2026,9,7,0.0,2.6830172538757324,False,42,0.0,14.296573352813716,3
Tory Horton,WR,2026,2,2026,10,8,0.0,2.9386978149414062,False,49,0.0,13.955625343322748,3
Tory Horton,WR,2026,2,2026,11,9,0.0,3.2062630653381348,False,56,0.0,13.112141513824435,3
Tory Horton,WR,2026,2,2026,12,10,0.0,3.5304956436157227,False,63,0.0,12.801468014717102,3
Tory Horton,WR,2026,2,2026,13,11,0.0,3.9289469718933105,False,70,0.0,12.931591367721548,3
Tory Horton,WR,2026,2,2026,14,12,0.0,4.303786754608154,False,77,0.0,12.750621604919427,3
Tory Horton,WR,2026,2,2026,15,13,0.0,4.719022274017334,False,84,0.0,12.366010761260977,3
Tory Horton,WR,2026,2,2026,16,14,0.0,5.087727069854736,False,91,0.0,10.700906395912163,3
Tory Horton,WR,2026,2,2026,17,15,0.0,5.37589168548584,False,98,0.0,8.980385589599567,3
Travis Etienne,RB,2026,2,2026,3,1,0.0,13.013659477233887,False,0,1.9150440216064446,27.72941942214964,3
Travis Etienne,RB,2026,2,2026,4,2,0.0,13.080098152160645,False,7,0.0,27.241410636901847,3
Travis Etienne,RB,2026,2,2026,5,3,0.0,12.95887279510498,False,14,0.0,26.488102054595938,3
Travis Etienne,RB,2026,2,2026,6,4,0.0,12.838570594787598,False,21,0.0,26.390123081207264,3
Travis Etienne,RB,2026,2,2026,7,5,0.0,12.658501625061035,False,28,0.0,25.6014942407608,3
Travis Etienne,RB,2026,2,2026,8,6,0.0,12.288407325744629,False,35,0.0,24.50509929656982,3
Travis Etienne,RB,2026,2,2026,9,7,0.0,11.949504852294922,False,42,0.0,23.563060951232906,3
Travis Etienne,RB,2026,2,2026,10,8,0.0,11.702362060546875,False,49,0.0,22.719289588928216,3
Travis Etienne,RB,2026,2,2026,11,9,0.0,11.458060264587402,False,56,0.0,21.3639387130737,3
Travis Etienne,RB,2026,2,2026,12,10,0.0,11.23738956451416,False,63,0.0,20.50836193561554,3
Travis Etienne,RB,2026,2,2026,13,11,0.0,11.0856351852417,False,70,0.0,20.088279581069937,3
Travis Etienne,RB,2026,2,2026,14,12,0.0,10.997703552246094,False,77,0.0,19.444538402557367,3
Travis Etienne,RB,2026,2,2026,15,13,0.0,10.849051475524902,False,84,0.0,18.496039962768545,3
Travis Etienne,RB,2026,2,2026,16,14,0.0,10.762507438659668,False,91,0.0,16.375686764717095,3
Travis Etienne,RB,2026,2,2026,17,15,0.0,10.70361328125,False,98,0.0,14.308107185363728,3
Travis Homer,RB,2026,2,2026,3,1,0.0,1.0720058679580688,False,0,0.0,15.787765812873822,3
Travis Homer,RB,2026,2,2026,4,2,0.0,0.945693850517273,False,7,0.0,15.107006335258477,3
Travis Homer,RB,2026,2,2026,5,3,0.0,1.022582769393921,False,14,0.0,14.551812028884878,3
Travis Homer,RB,2026,2,2026,6,4,0.0,1.1118360757827759,False,21,0.0,14.66338856220244,3
Travis Homer,RB,2026,2,2026,7,5,0.0,1.1437392234802246,False,28,0.0,14.08673183917999,3
Travis Homer,RB,2026,2,2026,8,6,0.0,1.1863925457000732,False,35,0.0,13.403084516525265,3
Travis Homer,RB,2026,2,2026,9,7,0.0,1.2102421522140503,False,42,0.0,12.823798251152034,3
Travis Homer,RB,2026,2,2026,10,8,0.0,1.2238489389419556,False,49,0.0,12.240776467323297,3
Travis Homer,RB,2026,2,2026,11,9,0.0,1.2136317491531372,False,56,0.0,11.119510197639437,3
Travis Homer,RB,2026,2,2026,12,10,0.0,1.1757075786590576,False,63,0.0,10.446679949760437,3
Travis Homer,RB,2026,2,2026,13,11,0.0,1.1641343832015991,False,70,0.0,10.166778779029837,3
Travis Homer,RB,2026,2,2026,14,12,0.0,1.1469600200653076,False,77,0.0,9.59379487037658,3
Travis Homer,RB,2026,2,2026,15,13,0.0,1.144284725189209,False,84,0.0,8.791273212432852,3
Travis Homer,RB,2026,2,2026,16,14,0.0,1.1683342456817627,False,91,0.0,6.781513571739191,3
Travis Homer,RB,2026,2,2026,17,15,0.0,1.2025662660598755,False,98,0.0,4.807060170173604,3
Travis Hunter,WR,2026,2,2026,3,1,0.0,0.7358203530311584,False,0,0.0,15.451580297946911,3
Travis Hunter,WR,2026,2,2026,4,2,0.0,0.5553594827651978,False,7,0.0,14.716671967506402,3
Travis Hunter,WR,2026,2,2026,5,3,0.0,0.641175389289856,False,14,0.0,14.170404648780814,3
Travis Hunter,WR,2026,2,2026,6,4,0.0,0.7546818852424622,False,21,0.0,14.306234371662127,3
Travis Hunter,WR,2026,2,2026,7,5,0.0,0.8064922094345093,False,28,0.0,13.749484825134275,3
Travis Hunter,WR,2026,2,2026,8,6,0.0,0.8774266242980957,False,35,0.0,13.094118595123287,3
Travis Hunter,WR,2026,2,2026,9,7,0.0,0.9394459128379822,False,42,0.0,12.553002011775966,3
Travis Hunter,WR,2026,2,2026,10,8,0.0,0.9890093803405762,False,49,0.0,12.005936908721917,3
Travis Hunter,WR,2026,2,2026,11,9,0.0,1.023595929145813,False,56,0.0,10.929474377632113,3
Travis Hunter,WR,2026,2,2026,12,10,0.0,1.0243065357208252,False,63,0.0,10.295278906822205,3
Travis Hunter,WR,2026,2,2026,13,11,0.0,1.0571889877319336,False,70,0.0,10.059833383560171,3
Travis Hunter,WR,2026,2,2026,14,12,0.0,1.0782239437103271,False,77,0.0,9.5250587940216,3
Travis Hunter,WR,2026,2,2026,15,13,0.0,1.111964225769043,False,84,0.0,8.758952713012686,3
Travis Hunter,WR,2026,2,2026,16,14,0.0,1.1637712717056274,False,91,0.0,6.776950597763055,3
Travis Hunter,WR,2026,2,2026,17,15,0.0,1.2160433530807495,False,98,0.0,4.820537257194478,3
Tre Harris,WR,2026,2,2026,3,1,0.0,4.320828437805176,False,0,0.0,19.03658838272093,3
Tre Harris,WR,2026,2,2026,4,2,0.0,4.347805500030518,False,7,0.0,18.50911798477172,3
Tre Harris,WR,2026,2,2026,5,3,0.0,4.635149002075195,False,14,0.0,18.164378261566153,3
Tre Harris,WR,2026,2,2026,6,4,0.0,4.90069055557251,False,21,0.0,18.452243041992176,3
Tre Harris,WR,2026,2,2026,7,5,0.0,5.198235034942627,False,28,0.0,18.141227650642392,3
Tre Harris,WR,2026,2,2026,8,6,0.0,5.596072673797607,False,35,0.0,17.8127646446228,3
Tre Harris,WR,2026,2,2026,9,7,0.0,5.9767584800720215,False,42,0.0,17.590314579010006,3
Tre Harris,WR,2026,2,2026,10,8,0.0,6.354526519775391,False,49,0.0,17.371454048156732,3
Tre Harris,WR,2026,2,2026,11,9,0.0,6.553948402404785,False,56,0.0,16.459826850891083,3
Tre Harris,WR,2026,2,2026,12,10,0.0,6.66882848739624,False,63,0.0,15.93980085849762,3
Tre Harris,WR,2026,2,2026,13,11,0.0,6.74324369430542,False,70,0.0,15.745888090133658,3
Tre Harris,WR,2026,2,2026,14,12,0.0,6.773553371429443,False,77,0.0,15.220388221740716,3
Tre Harris,WR,2026,2,2026,15,13,0.0,6.765218257904053,False,84,0.0,14.412206745147696,3
Tre Harris,WR,2026,2,2026,16,14,0.0,6.742370128631592,False,91,0.0,12.355549454689019,3
Tre Harris,WR,2026,2,2026,17,15,0.0,6.708378314971924,False,98,0.0,10.312872219085651,3
Tre Tucker,WR,2026,2,2026,3,1,0.0,13.99877643585205,False,0,2.9001609802246087,28.714536380767804,3
Tre Tucker,WR,2026,2,2026,4,2,0.0,13.934216499328613,False,7,0.26692228317260636,28.095528984069816,3
Tre Tucker,WR,2026,2,2026,5,3,0.0,13.902825355529785,False,14,0.0,27.432054615020743,3
Tre Tucker,WR,2026,2,2026,6,4,0.0,14.076011657714844,False,21,0.0,27.62756414413451,3
Tre Tucker,WR,2026,2,2026,7,5,0.0,14.136002540588379,False,28,0.0,27.078995156288144,3
Tre Tucker,WR,2026,2,2026,8,6,0.0,13.941293716430664,False,35,0.0,26.157985687255856,3
Tre Tucker,WR,2026,2,2026,9,7,0.0,13.730217933654785,False,42,0.0,25.34377403259277,3
Tre Tucker,WR,2026,2,2026,10,8,0.0,13.608736038208008,False,49,0.0,24.62566356658935,3
Tre Tucker,WR,2026,2,2026,11,9,0.0,13.491418838500977,False,56,0.0,23.397297286987275,3
Tre Tucker,WR,2026,2,2026,12,10,0.0,13.390450477600098,False,63,0.0,22.661422848701477,3
Tre Tucker,WR,2026,2,2026,13,11,0.0,13.319317817687988,False,70,0.0,22.321962213516226,3
Tre Tucker,WR,2026,2,2026,14,12,0.0,13.25798511505127,False,77,0.0,21.704819965362542,3
Tre Tucker,WR,2026,2,2026,15,13,0.0,13.158514976501465,False,84,0.0,20.805503463745108,3
Tre Tucker,WR,2026,2,2026,16,14,0.0,13.071288108825684,False,91,0.0,18.68446743488311,3
Tre Tucker,WR,2026,2,2026,17,15,0.0,12.997355461120605,False,98,0.0,16.601849365234333,3
TreVeyon Henderson,RB,2026,2,2026,3,1,0.0,12.07730770111084,False,0,0.9786922454833977,26.793067646026593,3
TreVeyon Henderson,RB,2026,2,2026,4,2,0.0,11.927361488342285,False,7,0.0,26.088673973083488,3
TreVeyon Henderson,RB,2026,2,2026,5,3,0.0,11.646880149841309,False,14,0.0,25.176109409332266,3
TreVeyon Henderson,RB,2026,2,2026,6,4,0.0,11.37560749053955,False,21,0.0,24.927159976959217,3
TreVeyon Henderson,RB,2026,2,2026,7,5,0.0,11.056750297546387,False,28,0.0,23.999742913246152,3
TreVeyon Henderson,RB,2026,2,2026,8,6,0.0,10.551275253295898,False,35,0.0,22.76796722412109,3
TreVeyon Henderson,RB,2026,2,2026,9,7,0.0,10.038826942443848,False,42,0.0,21.65238304138183,3
TreVeyon Henderson,RB,2026,2,2026,10,8,0.0,9.58330249786377,False,49,0.0,20.60023002624511,3
TreVeyon Henderson,RB,2026,2,2026,11,9,0.0,9.112191200256348,False,56,0.0,19.018069648742646,3
TreVeyon Henderson,RB,2026,2,2026,12,10,0.0,8.669341087341309,False,63,0.0,17.940313458442688,3
TreVeyon Henderson,RB,2026,2,2026,13,11,0.0,8.263859748840332,False,70,0.0,17.26650414466857,3
TreVeyon Henderson,RB,2026,2,2026,14,12,0.0,7.939502716064453,False,77,0.0,16.386337566375726,3
TreVeyon Henderson,RB,2026,2,2026,15,13,0.0,7.61025857925415,False,84,0.0,15.257247066497793,3
TreVeyon Henderson,RB,2026,2,2026,16,14,0.0,7.371395587921143,False,91,0.0,12.98457491397857,3
TreVeyon Henderson,RB,2026,2,2026,17,15,0.0,7.1834282875061035,False,98,0.0,10.787922191619831,3
Treylon Burks,WR,2026,2,2026,3,1,0.0,1.913232445716858,False,0,0.0,16.62899239063261,3
Treylon Burks,WR,2026,2,2026,4,2,0.0,1.6088205575942993,False,7,0.0,15.770133042335504,3
Treylon Burks,WR,2026,2,2026,5,3,0.0,1.692001461982727,False,14,0.0,15.221230721473685,3
Treylon Burks,WR,2026,2,2026,6,4,0.0,1.7640068531036377,False,21,0.0,15.315559339523302,3
Treylon Burks,WR,2026,2,2026,7,5,0.0,1.790163278579712,False,28,0.0,14.733155894279477,3
Treylon Burks,WR,2026,2,2026,8,6,0.0,1.8769325017929077,False,35,0.0,14.0936244726181,3
Treylon Burks,WR,2026,2,2026,9,7,0.0,1.9906264543533325,False,42,0.0,13.604182553291317,3
Treylon Burks,WR,2026,2,2026,10,8,0.0,2.145020008087158,False,49,0.0,13.1619475364685,3
Treylon Burks,WR,2026,2,2026,11,9,0.0,2.302427291870117,False,56,0.0,12.208305740356417,3
Treylon Burks,WR,2026,2,2026,12,10,0.0,2.480461835861206,False,63,0.0,11.751434206962585,3
Treylon Burks,WR,2026,2,2026,13,11,0.0,2.7228622436523438,False,70,0.0,11.725506639480582,3
Treylon Burks,WR,2026,2,2026,14,12,0.0,2.9342594146728516,False,77,0.0,11.381094264984124,3
Treylon Burks,WR,2026,2,2026,15,13,0.0,3.1806640625,False,84,0.0,10.827652549743643,3
Treylon Burks,WR,2026,2,2026,16,14,0.0,3.3933138847351074,False,91,0.0,9.006493210792534,3
Treylon Burks,WR,2026,2,2026,17,15,0.0,3.5550312995910645,False,98,0.0,7.159525203704793,3
Troy Franklin,WR,2026,2,2026,3,1,0.0,10.998119354248047,False,0,0.0,25.7138792991638,3
Troy Franklin,WR,2026,2,2026,4,2,0.0,10.926127433776855,False,7,0.0,25.087439918518058,3
Troy Franklin,WR,2026,2,2026,5,3,0.0,11.152655601501465,False,14,0.0,24.681884860992422,3
Troy Franklin,WR,2026,2,2026,6,4,0.0,11.41345500946045,False,21,0.0,24.965007495880116,3
Troy Franklin,WR,2026,2,2026,7,5,0.0,11.747612953186035,False,28,0.0,24.6906055688858,3
Troy Franklin,WR,2026,2,2026,8,6,0.0,12.160235404968262,False,35,0.0,24.376927375793453,3
Troy Franklin,WR,2026,2,2026,9,7,0.0,12.572894096374512,False,42,0.0,24.186450195312496,3
Troy Franklin,WR,2026,2,2026,10,8,0.0,12.788254737854004,False,49,0.0,23.805182266235345,3
Troy Franklin,WR,2026,2,2026,11,9,0.0,12.82277774810791,False,56,0.0,22.72865619659421,3
Troy Franklin,WR,2026,2,2026,12,10,0.0,12.819777488708496,False,63,0.0,22.090749859809875,3
Troy Franklin,WR,2026,2,2026,13,11,0.0,12.830437660217285,False,70,0.0,21.833082056045523,3
Troy Franklin,WR,2026,2,2026,14,12,0.0,12.83873176574707,False,77,0.0,21.285566616058343,3
Troy Franklin,WR,2026,2,2026,15,13,0.0,12.808472633361816,False,84,0.0,20.45546112060546,3
Troy Franklin,WR,2026,2,2026,16,14,0.0,12.774792671203613,False,91,0.0,18.38797199726104,3
Troy Franklin,WR,2026,2,2026,17,15,0.0,12.727705955505371,False,98,0.0,16.3321998596191,3
Tutu Atwell,WR,2026,2,2026,3,1,0.0,2.2196567058563232,False,0,0.0,16.935416650772076,3
Tutu Atwell,WR,2026,2,2026,4,2,0.0,2.237642288208008,False,7,0.0,16.39895477294921,3
Tutu Atwell,WR,2026,2,2026,5,3,0.0,2.448331832885742,False,14,0.0,15.9775610923767,3
Tutu Atwell,WR,2026,2,2026,6,4,0.0,2.592900037765503,False,21,0.0,16.14445252418517,3
Tutu Atwell,WR,2026,2,2026,7,5,0.0,2.67368221282959,False,28,0.0,15.616674828529355,3
Tutu Atwell,WR,2026,2,2026,8,6,0.0,2.789297580718994,False,35,0.0,15.005989551544186,3
Tutu Atwell,WR,2026,2,2026,9,7,0.0,2.8893887996673584,False,42,0.0,14.502944898605342,3
Tutu Atwell,WR,2026,2,2026,10,8,0.0,3.0010440349578857,False,49,0.0,14.017971563339227,3
Tutu Atwell,WR,2026,2,2026,11,9,0.0,3.0578689575195312,False,56,0.0,12.963747406005831,3
Tutu Atwell,WR,2026,2,2026,12,10,0.0,3.1063077449798584,False,63,0.0,12.377280116081238,3
Tutu Atwell,WR,2026,2,2026,13,11,0.0,3.1877567768096924,False,70,0.0,12.19040117263793,3
Tutu Atwell,WR,2026,2,2026,14,12,0.0,3.237849712371826,False,77,0.0,11.684684562683099,3
Tutu Atwell,WR,2026,2,2026,15,13,0.0,3.2986090183258057,False,84,0.0,10.945597505569449,3
Tutu Atwell,WR,2026,2,2026,16,14,0.0,3.3504252433776855,False,91,0.0,8.963604569435113,3
Tutu Atwell,WR,2026,2,2026,17,15,0.0,3.3981380462646484,False,98,0.0,7.002631950378377,3
Ty Johnson,RB,2026,2,2026,3,1,0.0,2.031069755554199,False,0,0.0,16.746829700469952,3
Ty Johnson,RB,2026,2,2026,4,2,0.0,1.6289395093917847,False,7,0.0,15.790251994132989,3
Ty Johnson,RB,2026,2,2026,5,3,0.0,1.7210108041763306,False,14,0.0,15.250240063667288,3
Ty Johnson,RB,2026,2,2026,6,4,0.0,1.816758155822754,False,21,0.0,15.368310642242418,3
Ty Johnson,RB,2026,2,2026,7,5,0.0,1.8856114149093628,False,28,0.0,14.828604030609128,3
Ty Johnson,RB,2026,2,2026,8,6,0.0,2.031954526901245,False,35,0.0,14.248646497726437,3
Ty Johnson,RB,2026,2,2026,9,7,0.0,2.2184293270111084,False,42,0.0,13.831985425949092,3
Ty Johnson,RB,2026,2,2026,10,8,0.0,2.477032423019409,False,49,0.0,13.49395995140075,3
Ty Johnson,RB,2026,2,2026,11,9,0.0,2.7637805938720703,False,56,0.0,12.66965904235837,3
Ty Johnson,RB,2026,2,2026,12,10,0.0,3.114443302154541,False,63,0.0,12.38541567325592,3
Ty Johnson,RB,2026,2,2026,13,11,0.0,3.550348997116089,False,70,0.0,12.552993392944327,3
Ty Johnson,RB,2026,2,2026,14,12,0.0,3.954995632171631,False,77,0.0,12.401830482482904,3
Ty Johnson,RB,2026,2,2026,15,13,0.0,4.4000563621521,False,84,0.0,12.047044849395743,3
Ty Johnson,RB,2026,2,2026,16,14,0.0,4.80035924911499,False,91,0.0,10.413538575172417,3
Ty Johnson,RB,2026,2,2026,17,15,0.0,5.109761714935303,False,98,0.0,8.71425561904903,3
Tyjae Spears,RB,2026,2,2026,3,1,0.0,7.260502338409424,False,0,0.0,21.976262283325177,3
Tyjae Spears,RB,2026,2,2026,4,2,0.0,6.783286094665527,False,7,0.0,20.94459857940673,3
Tyjae Spears,RB,2026,2,2026,5,3,0.0,6.865573406219482,False,14,0.0,20.39480266571044,3
Tyjae Spears,RB,2026,2,2026,6,4,0.0,7.102465629577637,False,21,0.0,20.654018115997303,3
Tyjae Spears,RB,2026,2,2026,7,5,0.0,7.4574360847473145,False,28,0.0,20.40042870044708,3
Tyjae Spears,RB,2026,2,2026,8,6,0.0,7.968662261962891,False,35,0.0,20.185354232788082,3
Tyjae Spears,RB,2026,2,2026,9,7,0.0,8.591605186462402,False,42,0.0,20.205161285400386,3
Tyjae Spears,RB,2026,2,2026,10,8,0.0,9.392391204833984,False,49,0.0,20.409318733215326,3
Tyjae Spears,RB,2026,2,2026,11,9,0.0,10.250933647155762,False,56,0.0,20.15681209564206,3
Tyjae Spears,RB,2026,2,2026,12,10,0.0,10.997904777526855,False,63,0.0,20.268877148628235,3
Tyjae Spears,RB,2026,2,2026,13,11,0.0,11.411223411560059,False,70,0.0,20.413867807388296,3
Tyjae Spears,RB,2026,2,2026,14,12,0.0,11.58733081817627,False,77,0.0,20.034165668487542,3
Tyjae Spears,RB,2026,2,2026,15,13,0.0,11.630532264709473,False,84,0.0,19.277520751953116,3
Tyjae Spears,RB,2026,2,2026,16,14,0.0,11.633103370666504,False,91,0.0,17.24628269672393,3
Tyjae Spears,RB,2026,2,2026,17,15,0.0,11.600499153137207,False,98,0.0,15.204993057250935,3
Tylan Wallace,WR,2026,2,2026,3,1,0.0,1.5890096426010132,False,0,0.0,16.304769587516766,3
Tylan Wallace,WR,2026,2,2026,4,2,0.0,1.3777694702148438,False,7,0.0,15.539081954956048,3
Tylan Wallace,WR,2026,2,2026,5,3,0.0,1.4636175632476807,False,14,0.0,14.992846822738638,3
Tylan Wallace,WR,2026,2,2026,6,4,0.0,1.5575429201126099,False,21,0.0,15.109095406532274,3
Tylan Wallace,WR,2026,2,2026,7,5,0.0,1.6039248704910278,False,28,0.0,14.546917486190793,3
Tylan Wallace,WR,2026,2,2026,8,6,0.0,1.6914080381393433,False,35,0.0,13.908100008964535,3
Tylan Wallace,WR,2026,2,2026,9,7,0.0,1.781259536743164,False,42,0.0,13.394815635681148,3
Tylan Wallace,WR,2026,2,2026,10,8,0.0,1.8824323415756226,False,49,0.0,12.899359869956964,3
Tylan Wallace,WR,2026,2,2026,11,9,0.0,1.9589952230453491,False,56,0.0,11.86487367153165,3
Tylan Wallace,WR,2026,2,2026,12,10,0.0,2.020199775695801,False,63,0.0,11.29117214679718,3
Tylan Wallace,WR,2026,2,2026,13,11,0.0,2.124239683151245,False,70,0.0,11.126884078979483,3
Tylan Wallace,WR,2026,2,2026,14,12,0.0,2.2001194953918457,False,77,0.0,10.646954345703119,3
Tylan Wallace,WR,2026,2,2026,15,13,0.0,2.2941195964813232,False,84,0.0,9.941108083724966,3
Tylan Wallace,WR,2026,2,2026,16,14,0.0,2.3821330070495605,False,91,0.0,7.995312333106988,3
Tylan Wallace,WR,2026,2,2026,17,15,0.0,2.4608564376831055,False,98,0.0,6.065350341796834,3
Tyler Allgeier,RB,2026,2,2026,3,1,0.0,3.618729829788208,False,0,0.0,18.33448977470396,3
Tyler Allgeier,RB,2026,2,2026,4,2,0.0,3.0784919261932373,False,7,0.0,17.23980441093444,3
Tyler Allgeier,RB,2026,2,2026,5,3,0.0,2.87109375,False,14,0.0,16.400323009490958,3
Tyler Allgeier,RB,2026,2,2026,6,4,0.0,2.7423839569091797,False,21,0.0,16.293936443328846,3
Tyler Allgeier,RB,2026,2,2026,7,5,0.0,2.594644784927368,False,28,0.0,15.537637400627133,3
Tyler Allgeier,RB,2026,2,2026,8,6,0.0,2.455662250518799,False,35,0.0,14.67235422134399,3
Tyler Allgeier,RB,2026,2,2026,9,7,0.0,2.349430799484253,False,42,0.0,13.962986898422237,3
Tyler Allgeier,RB,2026,2,2026,10,8,0.0,2.285348415374756,False,49,0.0,13.302275943756097,3
Tyler Allgeier,RB,2026,2,2026,11,9,0.0,2.2529149055480957,False,56,0.0,12.158793354034396,3
Tyler Allgeier,RB,2026,2,2026,12,10,0.0,2.225308656692505,False,63,0.0,11.496281027793884,3
Tyler Allgeier,RB,2026,2,2026,13,11,0.0,2.2758724689483643,False,70,0.0,11.278516864776602,3
Tyler Allgeier,RB,2026,2,2026,14,12,0.0,2.342427968978882,False,77,0.0,10.789262819290155,3
Tyler Allgeier,RB,2026,2,2026,15,13,0.0,2.434143543243408,False,84,0.0,10.081132030487051,3
Tyler Allgeier,RB,2026,2,2026,16,14,0.0,2.528630256652832,False,91,0.0,8.141809582710259,3
Tyler Allgeier,RB,2026,2,2026,17,15,0.0,2.6018757820129395,False,98,0.0,6.206369686126668,3
Tyler Badie,RB,2026,2,2026,3,1,0.0,0.8292801380157471,False,0,0.0,15.5450400829315,3
Tyler Badie,RB,2026,2,2026,4,2,0.0,0.7099221348762512,False,7,0.0,14.871234619617455,3
Tyler Badie,RB,2026,2,2026,5,3,0.0,0.7743457555770874,False,14,0.0,14.303575015068045,3
Tyler Badie,RB,2026,2,2026,6,4,0.0,0.8532156348228455,False,21,0.0,14.40476812124251,3
Tyler Badie,RB,2026,2,2026,7,5,0.0,0.878816545009613,False,28,0.0,13.821809160709378,3
Tyler Badie,RB,2026,2,2026,8,6,0.0,0.9142692685127258,False,35,0.0,13.130961239337918,3
Tyler Badie,RB,2026,2,2026,9,7,0.0,0.9323922991752625,False,42,0.0,12.545948398113246,3
Tyler Badie,RB,2026,2,2026,10,8,0.0,0.9379125237464905,False,49,0.0,11.954840052127832,3
Tyler Badie,RB,2026,2,2026,11,9,0.0,0.9245874881744385,False,56,0.0,10.830465936660739,3
Tyler Badie,RB,2026,2,2026,12,10,0.0,0.8819059729576111,False,63,0.0,10.15287834405899,3
Tyler Badie,RB,2026,2,2026,13,11,0.0,0.8640909194946289,False,70,0.0,9.866735315322867,3
Tyler Badie,RB,2026,2,2026,14,12,0.0,0.844348669052124,False,77,0.0,9.291183519363397,3
Tyler Badie,RB,2026,2,2026,15,13,0.0,0.8382992744445801,False,84,0.0,8.485287761688223,3
Tyler Badie,RB,2026,2,2026,16,14,0.0,0.861057698726654,False,91,0.0,6.474237024784082,3
Tyler Badie,RB,2026,2,2026,17,15,0.0,0.8931191563606262,False,98,0.0,4.497613060474355,3
Tyler Goodson,RB,2026,2,2026,3,1,0.0,1.373449444770813,False,0,0.0,16.089209389686566,3
Tyler Goodson,RB,2026,2,2026,4,2,0.0,1.2084373235702515,False,7,0.0,15.369749808311456,3
Tyler Goodson,RB,2026,2,2026,5,3,0.0,1.2877120971679688,False,14,0.0,14.816941356658926,3
Tyler Goodson,RB,2026,2,2026,6,4,0.0,1.3719983100891113,False,21,0.0,14.923550796508776,3
Tyler Goodson,RB,2026,2,2026,7,5,0.0,1.4003862142562866,False,28,0.0,14.343378829956052,3
Tyler Goodson,RB,2026,2,2026,8,6,0.0,1.4526594877243042,False,35,0.0,13.669351458549496,3
Tyler Goodson,RB,2026,2,2026,9,7,0.0,1.500502347946167,False,42,0.0,13.114058446884151,3
Tyler Goodson,RB,2026,2,2026,10,8,0.0,1.5505040884017944,False,49,0.0,12.567431616783136,3
Tyler Goodson,RB,2026,2,2026,11,9,0.0,1.5767301321029663,False,56,0.0,11.482608580589266,3
Tyler Goodson,RB,2026,2,2026,12,10,0.0,1.5776666402816772,False,63,0.0,10.848639011383057,3
Tyler Goodson,RB,2026,2,2026,13,11,0.0,1.610597014427185,False,70,0.0,10.613241410255423,3
Tyler Goodson,RB,2026,2,2026,14,12,0.0,1.623218059539795,False,77,0.0,10.070052909851068,3
Tyler Goodson,RB,2026,2,2026,15,13,0.0,1.6485799551010132,False,84,0.0,9.295568442344656,3
Tyler Goodson,RB,2026,2,2026,16,14,0.0,1.6854768991470337,False,91,0.0,7.298656225204462,3
Tyler Goodson,RB,2026,2,2026,17,15,0.0,1.7215074300765991,False,98,0.0,5.326001334190328,3
Tyquan Thornton,WR,2026,2,2026,3,1,0.0,5.00137186050415,False,0,0.0,19.717131805419903,3
Tyquan Thornton,WR,2026,2,2026,4,2,0.0,4.94070291519165,False,7,0.0,19.102015399932853,3
Tyquan Thornton,WR,2026,2,2026,5,3,0.0,5.202857494354248,False,14,0.0,18.732086753845206,3
Tyquan Thornton,WR,2026,2,2026,6,4,0.0,5.472376346588135,False,21,0.0,19.0239288330078,3
Tyquan Thornton,WR,2026,2,2026,7,5,0.0,5.800480842590332,False,28,0.0,18.743473458290097,3
Tyquan Thornton,WR,2026,2,2026,8,6,0.0,6.250166416168213,False,35,0.0,18.466858386993405,3
Tyquan Thornton,WR,2026,2,2026,9,7,0.0,6.668123722076416,False,42,0.0,18.2816798210144,3
Tyquan Thornton,WR,2026,2,2026,10,8,0.0,7.065300464630127,False,49,0.0,18.082227993011468,3
Tyquan Thornton,WR,2026,2,2026,11,9,0.0,7.2805938720703125,False,56,0.0,17.18647232055661,3
Tyquan Thornton,WR,2026,2,2026,12,10,0.0,7.405898571014404,False,63,0.0,16.676870942115784,3
Tyquan Thornton,WR,2026,2,2026,13,11,0.0,7.457503318786621,False,70,0.0,16.46014771461486,3
Tyquan Thornton,WR,2026,2,2026,14,12,0.0,7.452258110046387,False,77,0.0,15.89909296035766,3
Tyquan Thornton,WR,2026,2,2026,15,13,0.0,7.38525390625,False,84,0.0,15.032242393493643,3
Tyquan Thornton,WR,2026,2,2026,16,14,0.0,7.309667110443115,False,91,0.0,12.922846436500542,3
Tyquan Thornton,WR,2026,2,2026,17,15,0.0,7.22688102722168,False,98,0.0,10.831374931335407,3
Tyrone Tracy Jr.,RB,2026,2,2026,3,1,0.0,13.278751373291016,False,0,2.1801359176635735,27.99451131820677,3
Tyrone Tracy Jr.,RB,2026,2,2026,4,2,0.0,13.151326179504395,False,7,0.0,27.312638664245597,3
Tyrone Tracy Jr.,RB,2026,2,2026,5,3,0.0,13.076521873474121,False,14,0.0,26.60575113296508,3
Tyrone Tracy Jr.,RB,2026,2,2026,6,4,0.0,13.249871253967285,False,21,0.0,26.80142374038695,3
Tyrone Tracy Jr.,RB,2026,2,2026,7,5,0.0,13.59140682220459,False,28,0.0,26.534399437904355,3
Tyrone Tracy Jr.,RB,2026,2,2026,8,6,0.0,13.804947853088379,False,35,0.0,26.02163982391357,3
Tyrone Tracy Jr.,RB,2026,2,2026,9,7,0.0,13.849989891052246,False,42,0.0,25.46354598999023,3
Tyrone Tracy Jr.,RB,2026,2,2026,10,8,0.0,13.864985466003418,False,49,0.0,24.88191299438476,3
Tyrone Tracy Jr.,RB,2026,2,2026,11,9,0.0,13.823655128479004,False,56,0.0,23.729533576965302,3
Tyrone Tracy Jr.,RB,2026,2,2026,12,10,0.0,13.786433219909668,False,63,0.0,23.057405591011047,3
Tyrone Tracy Jr.,RB,2026,2,2026,13,11,0.0,13.771937370300293,False,70,0.0,22.77458176612853,3
Tyrone Tracy Jr.,RB,2026,2,2026,14,12,0.0,13.75870132446289,False,77,0.0,22.205536174774164,3
Tyrone Tracy Jr.,RB,2026,2,2026,15,13,0.0,13.701939582824707,False,84,0.0,21.34892807006835,3
Tyrone Tracy Jr.,RB,2026,2,2026,16,14,0.0,13.631836891174316,False,91,0.0,19.245016217231743,3
Tyrone Tracy Jr.,RB,2026,2,2026,17,15,0.0,13.557474136352539,False,98,0.0,17.161968040466267,3
Velus Jones Jr.,RB,2026,2,2026,3,1,0.0,1.5936282873153687,False,0,0.0,16.30938823223112,3
Velus Jones Jr.,RB,2026,2,2026,4,2,0.0,1.416428804397583,False,7,0.0,15.577741289138787,3
Velus Jones Jr.,RB,2026,2,2026,5,3,0.0,1.5323494672775269,False,14,0.0,15.061578726768484,3
Velus Jones Jr.,RB,2026,2,2026,6,4,0.0,1.6345587968826294,False,21,0.0,15.186111283302294,3
Velus Jones Jr.,RB,2026,2,2026,7,5,0.0,1.6738086938858032,False,28,0.0,14.616801309585568,3
Velus Jones Jr.,RB,2026,2,2026,8,6,0.0,1.7381439208984375,False,35,0.0,13.95483589172363,3
Velus Jones Jr.,RB,2026,2,2026,9,7,0.0,1.799639105796814,False,42,0.0,13.413195204734798,3
Velus Jones Jr.,RB,2026,2,2026,10,8,0.0,1.8684583902359009,False,49,0.0,12.885385918617242,3
Velus Jones Jr.,RB,2026,2,2026,11,9,0.0,1.9130476713180542,False,56,0.0,11.818926119804354,3
Velus Jones Jr.,RB,2026,2,2026,12,10,0.0,1.9384838342666626,False,63,0.0,11.209456205368042,3
Velus Jones Jr.,RB,2026,2,2026,13,11,0.0,2.000009059906006,False,70,0.0,11.002653455734244,3
Velus Jones Jr.,RB,2026,2,2026,14,12,0.0,2.034261465072632,False,77,0.0,10.481096315383905,3
Velus Jones Jr.,RB,2026,2,2026,15,13,0.0,2.081277370452881,False,84,0.0,9.728265857696524,3
Velus Jones Jr.,RB,2026,2,2026,16,14,0.0,2.130340814590454,False,91,0.0,7.743520140647882,3
Velus Jones Jr.,RB,2026,2,2026,17,15,0.0,2.1734838485717773,False,98,0.0,5.777977752685506,3
Wan'Dale Robinson,WR,2026,2,2026,3,1,0.0,13.913071632385254,False,0,2.814456176757812,28.628831577301007,3
Wan'Dale Robinson,WR,2026,2,2026,4,2,0.0,13.7764310836792,False,7,0.1091368675231923,27.9377435684204,3
Wan'Dale Robinson,WR,2026,2,2026,5,3,0.0,13.687981605529785,False,14,0.0,27.217210865020743,3
Wan'Dale Robinson,WR,2026,2,2026,6,4,0.0,13.923541069030762,False,21,0.0,27.475093555450428,3
Wan'Dale Robinson,WR,2026,2,2026,7,5,0.0,14.36583137512207,False,28,0.0,27.308823990821836,3
Wan'Dale Robinson,WR,2026,2,2026,8,6,0.0,14.733963966369629,False,35,0.20056276321411026,26.95065593719482,3
Wan'Dale Robinson,WR,2026,2,2026,9,7,0.0,14.794485092163086,False,42,0.18883237838745082,26.40804119110107,3
Wan'Dale Robinson,WR,2026,2,2026,10,8,0.0,14.815672874450684,False,49,0.16022462844848562,25.832600402832025,3
Wan'Dale Robinson,WR,2026,2,2026,11,9,0.0,14.80333423614502,False,56,0.10151720046997248,24.709212684631318,3
Wan'Dale Robinson,WR,2026,2,2026,12,10,0.0,14.796241760253906,False,63,0.03151483535766708,24.067214131355286,3
Wan'Dale Robinson,WR,2026,2,2026,13,11,0.0,14.797565460205078,False,70,0.0,23.800209856033316,3
Wan'Dale Robinson,WR,2026,2,2026,14,12,0.0,14.770743370056152,False,77,0.0,23.217578220367425,3
Wan'Dale Robinson,WR,2026,2,2026,15,13,0.0,14.72260570526123,False,84,0.0,22.369594192504874,3
Wan'Dale Robinson,WR,2026,2,2026,16,14,0.0,14.640138626098633,False,91,0.0,20.25331795215606,3
Wan'Dale Robinson,WR,2026,2,2026,17,15,0.0,14.5477876663208,False,98,0.0,18.15228157043453,3
Will Shipley,RB,2026,2,2026,3,1,0.0,2.2537989616394043,False,0,0.0,16.969558906555157,3
Will Shipley,RB,2026,2,2026,4,2,0.0,2.239846706390381,False,7,0.0,16.401159191131583,3
Will Shipley,RB,2026,2,2026,5,3,0.0,2.426115036010742,False,14,0.0,15.9553442955017,3
Will Shipley,RB,2026,2,2026,6,4,0.0,2.560321807861328,False,21,0.0,16.111874294280994,3
Will Shipley,RB,2026,2,2026,7,5,0.0,2.6324281692504883,False,28,0.0,15.575420784950254,3
Will Shipley,RB,2026,2,2026,8,6,0.0,2.741384267807007,False,35,0.0,14.958076238632199,3
Will Shipley,RB,2026,2,2026,9,7,0.0,2.8362903594970703,False,42,0.0,14.449846458435054,3
Will Shipley,RB,2026,2,2026,10,8,0.0,2.939114570617676,False,49,0.0,13.956042098999017,3
Will Shipley,RB,2026,2,2026,11,9,0.0,2.988852024078369,False,56,0.0,12.89473047256467,3
Will Shipley,RB,2026,2,2026,12,10,0.0,3.0259017944335938,False,63,0.0,12.296874165534973,3
Will Shipley,RB,2026,2,2026,13,11,0.0,3.102426052093506,False,70,0.0,12.105070447921744,3
Will Shipley,RB,2026,2,2026,14,12,0.0,3.1558525562286377,False,77,0.0,11.60268740653991,3
Will Shipley,RB,2026,2,2026,15,13,0.0,3.2203445434570312,False,84,0.0,10.867333030700674,3
Will Shipley,RB,2026,2,2026,16,14,0.0,3.282005548477173,False,91,0.0,8.8951848745346,3
Will Shipley,RB,2026,2,2026,17,15,0.0,3.3405065536499023,False,98,0.0,6.945000457763631,3
Woody Marks,RB,2026,2,2026,3,1,0.0,9.309942245483398,False,0,0.0,24.02570219039915,3
Woody Marks,RB,2026,2,2026,4,2,0.0,9.270302772521973,False,7,0.0,23.431615257263175,3
Woody Marks,RB,2026,2,2026,5,3,0.0,9.363515853881836,False,14,0.0,22.892745113372793,3
Woody Marks,RB,2026,2,2026,6,4,0.0,9.52719783782959,False,21,0.0,23.078750324249256,3
Woody Marks,RB,2026,2,2026,7,5,0.0,9.696141242980957,False,28,0.0,22.639133858680722,3
Woody Marks,RB,2026,2,2026,8,6,0.0,9.746548652648926,False,35,0.0,21.963240623474118,3
Woody Marks,RB,2026,2,2026,9,7,0.0,9.70063304901123,False,42,0.0,21.314189147949214,3
Woody Marks,RB,2026,2,2026,10,8,0.0,9.620461463928223,False,49,0.0,20.637388992309564,3
Woody Marks,RB,2026,2,2026,11,9,0.0,9.433367729187012,False,56,0.0,19.33924617767331,3
Woody Marks,RB,2026,2,2026,12,10,0.0,9.248332023620605,False,63,0.0,18.519304394721985,3
Woody Marks,RB,2026,2,2026,13,11,0.0,9.08205795288086,False,70,0.0,18.084702348709097,3
Woody Marks,RB,2026,2,2026,14,12,0.0,8.946564674377441,False,77,0.0,17.393399524688714,3
Woody Marks,RB,2026,2,2026,15,13,0.0,8.768109321594238,False,84,0.0,16.41509780883788,3
Woody Marks,RB,2026,2,2026,16,14,0.0,8.61630630493164,False,91,0.0,14.229485630989068,3
Woody Marks,RB,2026,2,2026,17,15,0.0,8.463549613952637,False,98,0.0,12.068043518066364,3
Xavier Hutchinson,WR,2026,2,2026,3,1,0.0,9.177206993103027,False,0,0.0,23.89296693801878,3
Xavier Hutchinson,WR,2026,2,2026,4,2,0.0,9.258350372314453,False,7,0.0,23.419662857055656,3
Xavier Hutchinson,WR,2026,2,2026,5,3,0.0,9.409305572509766,False,14,0.0,22.938534832000723,3
Xavier Hutchinson,WR,2026,2,2026,6,4,0.0,9.593116760253906,False,21,0.0,23.144669246673573,3
Xavier Hutchinson,WR,2026,2,2026,7,5,0.0,9.63148021697998,False,28,0.0,22.574472832679746,3
Xavier Hutchinson,WR,2026,2,2026,8,6,0.0,9.424921989440918,False,35,0.0,21.64161396026611,3
Xavier Hutchinson,WR,2026,2,2026,9,7,0.0,9.11581802368164,False,42,0.0,20.729374122619625,3
Xavier Hutchinson,WR,2026,2,2026,10,8,0.0,8.834891319274902,False,49,0.0,19.851818847656244,3
Xavier Hutchinson,WR,2026,2,2026,11,9,0.0,8.476823806762695,False,56,0.0,18.382702255248994,3
Xavier Hutchinson,WR,2026,2,2026,12,10,0.0,8.149262428283691,False,63,0.0,17.42023479938507,3
Xavier Hutchinson,WR,2026,2,2026,13,11,0.0,7.863932132720947,False,70,0.0,16.866576528549185,3
Xavier Hutchinson,WR,2026,2,2026,14,12,0.0,7.632058620452881,False,77,0.0,16.078893470764154,3
Xavier Hutchinson,WR,2026,2,2026,15,13,0.0,7.396422863006592,False,84,0.0,15.043411350250235,3
Xavier Hutchinson,WR,2026,2,2026,16,14,0.0,7.200528621673584,False,91,0.0,12.813707947731011,3
Xavier Hutchinson,WR,2026,2,2026,17,15,0.0,7.033680438995361,False,98,0.0,10.638174343109089,3
Xavier Legette,WR,2026,2,2026,3,1,0.0,3.5797829627990723,False,0,0.0,18.295542907714825,3
Xavier Legette,WR,2026,2,2026,4,2,0.0,3.4301955699920654,False,7,0.0,17.591508054733268,3
Xavier Legette,WR,2026,2,2026,5,3,0.0,3.56497859954834,False,14,0.0,17.094207859039297,3
Xavier Legette,WR,2026,2,2026,6,4,0.0,3.674217700958252,False,21,0.0,17.22577018737792,3
Xavier Legette,WR,2026,2,2026,7,5,0.0,3.7540431022644043,False,28,0.0,16.69703571796417,3
Xavier Legette,WR,2026,2,2026,8,6,0.0,3.8989241123199463,False,35,0.0,16.115616083145138,3
Xavier Legette,WR,2026,2,2026,9,7,0.0,4.067774295806885,False,42,0.0,15.681330394744869,3
Xavier Legette,WR,2026,2,2026,10,8,0.0,4.281223773956299,False,49,0.0,15.29815130233764,3
Xavier Legette,WR,2026,2,2026,11,9,0.0,4.451329231262207,False,56,0.0,14.357207679748507,3
Xavier Legette,WR,2026,2,2026,12,10,0.0,4.629978179931641,False,63,0.0,13.90095055103302,3
Xavier Legette,WR,2026,2,2026,13,11,0.0,4.8495306968688965,False,70,0.0,13.852175092697134,3
Xavier Legette,WR,2026,2,2026,14,12,0.0,5.026965618133545,False,77,0.0,13.473800468444818,3
Xavier Legette,WR,2026,2,2026,15,13,0.0,5.181306838989258,False,84,0.0,12.828295326232901,3
Xavier Legette,WR,2026,2,2026,16,14,0.0,5.286010265350342,False,91,0.0,10.899189591407769,3
Xavier Legette,WR,2026,2,2026,17,15,0.0,5.3445940017700195,False,98,0.0,8.949087905883747,3
Xavier Smith,WR,2026,2,2026,3,1,0.0,3.883950710296631,False,0,0.0,18.599710655212384,3
Xavier Smith,WR,2026,2,2026,4,2,0.0,3.5503082275390625,False,7,0.0,17.711620712280265,3
Xavier Smith,WR,2026,2,2026,5,3,0.0,3.701976776123047,False,14,0.0,17.231206035614004,3
Xavier Smith,WR,2026,2,2026,6,4,0.0,3.8775038719177246,False,21,0.0,17.42905635833739,3
Xavier Smith,WR,2026,2,2026,7,5,0.0,4.132680416107178,False,28,0.0,17.075673031806943,3
Xavier Smith,WR,2026,2,2026,8,6,0.0,4.557661056518555,False,35,0.0,16.774353027343746,3
Xavier Smith,WR,2026,2,2026,9,7,0.0,5.070370197296143,False,42,0.0,16.683926296234127,3
Xavier Smith,WR,2026,2,2026,10,8,0.0,5.714430332183838,False,49,0.0,16.73135786056518,3
Xavier Smith,WR,2026,2,2026,11,9,0.0,6.372071743011475,False,56,0.0,16.277950191497773,3
Xavier Smith,WR,2026,2,2026,12,10,0.0,7.156588554382324,False,63,0.0,16.427560925483704,3
Xavier Smith,WR,2026,2,2026,13,11,0.0,7.997843265533447,False,70,0.0,17.000487661361685,3
Xavier Smith,WR,2026,2,2026,14,12,0.0,8.674765586853027,False,77,0.0,17.1216004371643,3
Xavier Smith,WR,2026,2,2026,15,13,0.0,9.059409141540527,False,84,0.0,16.70639762878417,3
Xavier Smith,WR,2026,2,2026,16,14,0.0,9.203600883483887,False,91,0.0,14.816780209541314,3
Xavier Smith,WR,2026,2,2026,17,15,0.0,9.19187068939209,False,98,0.0,12.796364593505817,3
Xavier Worthy,WR,2026,2,2026,3,1,0.0,5.796355724334717,False,0,0.0,20.51211566925047,3
Xavier Worthy,WR,2026,2,2026,4,2,0.0,5.4410529136657715,False,7,0.0,19.602365398406974,3
Xavier Worthy,WR,2026,2,2026,5,3,0.0,5.326481342315674,False,14,0.0,18.85571060180663,3
Xavier Worthy,WR,2026,2,2026,6,4,0.0,5.257513999938965,False,21,0.0,18.80906648635863,3
Xavier Worthy,WR,2026,2,2026,7,5,0.0,5.148454666137695,False,28,0.0,18.09144728183746,3
Xavier Worthy,WR,2026,2,2026,8,6,0.0,5.012810230255127,False,35,0.0,17.22950220108032,3
Xavier Worthy,WR,2026,2,2026,9,7,0.0,4.910416603088379,False,42,0.0,16.523972702026363,3
Xavier Worthy,WR,2026,2,2026,10,8,0.0,4.89822244644165,False,49,0.0,15.915149974822992,3
Xavier Worthy,WR,2026,2,2026,11,9,0.0,4.898972511291504,False,56,0.0,14.804850959777804,3
Xavier Worthy,WR,2026,2,2026,12,10,0.0,4.9461870193481445,False,63,0.0,14.217159390449524,3
Xavier Worthy,WR,2026,2,2026,13,11,0.0,5.0518975257873535,False,70,0.0,14.054541921615591,3
Xavier Worthy,WR,2026,2,2026,14,12,0.0,5.147491455078125,False,77,0.0,13.594326305389398,3
Xavier Worthy,WR,2026,2,2026,15,13,0.0,5.188807964324951,False,84,0.0,12.835796451568594,3
Xavier Worthy,WR,2026,2,2026,16,14,0.0,5.211777687072754,False,91,0.0,10.82495701313018,3
Xavier Worthy,WR,2026,2,2026,17,15,0.0,5.216785907745361,False,98,0.0,8.821279811859089,3
Zachariah Branch,WR,2026,2,2026,3,1,0.0,1.1159358024597168,False,0,0.0,15.83169574737547,3
Zachariah Branch,WR,2026,2,2026,4,2,0.0,0.8452567458152771,False,7,0.0,15.006569230556481,3
Zachariah Branch,WR,2026,2,2026,5,3,0.0,0.892582356929779,False,14,0.0,14.421811616420737,3
Zachariah Branch,WR,2026,2,2026,6,4,0.0,0.9591514468193054,False,21,0.0,14.51070393323897,3
Zachariah Branch,WR,2026,2,2026,7,5,0.0,0.9838272333145142,False,28,0.0,13.92681984901428,3
Zachariah Branch,WR,2026,2,2026,8,6,0.0,1.0509440898895264,False,35,0.0,13.267636060714718,3
Zachariah Branch,WR,2026,2,2026,9,7,0.0,1.1264376640319824,False,42,0.0,12.739993762969966,3
Zachariah Branch,WR,2026,2,2026,10,8,0.0,1.2133558988571167,False,49,0.0,12.230283427238458,3
Zachariah Branch,WR,2026,2,2026,11,9,0.0,1.292944073677063,False,56,0.0,11.198822522163363,3
Zachariah Branch,WR,2026,2,2026,12,10,0.0,1.3619415760040283,False,63,0.0,10.632913947105408,3
Zachariah Branch,WR,2026,2,2026,13,11,0.0,1.4743945598602295,False,70,0.0,10.477038955688467,3
Zachariah Branch,WR,2026,2,2026,14,12,0.0,1.5572341680526733,False,77,0.0,10.004069018363946,3
Zachariah Branch,WR,2026,2,2026,15,13,0.0,1.6659990549087524,False,84,0.0,9.312987542152396,3
Zachariah Branch,WR,2026,2,2026,16,14,0.0,1.766333818435669,False,91,0.0,7.379513144493097,3
Zachariah Branch,WR,2026,2,2026,17,15,0.0,1.841435432434082,False,98,0.0,5.4459293365478105,3
Zavion Thomas,WR,2026,2,2026,3,1,0.0,1.812971830368042,False,0,0.0,16.528731775283795,3
Zavion Thomas,WR,2026,2,2026,4,2,0.0,1.491442322731018,False,7,0.0,15.652754807472222,3
Zavion Thomas,WR,2026,2,2026,5,3,0.0,1.5410670042037964,False,14,0.0,15.070296263694754,3
Zavion Thomas,WR,2026,2,2026,6,4,0.0,1.5980278253555298,False,21,0.0,15.149580311775194,3
Zavion Thomas,WR,2026,2,2026,7,5,0.0,1.6233898401260376,False,28,0.0,14.566382455825803,3
Zavion Thomas,WR,2026,2,2026,8,6,0.0,1.697610855102539,False,35,0.0,13.91430282592773,3
Zavion Thomas,WR,2026,2,2026,9,7,0.0,1.7818325757980347,False,42,0.0,13.395388674736019,3
Zavion Thomas,WR,2026,2,2026,10,8,0.0,1.8933063745498657,False,49,0.0,12.910233902931207,3
Zavion Thomas,WR,2026,2,2026,11,9,0.0,1.9921684265136719,False,56,0.0,11.898046874999972,3
Zavion Thomas,WR,2026,2,2026,12,10,0.0,2.087963581085205,False,63,0.0,11.358935952186584,3
Zavion Thomas,WR,2026,2,2026,13,11,0.0,2.223550319671631,False,70,0.0,11.226194715499869,3
Zavion Thomas,WR,2026,2,2026,14,12,0.0,2.313903570175171,False,77,0.0,10.760738420486444,3
Zavion Thomas,WR,2026,2,2026,15,13,0.0,2.4177331924438477,False,84,0.0,10.06472167968749,3
Zavion Thomas,WR,2026,2,2026,16,14,0.0,2.4924964904785156,False,91,0.0,8.105675816535943,3
Zavion Thomas,WR,2026,2,2026,17,15,0.0,2.5306150913238525,False,98,0.0,6.135108995437581,3
Zay Flowers,WR,2026,2,2026,3,1,0.0,13.800215721130371,False,0,2.701600265502929,28.515975666046124,3
Zay Flowers,WR,2026,2,2026,4,2,0.0,13.848292350769043,False,7,0.18099813461303604,28.009604835510245,3
Zay Flowers,WR,2026,2,2026,5,3,0.0,13.820097923278809,False,14,0.0,27.349327182769766,3
Zay Flowers,WR,2026,2,2026,6,4,0.0,13.91064739227295,False,21,0.0,27.462199878692616,3
Zay Flowers,WR,2026,2,2026,7,5,0.0,14.104657173156738,False,28,0.0,27.047649788856504,3
Zay Flowers,WR,2026,2,2026,8,6,0.0,14.468901634216309,False,35,0.0,26.6855936050415,3
Zay Flowers,WR,2026,2,2026,9,7,0.0,14.912453651428223,False,42,0.30680093765258754,26.526009750366207,3
Zay Flowers,WR,2026,2,2026,10,8,0.0,15.186043739318848,False,49,0.5305954933166497,26.20297126770019,3
Zay Flowers,WR,2026,2,2026,11,9,0.0,15.237853050231934,False,56,0.5360360145568865,25.143731498718232,3
Zay Flowers,WR,2026,2,2026,12,10,0.0,15.247095108032227,False,63,0.4823681831359874,24.518067479133606,3
Zay Flowers,WR,2026,2,2026,13,11,0.0,15.253698348999023,False,70,0.4424246788024906,24.25634274482726,3
Zay Flowers,WR,2026,2,2026,14,12,0.0,15.228853225708008,False,77,0.3860482215881351,23.67568807601928,3
Zay Flowers,WR,2026,2,2026,15,13,0.0,15.174723625183105,False,84,0.32212610244750906,22.82171211242675,3
Zay Flowers,WR,2026,2,2026,16,14,0.0,15.078969955444336,False,91,0.19567708969116282,20.692149281501763,3
Zay Flowers,WR,2026,2,2026,17,15,0.0,14.981767654418945,False,98,0.10277643203735387,18.586261558532673,3
